timestamp,assetId,temperature,vibration,powerOutput,generatorLoad,fuelLevel,coolantTemperature,batteryVoltage,state_label,failure_within_horizon
2026-01-01T00:00:00,DG-001,84.3,0.343,415.2,83.3,89.3,76.43,25.17,NORMAL,0
2026-01-01T01:00:00,DG-001,81.77,0.277,371.6,74.8,62.0,75.52,25.91,NORMAL,0
2026-01-01T02:00:00,DG-001,79.5,0.236,296.4,60.2,82.8,73.4,26.37,NORMAL,0
2026-01-01T03:00:00,DG-001,80.98,0.242,334.2,68.0,95.9,75.82,25.2,NORMAL,0
2026-01-01T04:00:00,DG-001,108.98,1.347,464.7,105.2,6.5,103.48,21.98,FAILURE_PRECURSOR,1
2026-01-01T05:00:00,DG-001,108.24,1.33,417.9,91.5,13.3,100.23,22.19,FAILURE_PRECURSOR,1
2026-01-01T06:00:00,DG-001,112.87,0.871,474.8,104.4,42.3,103.42,21.09,FAILURE_PRECURSOR,1
2026-01-01T07:00:00,DG-001,78.61,0.163,299.8,59.8,81.7,75.37,27.19,NORMAL,0
2026-01-01T08:00:00,DG-001,82.59,0.15,318.2,62.5,78.4,74.83,25.98,NORMAL,0
2026-01-01T09:00:00,DG-001,82.49,0.21,404.9,81.1,81.7,77.46,26.68,NORMAL,0
2026-01-01T10:00:00,DG-001,83.02,0.217,341.2,68.3,92.6,74.04,26.53,NORMAL,0
2026-01-01T11:00:00,DG-001,83.0,0.189,325.5,64.4,94.4,74.94,25.48,NORMAL,0
2026-01-01T12:00:00,DG-001,97.3,0.661,412.9,87.7,55.5,89.54,25.68,WARNING,0
2026-01-01T13:00:00,DG-001,97.53,0.468,441.1,92.9,15.5,91.2,25.58,WARNING,0
2026-01-01T14:00:00,DG-001,81.02,0.209,321.6,64.6,61.5,75.62,25.97,NORMAL,0
2026-01-01T15:00:00,DG-001,81.02,0.225,305.3,62.7,68.8,73.95,25.11,NORMAL,0
2026-01-01T16:00:00,DG-001,78.69,0.227,257.7,51.8,98.9,73.57,26.47,NORMAL,0
2026-01-01T17:00:00,DG-001,81.72,0.208,371.5,73.5,70.7,75.08,26.9,NORMAL,0
2026-01-01T18:00:00,DG-001,82.39,0.182,270.4,53.2,61.0,75.96,25.05,NORMAL,0
2026-01-01T19:00:00,DG-001,83.57,0.272,358.3,72.6,47.3,76.43,25.41,NORMAL,0
2026-01-01T20:00:00,DG-001,83.0,0.247,414.6,82.4,62.4,77.63,26.67,NORMAL,0
2026-01-01T21:00:00,DG-001,81.12,0.135,272.2,53.3,91.0,75.56,27.69,NORMAL,0
2026-01-01T22:00:00,DG-001,96.44,0.425,426.0,87.8,27.1,87.71,23.02,WARNING,0
2026-01-01T23:00:00,DG-001,80.63,0.281,366.2,74.2,79.7,76.72,25.98,NORMAL,0
2026-01-02T00:00:00,DG-001,84.21,0.354,397.4,79.7,39.5,75.62,25.8,NORMAL,0
2026-01-02T01:00:00,DG-001,110.05,1.436,451.5,94.8,13.8,109.95,21.97,FAILURE_PRECURSOR,1
2026-01-02T02:00:00,DG-001,81.12,0.222,298.4,59.8,97.1,74.66,27.9,NORMAL,0
2026-01-02T03:00:00,DG-001,98.61,0.516,381.6,80.9,56.8,89.37,23.51,WARNING,0
2026-01-02T04:00:00,DG-001,107.71,1.292,465.4,102.4,36.4,107.35,22.96,FAILURE_PRECURSOR,1
2026-01-02T05:00:00,DG-001,81.34,0.27,309.9,62.6,60.9,75.31,27.74,NORMAL,0
2026-01-02T06:00:00,DG-001,83.18,0.322,394.6,77.9,50.0,76.47,26.01,NORMAL,0
2026-01-02T07:00:00,DG-001,82.29,0.238,348.5,70.2,22.4,73.83,26.77,NORMAL,0
2026-01-02T08:00:00,DG-001,83.42,0.213,392.3,78.8,69.8,77.86,25.65,NORMAL,0
2026-01-02T09:00:00,DG-001,80.37,0.323,268.3,51.8,61.3,75.51,27.93,NORMAL,0
2026-01-02T10:00:00,DG-001,84.03,0.233,380.8,77.8,32.5,75.45,25.52,NORMAL,0
2026-01-02T11:00:00,DG-001,84.41,0.286,352.4,69.2,53.6,75.92,26.84,NORMAL,0
2026-01-02T12:00:00,DG-001,83.72,0.213,321.7,62.5,33.9,74.98,26.42,NORMAL,0
2026-01-02T13:00:00,DG-001,80.0,0.305,326.4,63.9,60.3,74.99,26.88,NORMAL,0
2026-01-02T14:00:00,DG-001,97.29,0.449,426.2,88.2,58.9,87.92,23.08,WARNING,0
2026-01-02T15:00:00,DG-001,114.67,1.167,410.1,99.4,48.3,106.31,21.54,FAILURE_PRECURSOR,1
2026-01-02T16:00:00,DG-001,108.7,0.855,413.0,89.9,19.4,102.74,20.28,FAILURE_PRECURSOR,1
2026-01-02T17:00:00,DG-001,95.14,0.435,375.0,75.5,70.1,88.97,25.63,WARNING,0
2026-01-02T18:00:00,DG-001,100.0,0.453,398.3,80.6,45.9,88.98,25.97,WARNING,0
2026-01-02T19:00:00,DG-001,83.54,0.244,384.8,77.2,80.4,77.27,27.25,NORMAL,0
2026-01-02T20:00:00,DG-001,85.12,0.264,411.4,81.6,20.9,76.22,26.17,NORMAL,0
2026-01-02T21:00:00,DG-001,109.06,1.56,388.9,87.3,18.2,107.55,21.79,FAILURE_PRECURSOR,1
2026-01-02T22:00:00,DG-001,83.95,0.286,371.0,73.5,55.3,75.18,26.65,NORMAL,0
2026-01-02T23:00:00,DG-001,97.29,0.435,399.9,82.0,22.6,87.36,24.85,WARNING,0
2026-01-03T00:00:00,DG-001,81.75,0.261,365.4,74.5,95.8,74.56,27.44,NORMAL,0
2026-01-03T01:00:00,DG-001,108.42,1.422,460.9,103.8,10.0,101.31,23.63,FAILURE_PRECURSOR,1
2026-01-03T02:00:00,DG-001,82.39,0.167,251.7,50.4,97.0,75.3,26.75,NORMAL,0
2026-01-03T03:00:00,DG-001,82.16,0.203,302.3,60.0,25.9,74.87,27.98,NORMAL,0
2026-01-03T04:00:00,DG-001,84.87,0.382,421.7,83.9,66.7,76.28,26.88,NORMAL,0
2026-01-03T05:00:00,DG-001,113.5,1.025,453.3,86.1,13.5,102.0,21.11,FAILURE_PRECURSOR,1
2026-01-03T06:00:00,DG-001,80.1,0.232,313.5,62.4,85.1,76.87,25.93,NORMAL,0
2026-01-03T07:00:00,DG-001,78.59,0.303,284.4,55.7,32.0,73.99,27.96,NORMAL,0
2026-01-03T08:00:00,DG-001,81.16,0.289,308.7,63.3,89.2,74.47,25.17,NORMAL,0
2026-01-03T09:00:00,DG-001,99.26,0.631,456.7,95.0,86.6,89.03,23.39,WARNING,0
2026-01-03T10:00:00,DG-001,78.4,0.269,297.7,58.0,61.6,73.81,27.01,NORMAL,0
2026-01-03T11:00:00,DG-001,97.2,0.656,440.8,85.4,45.3,91.17,25.63,WARNING,0
2026-01-03T12:00:00,DG-001,81.07,0.27,250.2,51.0,21.2,74.77,25.41,NORMAL,0
2026-01-03T13:00:00,DG-001,80.29,0.139,351.9,70.6,82.7,76.37,26.54,NORMAL,0
2026-01-03T14:00:00,DG-001,79.62,0.241,360.8,71.8,46.3,75.71,26.48,NORMAL,0
2026-01-03T15:00:00,DG-001,81.39,0.17,289.5,58.4,57.9,73.61,27.69,NORMAL,0
2026-01-03T16:00:00,DG-001,79.81,0.172,279.6,56.0,49.1,73.45,25.62,NORMAL,0
2026-01-03T17:00:00,DG-001,81.37,0.259,370.3,74.2,79.9,75.71,27.42,NORMAL,0
2026-01-03T18:00:00,DG-001,80.32,0.1,279.1,57.3,79.8,75.95,26.39,NORMAL,0
2026-01-03T19:00:00,DG-001,81.75,0.233,309.6,58.8,55.8,75.83,25.32,NORMAL,0
2026-01-03T20:00:00,DG-001,79.71,0.146,289.2,58.5,91.2,73.6,25.36,NORMAL,0
2026-01-03T21:00:00,DG-001,82.36,0.322,369.2,73.8,79.6,75.04,26.76,NORMAL,0
2026-01-03T22:00:00,DG-001,79.13,0.14,277.0,54.5,98.9,76.27,26.07,NORMAL,0
2026-01-03T23:00:00,DG-001,79.85,0.192,288.6,58.3,91.7,73.8,25.52,NORMAL,0
2026-01-04T00:00:00,DG-001,82.24,0.234,340.6,68.4,89.2,74.56,27.91,NORMAL,0
2026-01-04T01:00:00,DG-001,98.03,0.679,370.1,80.2,72.7,91.08,23.84,WARNING,0
2026-01-04T02:00:00,DG-001,83.56,0.237,292.9,61.3,43.1,74.45,26.83,NORMAL,0
2026-01-04T03:00:00,DG-001,80.08,0.35,269.0,55.4,25.1,74.28,25.4,NORMAL,0
2026-01-04T04:00:00,DG-001,107.74,1.448,443.8,93.1,31.8,102.05,23.04,FAILURE_PRECURSOR,1
2026-01-04T05:00:00,DG-001,82.31,0.219,323.9,64.4,34.5,74.55,27.82,NORMAL,0
2026-01-04T06:00:00,DG-001,84.35,0.265,381.4,75.9,33.1,75.66,25.6,NORMAL,0
2026-01-04T07:00:00,DG-001,83.29,0.361,396.9,78.5,85.3,75.95,26.18,NORMAL,0
2026-01-04T08:00:00,DG-001,78.51,0.209,316.1,63.2,92.0,76.73,25.7,NORMAL,0
2026-01-04T09:00:00,DG-001,82.26,0.277,337.7,69.0,83.5,76.67,25.42,NORMAL,0
2026-01-04T10:00:00,DG-001,82.14,0.25,341.1,68.7,79.5,74.64,25.75,NORMAL,0
2026-01-04T11:00:00,DG-001,82.71,0.257,354.9,69.9,87.7,75.09,25.33,NORMAL,0
2026-01-04T12:00:00,DG-001,80.72,0.247,323.3,63.9,71.3,74.19,27.16,NORMAL,0
2026-01-04T13:00:00,DG-001,80.74,0.176,336.1,69.0,95.8,77.02,26.39,NORMAL,0
2026-01-04T14:00:00,DG-001,85.72,0.247,353.1,70.5,93.8,76.37,27.09,NORMAL,0
2026-01-04T15:00:00,DG-001,83.36,0.278,284.7,55.3,94.0,73.92,27.8,NORMAL,0
2026-01-04T16:00:00,DG-001,80.48,0.263,261.4,54.0,46.8,75.85,25.16,NORMAL,0
2026-01-04T17:00:00,DG-001,94.24,0.561,335.6,75.1,70.3,87.16,24.04,WARNING,0
2026-01-04T18:00:00,DG-001,81.73,0.159,288.6,57.9,93.2,74.62,26.26,NORMAL,0
2026-01-04T19:00:00,DG-001,80.05,0.19,354.2,70.3,60.2,74.83,27.99,NORMAL,0
2026-01-04T20:00:00,DG-001,79.99,0.166,265.1,52.3,22.9,74.07,25.57,NORMAL,0
2026-01-04T21:00:00,DG-001,82.21,0.309,335.6,69.8,32.4,73.5,26.68,NORMAL,0
2026-01-04T22:00:00,DG-001,81.16,0.253,403.5,80.2,22.0,77.25,26.23,NORMAL,0
2026-01-04T23:00:00,DG-001,80.52,0.246,375.4,75.1,21.6,75.3,27.02,NORMAL,0
2026-01-05T00:00:00,DG-001,81.71,0.281,384.7,78.0,77.8,75.89,25.73,NORMAL,0
2026-01-05T01:00:00,DG-001,98.28,0.519,423.5,91.6,82.2,90.08,23.88,WARNING,0
2026-01-05T02:00:00,DG-001,80.79,0.143,269.6,53.0,47.3,74.05,27.45,NORMAL,0
2026-01-05T03:00:00,DG-001,78.99,0.257,310.0,63.3,54.9,76.82,26.66,NORMAL,0
2026-01-05T04:00:00,DG-001,82.5,0.286,415.8,83.2,84.0,77.76,27.68,NORMAL,0
2026-01-05T05:00:00,DG-001,80.54,0.116,247.2,50.8,86.8,74.81,25.42,NORMAL,0
2026-01-05T06:00:00,DG-001,108.1,0.815,418.3,98.1,34.3,101.56,22.22,FAILURE_PRECURSOR,1
2026-01-05T07:00:00,DG-001,97.97,0.403,383.7,79.1,64.9,89.39,24.8,WARNING,0
2026-01-05T08:00:00,DG-001,80.44,0.2,406.9,82.0,79.0,76.59,25.5,NORMAL,0
2026-01-05T09:00:00,DG-001,81.19,0.172,350.9,71.1,43.8,74.34,27.16,NORMAL,0
2026-01-05T10:00:00,DG-001,82.41,0.243,329.0,66.7,41.0,76.03,25.09,NORMAL,0
2026-01-05T11:00:00,DG-001,84.02,0.199,264.7,51.8,26.0,73.44,25.32,NORMAL,0
2026-01-05T12:00:00,DG-001,80.79,0.325,340.2,67.3,75.6,74.82,27.4,NORMAL,0
2026-01-05T13:00:00,DG-001,80.98,0.229,352.9,70.7,63.4,76.27,25.56,NORMAL,0
2026-01-05T14:00:00,DG-001,99.57,0.608,446.5,89.6,31.6,88.28,24.47,WARNING,0
2026-01-05T15:00:00,DG-001,113.19,0.832,501.6,108.6,30.6,106.28,20.72,FAILURE_PRECURSOR,1
2026-01-05T16:00:00,DG-001,104.63,1.54,417.9,85.8,19.4,105.84,23.38,FAILURE_PRECURSOR,1
2026-01-05T17:00:00,DG-001,96.2,0.579,357.0,75.7,67.2,87.11,23.23,WARNING,0
2026-01-05T18:00:00,DG-001,82.26,0.229,384.1,75.4,70.1,76.23,25.96,NORMAL,0
2026-01-05T19:00:00,DG-001,98.26,0.682,435.1,87.3,51.0,90.57,24.21,WARNING,0
2026-01-05T20:00:00,DG-001,82.03,0.177,394.1,80.6,48.4,75.57,25.33,NORMAL,0
2026-01-05T21:00:00,DG-001,82.23,0.124,295.8,60.4,82.9,73.76,27.85,NORMAL,0
2026-01-05T22:00:00,DG-001,82.49,0.345,319.8,64.6,38.5,76.34,26.54,NORMAL,0
2026-01-05T23:00:00,DG-001,83.2,0.243,285.5,57.7,90.7,74.12,27.91,NORMAL,0
2026-01-06T00:00:00,DG-001,110.98,0.939,537.0,109.9,11.9,104.85,22.78,FAILURE_PRECURSOR,1
2026-01-06T01:00:00,DG-001,97.33,0.578,358.8,79.5,34.9,86.69,25.63,WARNING,0
2026-01-06T02:00:00,DG-001,83.36,0.289,410.9,81.1,49.8,75.64,26.23,NORMAL,0
2026-01-06T03:00:00,DG-001,82.69,0.209,376.6,75.3,88.1,76.72,25.23,NORMAL,0
2026-01-06T04:00:00,DG-001,80.09,0.294,335.8,66.8,41.4,76.67,26.7,NORMAL,0
2026-01-06T05:00:00,DG-001,96.38,0.598,448.9,90.9,66.0,89.86,25.09,WARNING,0
2026-01-06T06:00:00,DG-001,82.38,0.26,387.8,76.3,85.4,75.29,25.48,NORMAL,0
2026-01-06T07:00:00,DG-001,98.15,0.59,409.4,85.1,73.5,89.64,24.62,WARNING,0
2026-01-06T08:00:00,DG-001,80.64,0.28,383.4,76.6,28.2,77.34,27.8,NORMAL,0
2026-01-06T09:00:00,DG-001,106.01,0.854,492.1,102.2,31.2,103.17,20.27,FAILURE_PRECURSOR,1
2026-01-06T10:00:00,DG-001,81.33,0.262,366.5,71.7,55.7,75.67,27.05,NORMAL,0
2026-01-06T11:00:00,DG-001,81.32,0.16,426.7,84.9,37.7,76.29,27.08,NORMAL,0
2026-01-06T12:00:00,DG-001,80.46,0.291,372.3,73.8,71.1,75.81,26.26,NORMAL,0
2026-01-06T13:00:00,DG-001,80.89,0.231,296.8,59.6,22.5,75.12,25.64,NORMAL,0
2026-01-06T14:00:00,DG-001,81.17,0.282,316.2,62.9,87.6,75.49,27.31,NORMAL,0
2026-01-06T15:00:00,DG-001,98.52,0.639,430.8,87.5,66.4,87.21,23.38,WARNING,0
2026-01-06T16:00:00,DG-001,80.63,0.177,285.0,57.0,44.8,72.97,27.39,NORMAL,0
2026-01-06T17:00:00,DG-001,80.89,0.192,248.6,50.4,75.6,76.5,25.87,NORMAL,0
2026-01-06T18:00:00,DG-001,97.6,0.412,420.4,90.6,89.0,88.99,23.73,WARNING,0
2026-01-06T19:00:00,DG-001,84.0,0.279,336.2,67.5,61.4,75.42,25.98,NORMAL,0
2026-01-06T20:00:00,DG-001,79.72,0.21,320.3,62.3,36.0,75.62,27.4,NORMAL,0
2026-01-06T21:00:00,DG-001,82.47,0.254,268.6,53.7,89.7,73.65,27.13,NORMAL,0
2026-01-06T22:00:00,DG-001,84.38,0.229,396.9,78.1,71.5,76.44,26.36,NORMAL,0
2026-01-06T23:00:00,DG-001,81.58,0.227,376.4,75.6,47.0,76.47,27.93,NORMAL,0
2026-01-07T00:00:00,DG-001,82.73,0.362,396.8,77.6,99.7,76.65,25.69,NORMAL,0
2026-01-07T01:00:00,DG-001,112.03,0.858,425.0,101.3,38.4,107.31,22.91,FAILURE_PRECURSOR,1
2026-01-07T02:00:00,DG-001,81.04,0.146,320.5,62.1,92.1,74.86,27.62,NORMAL,0
2026-01-07T03:00:00,DG-001,83.64,0.259,299.3,59.7,78.6,75.31,26.89,NORMAL,0
2026-01-07T04:00:00,DG-001,80.62,0.266,373.8,75.1,55.6,74.35,27.61,NORMAL,0
2026-01-07T05:00:00,DG-001,81.18,0.167,314.5,62.6,72.5,75.38,25.77,NORMAL,0
2026-01-07T06:00:00,DG-001,82.58,0.176,384.0,77.1,54.5,74.07,27.49,NORMAL,0
2026-01-07T07:00:00,DG-001,82.54,0.201,360.6,71.6,87.5,76.58,26.42,NORMAL,0
2026-01-07T08:00:00,DG-001,100.45,0.66,412.3,86.7,19.3,88.38,23.81,WARNING,0
2026-01-07T09:00:00,DG-001,84.38,0.262,414.3,82.8,31.9,74.62,25.12,NORMAL,0
2026-01-07T10:00:00,DG-001,114.12,1.164,501.5,109.1,11.3,101.71,22.67,FAILURE_PRECURSOR,1
2026-01-07T11:00:00,DG-001,85.48,0.175,307.1,60.8,89.5,75.14,26.33,NORMAL,0
2026-01-07T12:00:00,DG-001,81.45,0.247,381.2,74.2,22.4,76.9,26.71,NORMAL,0
2026-01-07T13:00:00,DG-001,111.26,1.341,479.2,102.2,34.3,102.94,21.58,FAILURE_PRECURSOR,1
2026-01-07T14:00:00,DG-001,82.21,0.262,366.7,73.0,79.1,76.26,26.7,NORMAL,0
2026-01-07T15:00:00,DG-001,99.84,0.642,380.4,83.1,76.3,89.39,24.31,WARNING,0
2026-01-07T16:00:00,DG-001,82.86,0.174,337.1,69.1,39.0,74.64,26.35,NORMAL,0
2026-01-07T17:00:00,DG-001,83.12,0.224,286.3,58.0,50.4,75.73,26.39,NORMAL,0
2026-01-07T18:00:00,DG-001,100.88,0.544,389.0,85.4,55.0,86.07,24.74,WARNING,0
2026-01-07T19:00:00,DG-001,83.57,0.296,387.6,76.8,94.2,76.42,25.73,NORMAL,0
2026-01-07T20:00:00,DG-001,82.14,0.251,405.1,82.7,44.6,76.52,25.85,NORMAL,0
2026-01-07T21:00:00,DG-001,99.7,0.615,388.2,85.8,28.6,87.67,23.37,WARNING,0
2026-01-07T22:00:00,DG-001,78.25,0.305,282.9,56.4,97.0,74.67,25.77,NORMAL,0
2026-01-07T23:00:00,DG-001,81.42,0.227,391.4,78.2,85.5,76.73,26.8,NORMAL,0
2026-01-08T00:00:00,DG-001,97.21,0.464,360.9,79.6,82.5,90.58,25.52,WARNING,0
2026-01-08T01:00:00,DG-001,79.75,0.261,290.0,58.3,27.6,75.91,27.0,NORMAL,0
2026-01-08T02:00:00,DG-001,79.8,0.247,332.2,65.8,27.7,75.68,25.65,NORMAL,0
2026-01-08T03:00:00,DG-001,83.69,0.355,359.6,72.5,59.7,74.43,26.78,NORMAL,0
2026-01-08T04:00:00,DG-001,105.85,1.143,447.0,88.4,10.8,105.79,23.97,FAILURE_PRECURSOR,1
2026-01-08T05:00:00,DG-001,84.19,0.17,379.6,75.4,25.6,74.93,26.06,NORMAL,0
2026-01-08T06:00:00,DG-001,79.17,0.174,265.3,52.4,62.6,75.22,26.95,NORMAL,0
2026-01-08T07:00:00,DG-001,81.33,0.258,318.0,61.7,65.0,74.67,25.18,NORMAL,0
2026-01-08T08:00:00,DG-001,113.59,1.352,407.3,89.4,25.3,101.11,20.39,FAILURE_PRECURSOR,1
2026-01-08T09:00:00,DG-001,99.48,0.678,402.5,82.0,89.4,87.39,23.46,WARNING,0
2026-01-08T10:00:00,DG-001,105.55,1.474,512.8,98.5,39.0,105.64,20.36,FAILURE_PRECURSOR,1
2026-01-08T11:00:00,DG-001,83.95,0.306,390.6,78.9,95.0,74.98,25.26,NORMAL,0
2026-01-08T12:00:00,DG-001,79.41,0.114,305.4,60.7,59.8,77.35,27.76,NORMAL,0
2026-01-08T13:00:00,DG-001,111.19,1.104,475.3,106.3,8.6,106.77,21.22,FAILURE_PRECURSOR,1
2026-01-08T14:00:00,DG-001,81.51,0.16,286.9,56.1,30.6,74.54,27.47,NORMAL,0
2026-01-08T15:00:00,DG-001,99.36,0.546,469.4,93.5,52.7,90.18,23.52,WARNING,0
2026-01-08T16:00:00,DG-001,79.6,0.201,275.9,55.1,54.6,74.94,27.9,NORMAL,0
2026-01-08T17:00:00,DG-001,80.36,0.228,332.5,67.7,72.0,76.02,26.86,NORMAL,0
2026-01-08T18:00:00,DG-001,79.89,0.279,261.5,52.1,39.1,73.83,27.95,NORMAL,0
2026-01-08T19:00:00,DG-001,79.5,0.193,269.3,54.2,99.7,74.51,26.53,NORMAL,0
2026-01-08T20:00:00,DG-001,99.99,0.558,396.8,87.3,48.7,87.16,25.66,WARNING,0
2026-01-08T21:00:00,DG-001,80.97,0.286,312.8,62.9,53.3,75.91,25.03,NORMAL,0
2026-01-08T22:00:00,DG-001,81.21,0.244,249.4,50.7,21.0,74.16,25.65,NORMAL,0
2026-01-08T23:00:00,DG-001,81.74,0.219,420.6,84.2,27.8,74.77,27.53,NORMAL,0
2026-01-09T00:00:00,DG-001,83.62,0.269,271.9,55.3,56.8,72.12,26.18,NORMAL,0
2026-01-09T01:00:00,DG-001,98.04,0.687,435.6,92.8,47.8,90.84,25.06,WARNING,0
2026-01-09T02:00:00,DG-001,86.18,0.229,400.9,79.4,69.1,76.65,26.91,NORMAL,0
2026-01-09T03:00:00,DG-001,82.5,0.202,350.8,68.1,26.8,75.59,25.13,NORMAL,0
2026-01-09T04:00:00,DG-001,78.23,0.156,268.6,52.5,34.8,73.54,26.98,NORMAL,0
2026-01-09T05:00:00,DG-001,82.12,0.243,272.2,53.4,50.6,73.52,26.87,NORMAL,0
2026-01-09T06:00:00,DG-001,82.42,0.236,273.5,54.2,97.5,76.5,25.13,NORMAL,0
2026-01-09T07:00:00,DG-001,97.24,0.575,392.1,80.9,24.6,89.2,24.97,WARNING,0
2026-01-09T08:00:00,DG-001,84.14,0.235,406.0,82.5,95.4,74.86,26.84,NORMAL,0
2026-01-09T09:00:00,DG-001,77.5,0.219,270.4,54.3,88.9,73.0,27.45,NORMAL,0
2026-01-09T10:00:00,DG-001,100.83,0.476,444.5,93.4,69.6,91.75,25.53,WARNING,0
2026-01-09T11:00:00,DG-001,98.58,0.695,403.5,88.1,76.3,88.67,25.18,WARNING,0
2026-01-09T12:00:00,DG-001,81.64,0.26,342.1,67.7,43.8,77.72,26.53,NORMAL,0
2026-01-09T13:00:00,DG-001,84.02,0.265,375.1,74.1,20.7,75.31,26.38,NORMAL,0
2026-01-09T14:00:00,DG-001,83.26,0.315,375.0,75.4,69.3,76.29,27.2,NORMAL,0
2026-01-09T15:00:00,DG-001,79.14,0.239,319.5,62.4,44.4,73.55,25.45,NORMAL,0
2026-01-09T16:00:00,DG-001,97.03,0.51,481.6,94.9,59.5,88.89,25.66,WARNING,0
2026-01-09T17:00:00,DG-001,79.16,0.292,319.4,64.4,25.2,77.71,26.93,NORMAL,0
2026-01-09T18:00:00,DG-001,85.06,0.3,353.4,69.7,86.0,76.16,25.81,NORMAL,0
2026-01-09T19:00:00,DG-001,80.01,0.183,267.0,52.7,61.4,75.17,27.37,NORMAL,0
2026-01-09T20:00:00,DG-001,79.44,0.117,275.4,55.2,78.9,74.29,26.79,NORMAL,0
2026-01-09T21:00:00,DG-001,108.18,1.309,543.1,108.3,42.8,105.13,21.64,FAILURE_PRECURSOR,1
2026-01-09T22:00:00,DG-001,82.39,0.177,351.8,70.0,21.9,74.19,25.08,NORMAL,0
2026-01-09T23:00:00,DG-001,94.72,0.555,391.1,80.5,47.2,87.82,23.78,WARNING,0
2026-01-10T00:00:00,DG-001,99.8,0.537,432.8,91.8,69.6,87.52,23.24,WARNING,0
2026-01-10T01:00:00,DG-001,81.45,0.276,330.3,65.3,80.1,75.58,25.41,NORMAL,0
2026-01-10T02:00:00,DG-001,81.7,0.218,412.9,83.5,41.8,77.03,25.75,NORMAL,0
2026-01-10T03:00:00,DG-001,97.16,0.633,402.9,84.0,19.7,87.28,23.1,WARNING,0
2026-01-10T04:00:00,DG-001,101.0,1.078,424.7,88.5,47.2,104.34,22.24,FAILURE_PRECURSOR,1
2026-01-10T05:00:00,DG-001,81.6,0.274,318.7,64.7,57.1,74.06,26.7,NORMAL,0
2026-01-10T06:00:00,DG-001,111.73,1.08,428.9,100.2,30.3,103.4,23.4,FAILURE_PRECURSOR,1
2026-01-10T07:00:00,DG-001,81.04,0.243,271.0,54.0,26.5,73.95,26.63,NORMAL,0
2026-01-10T08:00:00,DG-001,82.35,0.279,323.0,67.0,63.6,74.35,26.95,NORMAL,0
2026-01-10T09:00:00,DG-001,81.52,0.305,336.5,67.9,46.4,74.64,25.49,NORMAL,0
2026-01-10T10:00:00,DG-001,98.45,0.664,406.1,85.4,88.9,88.0,24.35,WARNING,0
2026-01-10T11:00:00,DG-001,97.35,0.42,375.9,75.5,52.3,87.44,24.62,WARNING,0
2026-01-10T12:00:00,DG-001,81.66,0.303,365.5,73.0,83.4,74.4,25.86,NORMAL,0
2026-01-10T13:00:00,DG-001,81.55,0.308,361.4,72.2,75.7,76.63,25.47,NORMAL,0
2026-01-10T14:00:00,DG-001,96.53,0.455,384.4,81.3,48.0,88.58,23.46,WARNING,0
2026-01-10T15:00:00,DG-001,81.43,0.215,265.8,52.9,98.7,74.75,26.25,NORMAL,0
2026-01-10T16:00:00,DG-001,82.23,0.185,359.8,72.2,77.5,75.81,26.58,NORMAL,0
2026-01-10T17:00:00,DG-001,95.95,0.619,372.7,76.6,55.6,87.22,25.46,WARNING,0
2026-01-10T18:00:00,DG-001,83.08,0.216,294.4,61.0,86.3,74.27,26.48,NORMAL,0
2026-01-10T19:00:00,DG-001,81.87,0.239,279.2,56.1,47.8,74.12,25.43,NORMAL,0
2026-01-10T20:00:00,DG-001,84.45,0.328,386.0,76.2,98.3,75.67,26.41,NORMAL,0
2026-01-10T21:00:00,DG-001,78.67,0.268,269.8,54.4,88.5,74.55,25.52,NORMAL,0
2026-01-10T22:00:00,DG-001,84.24,0.191,397.1,79.3,37.0,78.28,25.92,NORMAL,0
2026-01-10T23:00:00,DG-001,81.83,0.23,304.9,60.6,73.2,75.34,27.37,NORMAL,0
2026-01-11T00:00:00,DG-001,84.18,0.358,408.1,81.8,89.2,75.57,26.38,NORMAL,0
2026-01-11T01:00:00,DG-001,80.53,0.222,318.2,63.3,88.7,75.26,25.84,NORMAL,0
2026-01-11T02:00:00,DG-001,84.3,0.295,404.7,81.9,42.5,77.64,27.49,NORMAL,0
2026-01-11T03:00:00,DG-001,97.32,0.429,398.4,77.3,37.3,84.9,24.8,WARNING,0
2026-01-11T04:00:00,DG-001,82.16,0.273,384.6,76.0,26.3,76.98,25.56,NORMAL,0
2026-01-11T05:00:00,DG-001,83.1,0.26,386.7,77.8,67.9,75.49,27.49,NORMAL,0
2026-01-11T06:00:00,DG-001,80.38,0.22,269.6,53.3,45.4,74.92,26.29,NORMAL,0
2026-01-11T07:00:00,DG-001,86.74,0.298,386.6,77.1,67.3,78.27,26.89,NORMAL,0
2026-01-11T08:00:00,DG-001,79.16,0.168,291.7,58.3,96.0,74.41,26.96,NORMAL,0
2026-01-11T09:00:00,DG-001,79.0,0.367,380.7,76.0,57.8,75.98,26.09,NORMAL,0
2026-01-11T10:00:00,DG-001,80.21,0.199,264.2,54.9,36.6,74.84,25.84,NORMAL,0
2026-01-11T11:00:00,DG-001,78.16,0.255,248.1,50.2,94.5,74.5,25.88,NORMAL,0
2026-01-11T12:00:00,DG-001,84.4,0.162,266.6,53.0,59.5,74.35,27.62,NORMAL,0
2026-01-11T13:00:00,DG-001,80.23,0.25,420.5,84.7,92.6,75.4,26.23,NORMAL,0
2026-01-11T14:00:00,DG-001,79.34,0.289,353.7,71.3,29.2,75.85,27.06,NORMAL,0
2026-01-11T15:00:00,DG-001,80.67,0.188,328.3,66.0,26.4,76.8,25.21,NORMAL,0
2026-01-11T16:00:00,DG-001,82.56,0.327,420.6,83.0,70.9,77.81,25.03,NORMAL,0
2026-01-11T17:00:00,DG-001,104.85,1.499,433.0,100.3,8.0,105.75,23.61,FAILURE_PRECURSOR,1
2026-01-11T18:00:00,DG-001,80.45,0.2,274.2,55.0,23.5,72.52,26.73,NORMAL,0
2026-01-11T19:00:00,DG-001,83.85,0.196,352.6,69.6,54.4,75.99,27.08,NORMAL,0
2026-01-11T20:00:00,DG-001,82.46,0.186,305.2,59.6,88.6,74.52,27.47,NORMAL,0
2026-01-11T21:00:00,DG-001,111.75,1.097,378.5,95.8,21.9,107.75,22.75,FAILURE_PRECURSOR,1
2026-01-11T22:00:00,DG-001,82.68,0.182,323.2,65.1,47.2,75.26,26.91,NORMAL,0
2026-01-11T23:00:00,DG-001,81.19,0.284,315.8,64.3,99.0,73.52,25.65,NORMAL,0
2026-01-12T00:00:00,DG-001,84.32,0.246,364.7,74.1,50.7,75.93,27.89,NORMAL,0
2026-01-12T01:00:00,DG-001,79.39,0.147,253.6,51.1,29.3,72.28,27.7,NORMAL,0
2026-01-12T02:00:00,DG-001,107.86,1.511,453.0,92.8,18.0,105.02,23.94,FAILURE_PRECURSOR,1
2026-01-12T03:00:00,DG-001,104.5,1.233,392.5,94.7,39.3,104.84,22.17,FAILURE_PRECURSOR,1
2026-01-12T04:00:00,DG-001,95.21,0.491,390.5,83.8,40.7,87.45,23.17,WARNING,0
2026-01-12T05:00:00,DG-001,80.41,0.305,413.8,83.8,70.1,76.95,26.33,NORMAL,0
2026-01-12T06:00:00,DG-001,83.06,0.326,314.2,64.1,23.2,75.62,26.19,NORMAL,0
2026-01-12T07:00:00,DG-001,82.28,0.261,350.5,69.0,83.2,75.62,25.39,NORMAL,0
2026-01-12T08:00:00,DG-001,83.71,0.237,390.9,77.8,89.1,76.19,26.45,NORMAL,0
2026-01-12T09:00:00,DG-001,79.96,0.194,312.7,63.1,59.4,76.43,26.53,NORMAL,0
2026-01-12T10:00:00,DG-001,82.95,0.275,404.1,80.3,96.5,77.07,26.72,NORMAL,0
2026-01-12T11:00:00,DG-001,80.09,0.264,272.1,53.8,94.1,71.37,26.88,NORMAL,0
2026-01-12T12:00:00,DG-001,83.36,0.281,329.6,66.7,48.7,75.74,25.9,NORMAL,0
2026-01-12T13:00:00,DG-001,98.99,0.488,394.5,80.6,71.5,88.83,23.43,WARNING,0
2026-01-12T14:00:00,DG-001,99.66,0.63,428.5,88.2,51.6,90.42,23.27,WARNING,0
2026-01-12T15:00:00,DG-001,80.41,0.221,317.4,64.3,95.8,74.83,27.42,NORMAL,0
2026-01-12T16:00:00,DG-001,80.5,0.278,417.2,83.4,76.6,75.86,27.38,NORMAL,0
2026-01-12T17:00:00,DG-001,77.84,0.167,258.9,52.6,94.3,73.26,27.41,NORMAL,0
2026-01-12T18:00:00,DG-001,82.77,0.163,411.7,81.7,68.3,75.3,27.94,NORMAL,0
2026-01-12T19:00:00,DG-001,77.74,0.255,372.4,72.7,74.6,77.05,25.22,NORMAL,0
2026-01-12T20:00:00,DG-001,83.21,0.275,380.2,75.0,82.0,78.76,25.43,NORMAL,0
2026-01-12T21:00:00,DG-001,80.7,0.214,334.3,67.4,45.4,75.54,27.25,NORMAL,0
2026-01-12T22:00:00,DG-001,81.3,0.244,343.6,67.9,28.2,74.56,25.95,NORMAL,0
2026-01-12T23:00:00,DG-001,80.23,0.263,298.6,59.5,92.8,74.95,26.3,NORMAL,0
2026-01-13T00:00:00,DG-001,83.77,0.238,406.5,83.7,76.3,76.57,26.9,NORMAL,0
2026-01-13T01:00:00,DG-001,82.03,0.273,279.7,55.8,28.4,74.66,25.89,NORMAL,0
2026-01-13T02:00:00,DG-001,97.9,0.687,415.1,87.9,30.7,84.54,24.37,WARNING,0
2026-01-13T03:00:00,DG-001,81.32,0.288,313.1,62.9,57.8,74.64,26.97,NORMAL,0
2026-01-13T04:00:00,DG-001,97.86,0.603,357.4,79.3,63.9,89.16,23.41,WARNING,0
2026-01-13T05:00:00,DG-001,79.32,0.304,300.7,61.0,43.0,75.52,27.67,NORMAL,0
2026-01-13T06:00:00,DG-001,80.26,0.154,263.9,52.0,50.3,73.65,25.04,NORMAL,0
2026-01-13T07:00:00,DG-001,79.72,0.152,240.6,50.7,67.6,73.86,26.59,NORMAL,0
2026-01-13T08:00:00,DG-001,81.66,0.26,325.3,66.2,81.8,76.41,27.32,NORMAL,0
2026-01-13T09:00:00,DG-001,84.43,0.298,419.0,84.2,43.5,76.16,25.05,NORMAL,0
2026-01-13T10:00:00,DG-001,95.33,0.4,387.7,85.4,78.5,90.02,25.92,WARNING,0
2026-01-13T11:00:00,DG-001,81.12,0.296,410.6,81.4,25.3,74.24,25.91,NORMAL,0
2026-01-13T12:00:00,DG-001,79.46,0.301,292.6,58.6,95.4,74.0,27.87,NORMAL,0
2026-01-13T13:00:00,DG-001,99.14,0.563,436.3,94.8,25.6,88.56,23.59,WARNING,0
2026-01-13T14:00:00,DG-001,81.07,0.267,389.2,77.3,73.9,77.33,26.16,NORMAL,0
2026-01-13T15:00:00,DG-001,80.86,0.247,315.3,62.1,25.0,74.89,27.12,NORMAL,0
2026-01-13T16:00:00,DG-001,78.77,0.305,243.3,50.3,74.4,74.21,26.5,NORMAL,0
2026-01-13T17:00:00,DG-001,80.69,0.288,287.0,59.6,33.3,76.3,25.13,NORMAL,0
2026-01-13T18:00:00,DG-001,80.09,0.244,278.6,57.3,67.5,75.05,26.31,NORMAL,0
2026-01-13T19:00:00,DG-001,82.82,0.245,355.7,71.8,77.5,76.23,26.43,NORMAL,0
2026-01-13T20:00:00,DG-001,80.81,0.268,369.5,72.4,21.0,76.15,26.5,NORMAL,0
2026-01-13T21:00:00,DG-001,79.37,0.255,316.9,62.5,27.6,74.55,27.19,NORMAL,0
2026-01-13T22:00:00,DG-001,83.25,0.19,253.3,51.0,93.6,73.43,26.19,NORMAL,0
2026-01-13T23:00:00,DG-001,105.97,1.114,427.2,86.1,31.0,104.11,23.8,FAILURE_PRECURSOR,1
2026-01-14T00:00:00,DG-001,82.98,0.275,379.9,77.6,35.3,77.58,25.72,NORMAL,0
2026-01-14T01:00:00,DG-001,104.4,1.205,381.7,87.5,31.2,105.13,23.8,FAILURE_PRECURSOR,1
2026-01-14T02:00:00,DG-001,84.46,0.246,347.0,70.3,95.7,74.29,27.68,NORMAL,0
2026-01-14T03:00:00,DG-001,97.25,0.549,422.9,83.4,39.9,88.95,23.56,WARNING,0
2026-01-14T04:00:00,DG-001,94.22,0.421,340.8,79.1,77.7,88.21,25.43,WARNING,0
2026-01-14T05:00:00,DG-001,83.45,0.308,362.5,74.3,23.0,76.26,26.28,NORMAL,0
2026-01-14T06:00:00,DG-001,81.67,0.255,378.5,76.8,20.1,75.06,25.69,NORMAL,0
2026-01-14T07:00:00,DG-001,84.4,0.21,422.5,83.8,44.2,77.17,26.27,NORMAL,0
2026-01-14T08:00:00,DG-001,81.8,0.273,378.6,74.9,98.8,75.74,27.42,NORMAL,0
2026-01-14T09:00:00,DG-001,100.91,0.424,412.4,82.9,73.5,90.99,23.5,WARNING,0
2026-01-14T10:00:00,DG-001,83.91,0.187,420.6,83.3,61.1,77.64,25.31,NORMAL,0
2026-01-14T11:00:00,DG-001,82.5,0.28,319.6,62.9,78.3,75.85,27.08,NORMAL,0
2026-01-14T12:00:00,DG-001,96.92,0.642,377.9,80.5,88.4,86.4,24.01,WARNING,0
2026-01-14T13:00:00,DG-001,99.27,0.684,452.4,89.0,74.0,85.32,23.49,WARNING,0
2026-01-14T14:00:00,DG-001,81.23,0.224,319.5,63.5,63.7,75.85,27.45,NORMAL,0
2026-01-14T15:00:00,DG-001,104.94,1.204,409.3,86.3,41.0,104.47,20.72,FAILURE_PRECURSOR,1
2026-01-14T16:00:00,DG-001,80.67,0.185,322.9,63.9,83.7,74.72,27.02,NORMAL,0
2026-01-14T17:00:00,DG-001,84.0,0.257,357.5,71.9,43.0,75.89,26.65,NORMAL,0
2026-01-14T18:00:00,DG-001,78.95,0.28,308.6,62.4,82.7,76.52,25.21,NORMAL,0
2026-01-14T19:00:00,DG-001,79.84,0.292,325.0,65.1,71.3,74.66,27.83,NORMAL,0
2026-01-14T20:00:00,DG-001,81.67,0.178,358.6,72.1,42.1,76.03,25.83,NORMAL,0
2026-01-14T21:00:00,DG-001,83.48,0.231,420.4,84.3,76.4,75.82,27.21,NORMAL,0
2026-01-14T22:00:00,DG-001,78.97,0.192,310.2,62.1,43.0,73.52,25.81,NORMAL,0
2026-01-14T23:00:00,DG-001,82.31,0.277,416.8,83.9,69.9,76.44,26.8,NORMAL,0
2026-01-15T00:00:00,DG-001,82.15,0.161,300.9,59.4,41.7,76.29,25.94,NORMAL,0
2026-01-15T01:00:00,DG-001,83.86,0.278,403.5,80.3,74.4,75.1,27.1,NORMAL,0
2026-01-15T02:00:00,DG-001,77.76,0.227,255.6,50.5,87.2,73.98,26.2,NORMAL,0
2026-01-15T03:00:00,DG-001,82.32,0.238,368.8,73.5,54.7,75.51,27.74,NORMAL,0
2026-01-15T04:00:00,DG-001,84.14,0.299,319.6,65.2,27.3,75.91,27.14,NORMAL,0
2026-01-15T05:00:00,DG-001,81.9,0.227,399.0,80.7,56.7,75.63,25.19,NORMAL,0
2026-01-15T06:00:00,DG-001,81.25,0.254,358.7,71.2,63.5,76.17,27.8,NORMAL,0
2026-01-15T07:00:00,DG-001,83.46,0.288,354.1,71.6,93.7,75.76,26.11,NORMAL,0
2026-01-15T08:00:00,DG-001,80.71,0.169,345.7,68.8,56.3,76.23,27.36,NORMAL,0
2026-01-15T09:00:00,DG-001,79.96,0.303,303.4,58.7,25.1,73.93,27.81,NORMAL,0
2026-01-15T10:00:00,DG-001,96.35,0.49,387.4,80.8,84.5,87.05,24.47,WARNING,0
2026-01-15T11:00:00,DG-001,82.68,0.341,378.7,76.8,25.6,75.44,25.48,NORMAL,0
2026-01-15T12:00:00,DG-001,81.59,0.253,367.1,73.2,44.8,75.17,25.87,NORMAL,0
2026-01-15T13:00:00,DG-001,82.3,0.129,342.8,68.0,44.6,76.49,27.37,NORMAL,0
2026-01-15T14:00:00,DG-001,109.92,1.061,492.3,108.8,44.4,101.44,23.76,FAILURE_PRECURSOR,1
2026-01-15T15:00:00,DG-001,81.64,0.377,320.6,63.7,87.0,74.79,27.03,NORMAL,0
2026-01-15T16:00:00,DG-001,102.61,0.448,414.9,90.0,32.2,87.51,25.08,WARNING,0
2026-01-15T17:00:00,DG-001,81.38,0.217,287.6,55.8,28.4,74.18,26.06,NORMAL,0
2026-01-15T18:00:00,DG-001,82.45,0.165,343.9,68.2,37.6,75.31,25.7,NORMAL,0
2026-01-15T19:00:00,DG-001,108.28,1.246,404.3,100.4,36.3,101.28,22.16,FAILURE_PRECURSOR,1
2026-01-15T20:00:00,DG-001,76.65,0.212,281.7,56.0,29.2,75.41,26.6,NORMAL,0
2026-01-15T21:00:00,DG-001,79.07,0.188,265.5,54.1,91.7,74.98,26.18,NORMAL,0
2026-01-15T22:00:00,DG-001,81.33,0.233,352.0,67.8,75.1,74.31,26.89,NORMAL,0
2026-01-15T23:00:00,DG-001,80.46,0.289,253.6,50.3,58.8,74.42,27.53,NORMAL,0
2026-01-16T00:00:00,DG-001,80.79,0.245,384.5,77.7,84.3,76.15,26.16,NORMAL,0
2026-01-16T01:00:00,DG-001,111.06,1.574,338.0,90.1,21.9,104.39,20.3,FAILURE_PRECURSOR,1
2026-01-16T02:00:00,DG-001,96.43,0.699,373.5,83.7,41.3,89.3,23.66,WARNING,0
2026-01-16T03:00:00,DG-001,79.33,0.095,266.5,52.4,20.7,75.47,27.13,NORMAL,0
2026-01-16T04:00:00,DG-001,82.01,0.246,368.8,73.2,25.3,76.52,26.65,NORMAL,0
2026-01-16T05:00:00,DG-001,99.41,0.641,427.9,86.7,61.5,86.95,25.01,WARNING,0
2026-01-16T06:00:00,DG-001,80.68,0.219,279.1,55.9,67.8,74.83,27.28,NORMAL,0
2026-01-16T07:00:00,DG-001,83.44,0.355,411.1,81.1,41.7,76.4,27.15,NORMAL,0
2026-01-16T08:00:00,DG-001,79.27,0.184,301.5,61.0,35.0,75.73,26.52,NORMAL,0
2026-01-16T09:00:00,DG-001,82.2,0.307,369.7,74.4,75.4,77.06,25.82,NORMAL,0
2026-01-16T10:00:00,DG-001,84.18,0.195,419.9,82.9,37.5,75.81,27.08,NORMAL,0
2026-01-16T11:00:00,DG-001,80.01,0.271,299.0,59.3,27.1,75.45,25.56,NORMAL,0
2026-01-16T12:00:00,DG-001,82.43,0.203,314.1,62.9,23.1,74.7,26.67,NORMAL,0
2026-01-16T13:00:00,DG-001,81.87,0.256,305.1,61.3,25.4,74.44,26.73,NORMAL,0
2026-01-16T14:00:00,DG-001,84.46,0.328,420.7,85.0,39.3,77.17,27.99,NORMAL,0
2026-01-16T15:00:00,DG-001,81.91,0.29,319.0,64.4,38.6,73.34,26.96,NORMAL,0
2026-01-16T16:00:00,DG-001,83.64,0.32,386.9,76.8,89.2,77.21,26.87,NORMAL,0
2026-01-16T17:00:00,DG-001,85.06,0.329,349.2,70.3,94.3,74.27,26.79,NORMAL,0
2026-01-16T18:00:00,DG-001,107.37,1.222,439.7,93.5,7.4,106.13,22.37,FAILURE_PRECURSOR,1
2026-01-16T19:00:00,DG-001,80.77,0.321,377.9,73.6,71.9,75.89,27.09,NORMAL,0
2026-01-16T20:00:00,DG-001,82.39,0.295,280.2,55.5,73.4,73.56,26.37,NORMAL,0
2026-01-16T21:00:00,DG-001,99.87,0.651,389.1,78.4,26.5,86.37,24.21,WARNING,0
2026-01-16T22:00:00,DG-001,85.56,0.227,302.3,59.7,22.5,73.04,25.16,NORMAL,0
2026-01-16T23:00:00,DG-001,81.97,0.252,266.1,53.0,89.0,74.57,25.63,NORMAL,0
2026-01-17T00:00:00,DG-001,98.44,0.621,392.3,78.9,17.3,86.95,25.99,WARNING,0
2026-01-17T01:00:00,DG-001,98.05,0.654,426.6,87.5,88.2,88.47,23.2,WARNING,0
2026-01-17T02:00:00,DG-001,97.84,0.681,438.8,92.1,30.8,88.09,23.21,WARNING,0
2026-01-17T03:00:00,DG-001,80.91,0.219,330.8,66.4,80.7,75.07,27.92,NORMAL,0
2026-01-17T04:00:00,DG-001,112.02,1.061,412.5,96.0,16.5,102.57,20.52,FAILURE_PRECURSOR,1
2026-01-17T05:00:00,DG-001,81.22,0.228,369.6,73.6,26.6,76.77,25.46,NORMAL,0
2026-01-17T06:00:00,DG-001,80.49,0.289,304.3,60.6,31.5,75.08,26.52,NORMAL,0
2026-01-17T07:00:00,DG-001,79.36,0.177,297.8,59.6,24.6,72.88,27.47,NORMAL,0
2026-01-17T08:00:00,DG-001,81.01,0.259,338.4,66.0,45.1,76.41,27.59,NORMAL,0
2026-01-17T09:00:00,DG-001,83.96,0.2,394.5,79.4,58.7,78.05,26.48,NORMAL,0
2026-01-17T10:00:00,DG-001,97.18,0.658,369.1,82.2,72.2,86.84,24.36,WARNING,0
2026-01-17T11:00:00,DG-001,83.54,0.295,295.5,56.9,64.2,74.39,25.69,NORMAL,0
2026-01-17T12:00:00,DG-001,82.64,0.191,362.8,73.2,34.6,75.02,25.66,NORMAL,0
2026-01-17T13:00:00,DG-001,94.9,0.512,390.7,80.7,56.8,87.27,23.26,WARNING,0
2026-01-17T14:00:00,DG-001,101.03,0.453,419.9,90.9,80.6,90.11,23.65,WARNING,0
2026-01-17T15:00:00,DG-001,81.72,0.28,292.9,59.2,48.1,75.2,26.37,NORMAL,0
2026-01-17T16:00:00,DG-001,80.3,0.201,336.5,67.0,57.3,75.17,26.4,NORMAL,0
2026-01-17T17:00:00,DG-001,91.22,0.579,367.3,78.1,17.3,89.57,23.51,WARNING,0
2026-01-17T18:00:00,DG-001,80.64,0.344,310.7,61.9,24.0,74.97,26.5,NORMAL,0
2026-01-17T19:00:00,DG-001,83.26,0.299,345.4,69.3,78.0,73.99,25.15,NORMAL,0
2026-01-17T20:00:00,DG-001,81.68,0.202,353.7,71.3,80.1,76.92,26.18,NORMAL,0
2026-01-17T21:00:00,DG-001,81.97,0.292,379.6,77.0,25.3,76.91,26.16,NORMAL,0
2026-01-17T22:00:00,DG-001,83.06,0.335,395.4,78.9,96.9,75.61,25.09,NORMAL,0
2026-01-17T23:00:00,DG-001,81.46,0.3,406.0,82.7,95.8,75.44,27.54,NORMAL,0
2026-01-18T00:00:00,DG-001,100.76,0.483,444.1,89.8,38.4,91.19,25.97,WARNING,0
2026-01-18T01:00:00,DG-001,77.82,0.186,268.8,52.8,34.9,73.75,27.81,NORMAL,0
2026-01-18T02:00:00,DG-001,83.74,0.208,412.9,82.5,57.7,73.61,25.74,NORMAL,0
2026-01-18T03:00:00,DG-001,83.33,0.329,376.7,76.3,90.8,77.85,26.21,NORMAL,0
2026-01-18T04:00:00,DG-001,101.25,0.481,430.7,93.2,47.2,88.56,24.03,WARNING,0
2026-01-18T05:00:00,DG-001,95.62,0.62,344.2,77.4,37.5,88.14,24.48,WARNING,0
2026-01-18T06:00:00,DG-001,82.89,0.236,332.2,65.2,94.5,74.37,26.98,NORMAL,0
2026-01-18T07:00:00,DG-001,99.41,0.52,418.7,86.3,58.3,89.33,23.31,WARNING,0
2026-01-18T08:00:00,DG-001,81.18,0.216,267.4,54.2,33.8,74.76,25.31,NORMAL,0
2026-01-18T09:00:00,DG-001,84.16,0.217,304.1,60.4,75.4,74.4,25.16,NORMAL,0
2026-01-18T10:00:00,DG-001,80.57,0.145,292.9,57.9,85.7,72.77,27.47,NORMAL,0
2026-01-18T11:00:00,DG-001,82.77,0.282,308.8,62.3,57.3,73.9,25.25,NORMAL,0
2026-01-18T12:00:00,DG-001,81.99,0.231,390.7,79.4,56.7,76.84,26.15,NORMAL,0
2026-01-18T13:00:00,DG-001,83.96,0.282,423.0,82.6,32.9,76.58,26.22,NORMAL,0
2026-01-18T14:00:00,DG-001,82.63,0.354,422.4,84.0,69.0,76.58,25.35,NORMAL,0
2026-01-18T15:00:00,DG-001,108.11,0.861,478.4,101.5,42.5,101.05,21.61,FAILURE_PRECURSOR,1
2026-01-18T16:00:00,DG-001,95.34,0.432,408.1,87.2,64.4,87.12,25.03,WARNING,0
2026-01-18T17:00:00,DG-001,78.7,0.209,317.4,63.8,64.6,73.91,27.64,NORMAL,0
2026-01-18T18:00:00,DG-001,81.32,0.253,336.6,67.6,80.2,76.78,26.21,NORMAL,0
2026-01-18T19:00:00,DG-001,84.52,0.329,366.0,73.7,63.2,75.6,27.5,NORMAL,0
2026-01-18T20:00:00,DG-001,98.09,0.514,398.6,83.6,51.3,88.83,25.53,WARNING,0
2026-01-18T21:00:00,DG-001,78.35,0.26,303.5,60.8,47.7,75.28,27.19,NORMAL,0
2026-01-18T22:00:00,DG-001,82.62,0.285,387.4,78.2,22.1,77.11,27.97,NORMAL,0
2026-01-18T23:00:00,DG-001,81.21,0.264,358.9,73.1,63.7,76.42,25.92,NORMAL,0
2026-01-19T00:00:00,DG-001,80.11,0.151,280.0,55.6,51.4,74.7,25.25,NORMAL,0
2026-01-19T01:00:00,DG-001,81.63,0.284,250.5,50.6,86.8,73.43,25.07,NORMAL,0
2026-01-19T02:00:00,DG-001,109.73,1.541,387.0,88.4,30.8,102.65,20.16,FAILURE_PRECURSOR,1
2026-01-19T03:00:00,DG-001,79.94,0.193,255.2,51.0,67.1,73.4,25.12,NORMAL,0
2026-01-19T04:00:00,DG-001,84.92,0.181,422.1,84.1,50.0,75.71,27.71,NORMAL,0
2026-01-19T05:00:00,DG-001,81.58,0.264,257.5,51.8,85.4,73.55,25.68,NORMAL,0
2026-01-19T06:00:00,DG-001,110.07,1.16,418.5,87.4,14.5,103.0,20.33,FAILURE_PRECURSOR,1
2026-01-19T07:00:00,DG-001,90.59,0.5,359.3,76.0,57.9,88.61,23.48,WARNING,0
2026-01-19T08:00:00,DG-001,93.79,0.446,426.1,90.2,45.6,87.98,24.08,WARNING,0
2026-01-19T09:00:00,DG-001,80.05,0.183,255.2,52.0,40.8,74.77,26.92,NORMAL,0
2026-01-19T10:00:00,DG-001,96.93,0.523,434.7,92.9,65.5,90.43,25.48,WARNING,0
2026-01-19T11:00:00,DG-001,95.15,0.447,386.4,82.9,35.3,90.29,25.01,WARNING,0
2026-01-19T12:00:00,DG-001,84.81,0.361,421.7,84.7,69.6,77.49,26.4,NORMAL,0
2026-01-19T13:00:00,DG-001,82.57,0.136,322.9,65.0,75.1,75.63,27.8,NORMAL,0
2026-01-19T14:00:00,DG-001,96.01,0.63,403.2,86.1,24.4,89.49,23.31,WARNING,0
2026-01-19T15:00:00,DG-001,109.09,1.478,493.8,101.8,32.1,102.83,22.38,FAILURE_PRECURSOR,1
2026-01-19T16:00:00,DG-001,79.53,0.214,347.0,70.1,38.7,76.33,27.08,NORMAL,0
2026-01-19T17:00:00,DG-001,83.04,0.203,376.5,76.1,94.3,77.34,26.44,NORMAL,0
2026-01-19T18:00:00,DG-001,80.02,0.328,325.0,66.3,73.1,75.49,25.89,NORMAL,0
2026-01-19T19:00:00,DG-001,108.49,1.251,416.3,86.3,32.0,102.08,20.36,FAILURE_PRECURSOR,1
2026-01-19T20:00:00,DG-001,83.21,0.211,409.1,82.1,75.8,75.57,26.58,NORMAL,0
2026-01-19T21:00:00,DG-001,113.83,1.341,482.7,104.8,5.1,105.78,21.18,FAILURE_PRECURSOR,1
2026-01-19T22:00:00,DG-001,82.54,0.287,286.9,57.6,45.9,74.66,27.19,NORMAL,0
2026-01-19T23:00:00,DG-001,80.63,0.22,348.6,69.5,52.2,76.2,25.31,NORMAL,0
2026-01-20T00:00:00,DG-001,81.35,0.322,392.3,77.3,65.3,76.32,27.87,NORMAL,0
2026-01-20T01:00:00,DG-001,77.07,0.25,257.1,53.0,27.6,75.74,25.72,NORMAL,0
2026-01-20T02:00:00,DG-001,82.47,0.082,273.3,53.4,44.5,74.61,25.98,NORMAL,0
2026-01-20T03:00:00,DG-001,80.62,0.304,369.4,73.5,66.3,74.95,25.38,NORMAL,0
2026-01-20T04:00:00,DG-001,83.25,0.267,381.4,74.5,34.9,75.96,26.86,NORMAL,0
2026-01-20T05:00:00,DG-001,84.12,0.169,298.0,60.0,97.1,75.21,25.38,NORMAL,0
2026-01-20T06:00:00,DG-001,83.36,0.349,334.7,66.7,38.7,74.44,26.63,NORMAL,0
2026-01-20T07:00:00,DG-001,82.87,0.228,388.1,78.7,69.1,77.13,25.92,NORMAL,0
2026-01-20T08:00:00,DG-001,101.86,0.509,446.4,91.2,67.6,88.34,23.57,WARNING,0
2026-01-20T09:00:00,DG-001,84.5,0.206,312.0,62.6,74.1,75.77,25.99,NORMAL,0
2026-01-20T10:00:00,DG-001,84.16,0.14,376.5,76.5,50.2,76.34,27.91,NORMAL,0
2026-01-20T11:00:00,DG-001,79.72,0.161,309.5,61.9,29.2,72.89,26.2,NORMAL,0
2026-01-20T12:00:00,DG-001,96.12,0.516,389.2,83.3,19.6,91.26,24.94,WARNING,0
2026-01-20T13:00:00,DG-001,99.87,0.445,452.3,93.8,45.1,93.05,24.75,WARNING,0
2026-01-20T14:00:00,DG-001,79.63,0.153,270.4,54.4,64.2,73.51,25.18,NORMAL,0
2026-01-20T15:00:00,DG-001,84.07,0.169,407.2,80.5,65.3,76.63,25.24,NORMAL,0
2026-01-20T16:00:00,DG-001,113.41,1.037,424.9,94.9,31.8,104.34,21.73,FAILURE_PRECURSOR,1
2026-01-20T17:00:00,DG-001,84.05,0.34,425.8,82.9,82.7,76.23,27.49,NORMAL,0
2026-01-20T18:00:00,DG-001,83.95,0.139,418.1,82.9,58.5,76.76,27.02,NORMAL,0
2026-01-20T19:00:00,DG-001,97.75,0.532,445.2,94.0,60.0,87.5,23.16,WARNING,0
2026-01-20T20:00:00,DG-001,113.77,0.973,407.4,94.6,42.2,104.3,23.28,FAILURE_PRECURSOR,1
2026-01-20T21:00:00,DG-001,81.61,0.294,314.0,62.4,67.9,76.09,27.35,NORMAL,0
2026-01-20T22:00:00,DG-001,86.76,0.312,420.5,83.5,34.8,75.41,26.71,NORMAL,0
2026-01-20T23:00:00,DG-001,82.33,0.322,359.2,71.2,55.3,74.55,25.24,NORMAL,0
2026-01-21T00:00:00,DG-001,79.93,0.15,281.6,56.5,58.7,73.96,26.54,NORMAL,0
2026-01-21T01:00:00,DG-001,82.97,0.2,405.3,79.4,64.6,78.25,27.63,NORMAL,0
2026-01-21T02:00:00,DG-001,108.46,1.316,347.9,86.2,12.6,102.65,20.31,FAILURE_PRECURSOR,1
2026-01-21T03:00:00,DG-001,81.66,0.127,272.2,54.3,50.6,74.66,25.43,NORMAL,0
2026-01-21T04:00:00,DG-001,80.47,0.15,272.3,52.7,46.8,71.57,25.07,NORMAL,0
2026-01-21T05:00:00,DG-001,79.86,0.212,269.8,53.4,39.0,73.36,26.18,NORMAL,0
2026-01-21T06:00:00,DG-001,82.33,0.244,286.5,56.3,25.8,73.1,27.77,NORMAL,0
2026-01-21T07:00:00,DG-001,85.19,0.25,309.5,62.2,52.8,74.48,26.2,NORMAL,0
2026-01-21T08:00:00,DG-001,110.22,1.439,439.5,89.5,31.0,102.2,21.68,FAILURE_PRECURSOR,1
2026-01-21T09:00:00,DG-001,97.07,0.525,443.6,91.1,89.7,85.79,24.56,WARNING,0
2026-01-21T10:00:00,DG-001,84.02,0.197,366.8,73.6,53.5,77.26,26.45,NORMAL,0
2026-01-21T11:00:00,DG-001,80.33,0.183,355.2,70.8,36.8,78.23,26.71,NORMAL,0
2026-01-21T12:00:00,DG-001,78.05,0.262,251.3,50.9,65.4,72.45,27.08,NORMAL,0
2026-01-21T13:00:00,DG-001,99.32,0.583,413.9,89.7,46.4,88.92,23.78,WARNING,0
2026-01-21T14:00:00,DG-001,79.04,0.234,343.1,68.0,57.7,75.56,25.52,NORMAL,0
2026-01-21T15:00:00,DG-001,78.91,0.304,364.3,71.9,21.8,75.8,25.59,NORMAL,0
2026-01-21T16:00:00,DG-001,98.43,0.643,429.0,86.5,57.9,90.99,25.74,WARNING,0
2026-01-21T17:00:00,DG-001,80.28,0.187,293.3,59.4,54.1,75.28,26.76,NORMAL,0
2026-01-21T18:00:00,DG-001,77.53,0.131,264.7,52.9,21.1,73.51,27.44,NORMAL,0
2026-01-21T19:00:00,DG-001,80.0,0.241,372.1,73.4,94.5,77.78,27.04,NORMAL,0
2026-01-21T20:00:00,DG-001,112.71,1.03,473.6,103.0,14.9,104.85,21.02,FAILURE_PRECURSOR,1
2026-01-21T21:00:00,DG-001,86.08,0.26,404.3,80.1,45.0,75.61,27.28,NORMAL,0
2026-01-21T22:00:00,DG-001,80.78,0.22,285.8,57.3,81.3,74.98,27.35,NORMAL,0
2026-01-21T23:00:00,DG-001,81.9,0.253,425.0,83.8,36.5,77.6,26.73,NORMAL,0
2026-01-22T00:00:00,DG-001,83.94,0.174,300.5,60.9,41.5,75.64,26.22,NORMAL,0
2026-01-22T01:00:00,DG-001,82.39,0.292,389.2,77.4,34.6,76.46,27.54,NORMAL,0
2026-01-22T02:00:00,DG-001,107.67,1.189,419.4,94.4,41.4,103.86,21.27,FAILURE_PRECURSOR,1
2026-01-22T03:00:00,DG-001,96.25,0.658,395.2,81.0,66.8,88.93,23.44,WARNING,0
2026-01-22T04:00:00,DG-001,110.33,1.317,396.7,102.1,41.1,103.11,21.25,FAILURE_PRECURSOR,1
2026-01-22T05:00:00,DG-001,96.72,0.686,391.1,77.7,75.9,85.89,25.26,WARNING,0
2026-01-22T06:00:00,DG-001,112.01,1.342,443.9,92.8,7.4,105.39,20.68,FAILURE_PRECURSOR,1
2026-01-22T07:00:00,DG-001,81.11,0.216,338.5,66.6,35.1,75.67,26.65,NORMAL,0
2026-01-22T08:00:00,DG-001,81.29,0.193,350.9,67.9,28.4,75.81,27.13,NORMAL,0
2026-01-22T09:00:00,DG-001,99.02,0.609,437.5,88.4,23.4,88.37,25.18,WARNING,0
2026-01-22T10:00:00,DG-001,84.7,0.335,400.5,81.0,43.9,75.64,27.83,NORMAL,0
2026-01-22T11:00:00,DG-001,98.28,0.511,398.3,82.9,48.0,86.23,24.56,WARNING,0
2026-01-22T12:00:00,DG-001,95.26,0.552,405.8,85.1,59.7,88.35,24.99,WARNING,0
2026-01-22T13:00:00,DG-001,80.54,0.259,326.4,64.8,56.6,76.25,26.26,NORMAL,0
2026-01-22T14:00:00,DG-001,79.6,0.26,385.6,76.3,24.4,75.98,26.04,NORMAL,0
2026-01-22T15:00:00,DG-001,80.39,0.255,324.9,64.7,29.5,75.34,26.29,NORMAL,0
2026-01-22T16:00:00,DG-001,83.36,0.151,308.1,62.2,99.5,75.31,25.11,NORMAL,0
2026-01-22T17:00:00,DG-001,82.07,0.181,256.0,51.9,60.7,72.18,27.03,NORMAL,0
2026-01-22T18:00:00,DG-001,99.4,0.545,442.8,92.3,79.3,89.6,25.98,WARNING,0
2026-01-22T19:00:00,DG-001,80.03,0.178,371.0,74.7,20.0,75.45,27.48,NORMAL,0
2026-01-22T20:00:00,DG-001,82.39,0.229,285.6,58.4,90.1,74.02,26.13,NORMAL,0
2026-01-22T21:00:00,DG-001,104.61,1.064,433.4,97.3,19.4,104.08,21.19,FAILURE_PRECURSOR,1
2026-01-22T22:00:00,DG-001,83.22,0.211,388.0,77.4,96.4,77.5,25.23,NORMAL,0
2026-01-22T23:00:00,DG-001,83.39,0.248,400.5,80.1,94.8,76.08,27.31,NORMAL,0
2026-01-23T00:00:00,DG-001,110.33,1.027,481.1,105.5,29.5,103.84,21.57,FAILURE_PRECURSOR,1
2026-01-23T01:00:00,DG-001,80.23,0.223,366.5,74.2,71.6,77.38,27.22,NORMAL,0
2026-01-23T02:00:00,DG-001,81.94,0.227,342.0,69.1,96.5,75.03,25.82,NORMAL,0
2026-01-23T03:00:00,DG-001,108.79,0.834,410.2,93.8,11.4,102.01,23.79,FAILURE_PRECURSOR,1
2026-01-23T04:00:00,DG-001,96.49,0.633,373.2,77.2,26.0,89.51,23.58,WARNING,0
2026-01-23T05:00:00,DG-001,106.76,1.51,521.2,107.9,20.1,106.76,20.28,FAILURE_PRECURSOR,1
2026-01-23T06:00:00,DG-001,80.77,0.225,367.4,72.2,30.6,76.16,26.15,NORMAL,0
2026-01-23T07:00:00,DG-001,82.3,0.148,299.6,58.3,85.9,75.49,26.09,NORMAL,0
2026-01-23T08:00:00,DG-001,80.85,0.258,338.6,66.4,75.2,74.21,25.08,NORMAL,0
2026-01-23T09:00:00,DG-001,78.1,0.233,256.1,52.0,43.8,73.96,25.44,NORMAL,0
2026-01-23T10:00:00,DG-001,83.18,0.253,407.5,81.9,32.9,75.82,27.78,NORMAL,0
2026-01-23T11:00:00,DG-001,109.48,1.508,455.3,90.1,12.5,107.11,20.78,FAILURE_PRECURSOR,1
2026-01-23T12:00:00,DG-001,116.22,1.098,397.2,93.2,38.2,106.7,23.81,FAILURE_PRECURSOR,1
2026-01-23T13:00:00,DG-001,80.78,0.252,405.7,80.8,47.4,76.64,26.27,NORMAL,0
2026-01-23T14:00:00,DG-001,102.83,1.528,427.7,96.1,20.4,107.64,23.25,FAILURE_PRECURSOR,1
2026-01-23T15:00:00,DG-001,83.57,0.319,395.7,79.7,84.4,76.54,27.22,NORMAL,0
2026-01-23T16:00:00,DG-001,98.58,0.415,423.0,82.9,71.2,86.88,24.35,WARNING,0
2026-01-23T17:00:00,DG-001,83.1,0.208,354.0,72.2,79.9,76.0,25.88,NORMAL,0
2026-01-23T18:00:00,DG-001,80.62,0.243,292.6,57.6,76.6,74.55,26.58,NORMAL,0
2026-01-23T19:00:00,DG-001,81.17,0.214,333.0,65.6,32.3,75.71,26.65,NORMAL,0
2026-01-23T20:00:00,DG-001,83.43,0.28,355.3,71.0,71.9,76.07,26.02,NORMAL,0
2026-01-23T21:00:00,DG-001,82.62,0.224,408.9,81.4,57.9,77.74,26.18,NORMAL,0
2026-01-23T22:00:00,DG-001,98.35,0.455,399.1,81.8,55.2,86.37,25.12,WARNING,0
2026-01-23T23:00:00,DG-001,80.31,0.245,275.0,56.9,96.2,74.96,26.31,NORMAL,0
2026-01-24T00:00:00,DG-001,84.58,0.181,413.7,82.6,65.2,76.24,26.6,NORMAL,0
2026-01-24T01:00:00,DG-001,79.52,0.285,271.6,55.8,35.4,74.54,26.78,NORMAL,0
2026-01-24T02:00:00,DG-001,82.37,0.231,371.6,71.8,35.8,73.69,26.56,NORMAL,0
2026-01-24T03:00:00,DG-001,97.52,0.425,406.7,78.7,35.8,86.71,24.31,WARNING,0
2026-01-24T04:00:00,DG-001,78.12,0.226,300.3,62.1,21.0,74.65,27.76,NORMAL,0
2026-01-24T05:00:00,DG-001,81.3,0.25,379.7,75.9,38.9,76.55,26.84,NORMAL,0
2026-01-24T06:00:00,DG-001,80.77,0.262,325.2,65.0,25.0,73.8,27.31,NORMAL,0
2026-01-24T07:00:00,DG-001,80.3,0.179,268.5,54.2,23.2,75.03,26.27,NORMAL,0
2026-01-24T08:00:00,DG-001,79.24,0.28,347.7,70.2,28.0,75.3,26.1,NORMAL,0
2026-01-24T09:00:00,DG-001,102.35,0.486,464.8,94.3,71.8,88.34,24.45,WARNING,0
2026-01-24T10:00:00,DG-001,84.34,0.266,305.5,61.1,47.5,75.82,25.75,NORMAL,0
2026-01-24T11:00:00,DG-001,102.34,0.554,412.1,86.2,21.0,89.21,24.81,WARNING,0
2026-01-24T12:00:00,DG-001,81.73,0.276,420.5,82.6,90.4,77.06,26.22,NORMAL,0
2026-01-24T13:00:00,DG-001,81.72,0.279,402.4,81.5,80.8,75.89,27.73,NORMAL,0
2026-01-24T14:00:00,DG-001,81.91,0.186,295.0,60.5,23.2,74.7,26.85,NORMAL,0
2026-01-24T15:00:00,DG-001,81.06,0.218,335.2,66.4,65.2,74.61,26.28,NORMAL,0
2026-01-24T16:00:00,DG-001,82.09,0.191,260.3,51.2,86.4,74.18,26.16,NORMAL,0
2026-01-24T17:00:00,DG-001,81.63,0.337,413.1,82.7,76.1,76.84,26.0,NORMAL,0
2026-01-24T18:00:00,DG-001,100.23,0.622,440.4,93.6,37.8,89.12,23.85,WARNING,0
2026-01-24T19:00:00,DG-001,108.29,1.374,452.9,101.1,24.6,105.59,23.21,FAILURE_PRECURSOR,1
2026-01-24T20:00:00,DG-001,99.08,0.518,365.7,78.6,32.1,86.23,25.23,WARNING,0
2026-01-24T21:00:00,DG-001,84.22,0.157,302.0,60.5,66.7,73.68,25.17,NORMAL,0
2026-01-24T22:00:00,DG-001,93.34,0.579,361.4,78.0,45.8,90.5,25.1,WARNING,0
2026-01-24T23:00:00,DG-001,81.63,0.264,250.7,50.3,53.7,73.63,27.94,NORMAL,0
2026-01-25T00:00:00,DG-001,84.11,0.346,411.1,81.8,58.0,76.86,26.37,NORMAL,0
2026-01-25T01:00:00,DG-001,82.61,0.28,418.9,83.8,64.0,77.83,25.21,NORMAL,0
2026-01-25T02:00:00,DG-001,83.86,0.238,400.4,80.7,61.0,76.54,27.92,NORMAL,0
2026-01-25T03:00:00,DG-001,80.99,0.273,330.7,66.4,82.4,75.07,25.89,NORMAL,0
2026-01-25T04:00:00,DG-001,80.07,0.168,288.9,58.0,58.8,75.13,27.96,NORMAL,0
2026-01-25T05:00:00,DG-001,85.84,0.245,407.3,81.2,34.7,75.99,25.85,NORMAL,0
2026-01-25T06:00:00,DG-001,79.36,0.22,265.6,50.8,22.2,73.35,26.29,NORMAL,0
2026-01-25T07:00:00,DG-001,97.07,0.53,365.0,75.2,81.6,84.96,24.17,WARNING,0
2026-01-25T08:00:00,DG-001,102.53,0.585,347.1,81.7,86.9,89.03,23.84,WARNING,0
2026-01-25T09:00:00,DG-001,80.55,0.192,352.0,70.3,32.4,75.0,25.25,NORMAL,0
2026-01-25T10:00:00,DG-001,80.5,0.179,338.0,67.9,95.6,74.89,27.9,NORMAL,0
2026-01-25T11:00:00,DG-001,82.07,0.268,359.2,70.0,99.6,75.12,27.2,NORMAL,0
2026-01-25T12:00:00,DG-001,78.3,0.28,344.2,68.8,38.2,76.69,26.81,NORMAL,0
2026-01-25T13:00:00,DG-001,82.85,0.249,363.8,74.3,33.6,77.3,27.32,NORMAL,0
2026-01-25T14:00:00,DG-001,83.37,0.207,318.0,62.1,47.4,74.89,26.73,NORMAL,0
2026-01-25T15:00:00,DG-001,97.02,0.478,359.7,79.8,57.8,83.62,25.9,WARNING,0
2026-01-25T16:00:00,DG-001,97.85,0.571,376.9,77.8,42.9,89.33,25.15,WARNING,0
2026-01-25T17:00:00,DG-001,83.1,0.218,333.9,66.0,55.5,74.99,27.9,NORMAL,0
2026-01-25T18:00:00,DG-001,80.16,0.283,341.4,68.4,45.3,74.95,26.06,NORMAL,0
2026-01-25T19:00:00,DG-001,80.22,0.174,305.8,61.2,66.1,75.26,26.33,NORMAL,0
2026-01-25T20:00:00,DG-001,112.13,1.286,438.9,91.0,31.8,104.63,20.26,FAILURE_PRECURSOR,1
2026-01-25T21:00:00,DG-001,79.82,0.208,292.9,57.4,25.8,74.15,27.86,NORMAL,0
2026-01-25T22:00:00,DG-001,80.71,0.265,321.8,62.2,37.1,74.59,25.72,NORMAL,0
2026-01-25T23:00:00,DG-001,81.44,0.22,367.0,74.6,84.0,76.26,27.86,NORMAL,0
2026-01-26T00:00:00,DG-001,80.14,0.148,257.4,52.4,87.6,75.72,27.57,NORMAL,0
2026-01-26T01:00:00,DG-001,82.45,0.228,369.4,74.1,81.3,74.2,27.08,NORMAL,0
2026-01-26T02:00:00,DG-001,81.47,0.234,383.1,78.4,38.0,77.2,27.96,NORMAL,0
2026-01-26T03:00:00,DG-001,83.78,0.264,364.5,71.3,66.3,75.51,26.0,NORMAL,0
2026-01-26T04:00:00,DG-001,94.42,0.59,404.8,86.4,51.9,88.68,23.7,WARNING,0
2026-01-26T05:00:00,DG-001,77.58,0.215,280.6,56.4,94.2,72.84,25.4,NORMAL,0
2026-01-26T06:00:00,DG-001,98.83,0.642,423.1,89.2,77.6,88.3,24.93,WARNING,0
2026-01-26T07:00:00,DG-001,82.69,0.331,350.7,72.6,54.8,75.91,25.24,NORMAL,0
2026-01-26T08:00:00,DG-001,81.42,0.258,341.6,69.1,31.6,75.03,25.31,NORMAL,0
2026-01-26T09:00:00,DG-001,98.71,0.54,415.1,85.6,77.1,87.39,25.6,WARNING,0
2026-01-26T10:00:00,DG-001,79.35,0.185,259.7,52.6,68.8,72.78,27.83,NORMAL,0
2026-01-26T11:00:00,DG-001,99.03,0.483,420.2,89.2,34.8,86.82,25.99,WARNING,0
2026-01-26T12:00:00,DG-001,85.09,0.303,415.4,82.6,72.0,77.94,25.39,NORMAL,0
2026-01-26T13:00:00,DG-001,115.13,1.151,481.6,107.8,36.6,105.01,23.31,FAILURE_PRECURSOR,1
2026-01-26T14:00:00,DG-001,78.61,0.079,260.6,51.9,62.0,74.76,25.93,NORMAL,0
2026-01-26T15:00:00,DG-001,82.88,0.157,427.0,84.0,77.2,75.64,26.99,NORMAL,0
2026-01-26T16:00:00,DG-001,81.63,0.18,305.8,61.0,91.3,74.4,27.61,NORMAL,0
2026-01-26T17:00:00,DG-001,81.95,0.204,327.6,66.1,87.1,75.98,26.26,NORMAL,0
2026-01-26T18:00:00,DG-001,94.27,0.431,386.7,79.9,56.0,87.67,24.03,WARNING,0
2026-01-26T19:00:00,DG-001,84.42,0.189,384.1,76.5,67.0,75.63,25.17,NORMAL,0
2026-01-26T20:00:00,DG-001,95.33,0.415,380.7,75.3,41.2,87.97,23.98,WARNING,0
2026-01-26T21:00:00,DG-001,82.74,0.312,302.2,59.6,48.2,75.93,25.62,NORMAL,0
2026-01-26T22:00:00,DG-001,81.73,0.23,273.3,54.5,28.5,74.75,25.55,NORMAL,0
2026-01-26T23:00:00,DG-001,100.58,0.611,423.7,86.6,63.0,89.61,23.86,WARNING,0
2026-01-27T00:00:00,DG-001,84.03,0.271,415.3,83.5,38.8,77.2,25.53,NORMAL,0
2026-01-27T01:00:00,DG-001,81.98,0.241,408.2,82.0,31.7,76.57,27.74,NORMAL,0
2026-01-27T02:00:00,DG-001,83.25,0.24,286.3,58.2,55.8,76.12,25.93,NORMAL,0
2026-01-27T03:00:00,DG-001,84.25,0.217,417.0,84.4,93.2,77.62,25.76,NORMAL,0
2026-01-27T04:00:00,DG-001,80.2,0.277,403.1,81.4,74.1,76.46,27.84,NORMAL,0
2026-01-27T05:00:00,DG-001,81.39,0.185,281.6,56.6,30.4,75.89,25.42,NORMAL,0
2026-01-27T06:00:00,DG-001,80.16,0.281,278.2,56.9,70.3,76.52,27.05,NORMAL,0
2026-01-27T07:00:00,DG-001,80.76,0.251,256.3,51.4,33.1,75.33,27.97,NORMAL,0
2026-01-27T08:00:00,DG-001,82.74,0.193,372.0,73.6,92.8,75.71,27.34,NORMAL,0
2026-01-27T09:00:00,DG-001,82.41,0.158,350.7,72.1,95.3,76.83,27.81,NORMAL,0
2026-01-27T10:00:00,DG-001,81.9,0.217,407.3,80.6,70.7,76.32,27.74,NORMAL,0
2026-01-27T11:00:00,DG-001,80.54,0.29,287.9,59.0,72.2,75.0,25.71,NORMAL,0
2026-01-27T12:00:00,DG-001,81.63,0.23,356.5,70.9,97.2,74.98,26.99,NORMAL,0
2026-01-27T13:00:00,DG-001,107.11,1.436,421.2,97.6,41.7,104.16,21.09,FAILURE_PRECURSOR,1
2026-01-27T14:00:00,DG-001,78.54,0.297,262.6,53.1,24.5,75.08,25.21,NORMAL,0
2026-01-27T15:00:00,DG-001,82.02,0.28,350.7,70.3,78.5,76.82,27.13,NORMAL,0
2026-01-27T16:00:00,DG-001,80.34,0.235,315.9,62.6,58.0,72.84,27.99,NORMAL,0
2026-01-27T17:00:00,DG-001,98.39,0.666,421.1,83.6,46.3,90.96,24.89,WARNING,0
2026-01-27T18:00:00,DG-001,78.11,0.17,263.0,53.3,33.0,73.39,26.52,NORMAL,0
2026-01-27T19:00:00,DG-001,114.39,1.491,521.6,106.3,5.4,104.6,20.58,FAILURE_PRECURSOR,1
2026-01-27T20:00:00,DG-001,83.77,0.099,352.6,70.5,55.4,75.54,27.15,NORMAL,0
2026-01-27T21:00:00,DG-001,81.35,0.279,287.4,58.2,86.4,73.92,26.88,NORMAL,0
2026-01-27T22:00:00,DG-001,81.48,0.26,291.8,59.0,70.1,71.81,25.61,NORMAL,0
2026-01-27T23:00:00,DG-001,80.46,0.128,428.3,84.8,56.1,76.92,27.4,NORMAL,0
2026-01-28T00:00:00,DG-001,79.96,0.239,344.5,70.5,46.8,75.41,27.74,NORMAL,0
2026-01-28T01:00:00,DG-001,111.86,0.904,507.1,98.3,25.1,103.23,22.49,FAILURE_PRECURSOR,1
2026-01-28T02:00:00,DG-001,96.42,0.449,391.9,79.4,46.4,87.7,25.13,WARNING,0
2026-01-28T03:00:00,DG-001,81.27,0.124,267.1,52.9,77.4,73.18,25.74,NORMAL,0
2026-01-28T04:00:00,DG-001,99.99,0.424,428.4,88.5,44.2,87.09,25.96,WARNING,0
2026-01-28T05:00:00,DG-001,81.21,0.214,366.1,74.0,21.6,75.27,25.7,NORMAL,0
2026-01-28T06:00:00,DG-001,95.94,0.502,467.0,94.3,27.0,90.22,23.44,WARNING,0
2026-01-28T07:00:00,DG-001,98.35,0.493,412.1,87.3,45.0,90.66,25.43,WARNING,0
2026-01-28T08:00:00,DG-001,107.4,1.417,456.9,95.2,8.9,104.44,23.63,FAILURE_PRECURSOR,1
2026-01-28T09:00:00,DG-001,109.02,1.444,493.1,105.6,7.2,104.64,23.81,FAILURE_PRECURSOR,1
2026-01-28T10:00:00,DG-001,83.04,0.331,349.0,68.8,73.3,75.54,27.8,NORMAL,0
2026-01-28T11:00:00,DG-001,95.74,0.563,360.1,75.3,66.3,82.77,23.22,WARNING,0
2026-01-28T12:00:00,DG-001,80.89,0.251,378.7,76.8,69.0,76.62,27.62,NORMAL,0
2026-01-28T13:00:00,DG-001,82.18,0.269,411.6,83.7,85.4,77.4,27.41,NORMAL,0
2026-01-28T14:00:00,DG-001,114.45,0.906,430.4,97.5,23.8,108.75,20.36,FAILURE_PRECURSOR,1
2026-01-28T15:00:00,DG-001,102.87,0.43,438.7,92.1,24.7,88.6,25.62,WARNING,0
2026-01-28T16:00:00,DG-001,78.11,0.271,264.4,53.5,38.9,75.01,26.92,NORMAL,0
2026-01-28T17:00:00,DG-001,81.57,0.274,397.0,80.6,80.7,76.19,27.1,NORMAL,0
2026-01-28T18:00:00,DG-001,82.74,0.236,327.0,67.7,59.4,76.2,27.54,NORMAL,0
2026-01-28T19:00:00,DG-001,82.13,0.249,327.4,67.2,65.8,74.39,26.48,NORMAL,0
2026-01-28T20:00:00,DG-001,79.64,0.247,387.6,77.8,44.4,75.82,27.85,NORMAL,0
2026-01-28T21:00:00,DG-001,82.34,0.135,320.4,66.1,97.2,76.03,26.34,NORMAL,0
2026-01-28T22:00:00,DG-001,80.51,0.138,291.5,59.0,21.7,75.38,27.13,NORMAL,0
2026-01-28T23:00:00,DG-001,83.85,0.159,389.1,77.2,88.2,75.37,25.16,NORMAL,0
2026-01-29T00:00:00,DG-001,85.04,0.217,406.2,80.6,34.3,76.17,25.38,NORMAL,0
2026-01-29T01:00:00,DG-001,80.19,0.218,264.8,52.9,76.2,75.03,25.81,NORMAL,0
2026-01-29T02:00:00,DG-001,84.77,0.21,426.0,84.6,44.0,77.39,26.53,NORMAL,0
2026-01-29T03:00:00,DG-001,83.02,0.187,295.8,60.0,28.2,74.87,25.05,NORMAL,0
2026-01-29T04:00:00,DG-001,85.02,0.292,402.4,82.7,90.1,76.08,25.33,NORMAL,0
2026-01-29T05:00:00,DG-001,91.5,0.588,414.4,78.4,18.8,88.0,24.62,WARNING,0
2026-01-29T06:00:00,DG-001,81.58,0.179,284.9,56.6,39.9,74.25,25.9,NORMAL,0
2026-01-29T07:00:00,DG-001,81.29,0.089,293.0,58.9,61.0,74.18,27.51,NORMAL,0
2026-01-29T08:00:00,DG-001,82.19,0.217,345.8,69.7,29.3,76.44,25.63,NORMAL,0
2026-01-29T09:00:00,DG-001,102.78,1.442,364.5,85.5,11.6,105.49,20.54,FAILURE_PRECURSOR,1
2026-01-29T10:00:00,DG-001,80.97,0.269,365.7,72.5,25.8,75.33,25.63,NORMAL,0
2026-01-29T11:00:00,DG-001,81.75,0.26,316.3,64.1,24.1,73.91,26.21,NORMAL,0
2026-01-29T12:00:00,DG-001,77.9,0.153,274.9,54.3,49.3,74.95,25.46,NORMAL,0
2026-01-29T13:00:00,DG-001,81.5,0.257,274.0,55.3,70.3,73.27,25.32,NORMAL,0
2026-01-29T14:00:00,DG-001,82.67,0.335,426.7,84.5,34.0,76.92,26.66,NORMAL,0
2026-01-29T15:00:00,DG-001,84.98,0.324,405.9,79.5,68.5,76.67,27.27,NORMAL,0
2026-01-29T16:00:00,DG-001,82.12,0.268,383.1,77.9,21.4,76.09,26.01,NORMAL,0
2026-01-29T17:00:00,DG-001,84.23,0.295,343.9,69.2,88.1,76.08,25.36,NORMAL,0
2026-01-29T18:00:00,DG-001,83.42,0.33,425.5,84.1,94.3,75.33,26.05,NORMAL,0
2026-01-29T19:00:00,DG-001,84.55,0.29,342.4,69.2,35.6,74.2,27.53,NORMAL,0
2026-01-29T20:00:00,DG-001,99.52,0.462,428.6,86.3,87.5,90.21,24.3,WARNING,0
2026-01-29T21:00:00,DG-001,80.8,0.236,274.3,55.0,48.0,75.2,27.64,NORMAL,0
2026-01-29T22:00:00,DG-001,81.95,0.302,373.4,75.4,50.6,75.3,27.33,NORMAL,0
2026-01-29T23:00:00,DG-001,77.07,0.248,304.6,63.2,73.7,74.54,26.57,NORMAL,0
2026-01-30T00:00:00,DG-001,82.68,0.227,300.0,59.7,69.4,76.63,25.09,NORMAL,0
2026-01-30T01:00:00,DG-001,83.37,0.205,344.4,69.1,23.0,74.65,25.16,NORMAL,0
2026-01-30T02:00:00,DG-001,78.28,0.156,344.4,68.8,56.9,74.8,25.57,NORMAL,0
2026-01-30T03:00:00,DG-001,81.65,0.285,299.8,58.7,41.9,74.38,25.22,NORMAL,0
2026-01-30T04:00:00,DG-001,113.67,1.368,449.8,99.9,30.6,104.52,20.15,FAILURE_PRECURSOR,1
2026-01-30T05:00:00,DG-001,105.07,1.556,552.7,109.2,15.8,104.97,21.86,FAILURE_PRECURSOR,1
2026-01-30T06:00:00,DG-001,81.88,0.141,334.9,65.9,73.1,75.29,27.49,NORMAL,0
2026-01-30T07:00:00,DG-001,81.38,0.277,418.2,82.7,56.8,76.15,25.74,NORMAL,0
2026-01-30T08:00:00,DG-001,82.0,0.195,352.3,69.5,80.0,74.72,26.24,NORMAL,0
2026-01-30T09:00:00,DG-001,83.67,0.269,414.4,84.7,74.7,76.11,27.57,NORMAL,0
2026-01-30T10:00:00,DG-001,93.05,0.662,361.3,79.1,85.6,86.22,24.54,WARNING,0
2026-01-30T11:00:00,DG-001,80.78,0.277,310.0,62.3,93.2,73.65,26.16,NORMAL,0
2026-01-30T12:00:00,DG-001,97.72,0.417,412.8,85.1,86.1,87.85,23.47,WARNING,0
2026-01-30T13:00:00,DG-001,93.8,0.577,388.8,80.4,53.6,88.19,25.64,WARNING,0
2026-01-30T14:00:00,DG-001,95.95,0.438,416.0,86.2,69.2,86.02,23.06,WARNING,0
2026-01-30T15:00:00,DG-001,82.42,0.266,354.4,70.8,87.3,74.93,26.66,NORMAL,0
2026-01-30T16:00:00,DG-001,109.28,1.056,389.2,95.8,20.6,107.98,20.16,FAILURE_PRECURSOR,1
2026-01-30T17:00:00,DG-001,81.25,0.251,375.2,74.0,97.5,76.42,26.94,NORMAL,0
2026-01-30T18:00:00,DG-001,81.69,0.267,406.4,82.4,58.6,76.67,26.78,NORMAL,0
2026-01-30T19:00:00,DG-001,79.98,0.13,251.1,50.4,77.2,74.55,26.27,NORMAL,0
2026-01-30T20:00:00,DG-001,78.98,0.199,301.0,60.5,82.4,74.77,25.67,NORMAL,0
2026-01-30T21:00:00,DG-001,79.87,0.205,264.8,52.8,74.7,74.32,27.56,NORMAL,0
2026-01-30T22:00:00,DG-001,83.33,0.277,379.1,77.4,78.2,76.24,27.54,NORMAL,0
2026-01-30T23:00:00,DG-001,106.26,1.434,380.2,88.9,30.0,103.04,23.37,FAILURE_PRECURSOR,1
2026-01-31T00:00:00,DG-001,114.4,0.807,483.0,108.2,45.0,105.39,22.68,FAILURE_PRECURSOR,1
2026-01-31T01:00:00,DG-001,82.9,0.216,351.9,71.2,60.2,75.69,26.68,NORMAL,0
2026-01-31T02:00:00,DG-001,81.96,0.127,326.9,65.5,77.0,75.25,27.28,NORMAL,0
2026-01-31T03:00:00,DG-001,79.04,0.147,260.8,51.9,48.5,72.87,25.46,NORMAL,0
2026-01-31T04:00:00,DG-001,80.01,0.147,347.4,69.6,90.5,75.58,25.24,NORMAL,0
2026-01-31T05:00:00,DG-001,82.17,0.268,378.9,74.7,95.4,74.02,27.65,NORMAL,0
2026-01-31T06:00:00,DG-001,78.93,0.293,262.0,53.0,83.2,74.2,25.57,NORMAL,0
2026-01-31T07:00:00,DG-001,82.6,0.204,298.6,60.6,40.2,75.77,25.35,NORMAL,0
2026-01-31T08:00:00,DG-001,117.08,1.093,472.7,99.5,10.8,105.16,20.47,FAILURE_PRECURSOR,1
2026-01-31T09:00:00,DG-001,85.36,0.304,411.9,82.8,28.1,75.85,25.11,NORMAL,0
2026-01-31T10:00:00,DG-001,81.92,0.216,273.3,57.0,58.8,73.98,26.22,NORMAL,0
2026-01-31T11:00:00,DG-001,83.37,0.279,390.8,78.6,53.0,76.82,27.1,NORMAL,0
2026-01-31T12:00:00,DG-001,85.08,0.357,368.5,73.3,26.8,76.54,26.76,NORMAL,0
2026-01-31T13:00:00,DG-001,82.24,0.252,389.6,76.5,91.9,75.82,26.23,NORMAL,0
2026-01-31T14:00:00,DG-001,99.33,0.658,411.3,88.7,46.3,88.06,23.72,WARNING,0
2026-01-31T15:00:00,DG-001,80.5,0.186,298.0,61.2,79.7,76.92,26.04,NORMAL,0
2026-01-31T16:00:00,DG-001,100.9,0.446,420.4,90.1,33.5,88.47,25.42,WARNING,0
2026-01-31T17:00:00,DG-001,79.16,0.227,277.9,54.6,72.4,74.73,26.58,NORMAL,0
2026-01-31T18:00:00,DG-001,80.61,0.316,395.8,80.3,83.2,77.03,25.22,NORMAL,0
2026-01-31T19:00:00,DG-001,79.25,0.261,375.3,73.7,84.7,76.72,26.07,NORMAL,0
2026-01-31T20:00:00,DG-001,83.84,0.206,356.9,70.0,94.4,75.21,27.45,NORMAL,0
2026-01-31T21:00:00,DG-001,79.51,0.285,360.9,73.2,27.1,76.14,26.25,NORMAL,0
2026-01-31T22:00:00,DG-001,81.19,0.265,286.6,58.1,47.0,76.55,25.27,NORMAL,0
2026-01-31T23:00:00,DG-001,81.21,0.258,425.1,83.7,95.5,75.71,26.69,NORMAL,0
2026-02-01T00:00:00,DG-001,80.16,0.225,286.8,58.3,74.3,74.6,27.98,NORMAL,0
2026-02-01T01:00:00,DG-001,85.17,0.189,420.3,84.7,20.1,74.96,25.26,NORMAL,0
2026-02-01T02:00:00,DG-001,83.73,0.208,391.6,79.3,83.4,76.05,25.86,NORMAL,0
2026-02-01T03:00:00,DG-001,110.5,0.986,481.8,109.4,44.2,107.48,20.45,FAILURE_PRECURSOR,1
2026-02-01T04:00:00,DG-001,78.02,0.183,277.2,55.8,24.4,76.14,27.97,NORMAL,0
2026-02-01T05:00:00,DG-001,78.69,0.235,337.4,66.9,84.4,75.72,27.82,NORMAL,0
2026-02-01T06:00:00,DG-001,96.82,0.52,426.3,86.0,87.1,88.08,23.86,WARNING,0
2026-02-01T07:00:00,DG-001,77.41,0.172,267.4,53.4,54.7,74.04,26.39,NORMAL,0
2026-02-01T08:00:00,DG-001,97.81,0.528,412.4,89.8,18.9,87.29,25.32,WARNING,0
2026-02-01T09:00:00,DG-001,81.14,0.252,391.4,77.8,61.6,76.97,26.45,NORMAL,0
2026-02-01T10:00:00,DG-001,113.2,0.958,474.4,109.1,46.9,107.23,21.62,FAILURE_PRECURSOR,1
2026-02-01T11:00:00,DG-001,80.18,0.216,334.4,67.9,93.2,74.35,27.9,NORMAL,0
2026-02-01T12:00:00,DG-001,80.99,0.191,264.7,54.2,38.1,76.52,25.22,NORMAL,0
2026-02-01T13:00:00,DG-001,107.78,1.425,442.4,107.7,33.5,107.38,23.64,FAILURE_PRECURSOR,1
2026-02-01T14:00:00,DG-001,80.34,0.279,403.1,81.8,96.6,76.15,26.73,NORMAL,0
2026-02-01T15:00:00,DG-001,77.99,0.263,263.5,52.9,35.3,75.35,25.58,NORMAL,0
2026-02-01T16:00:00,DG-001,95.63,0.497,395.2,80.3,30.5,89.06,25.8,WARNING,0
2026-02-01T17:00:00,DG-001,80.44,0.057,280.0,55.2,84.5,74.25,27.69,NORMAL,0
2026-02-01T18:00:00,DG-001,77.51,0.15,303.9,61.2,38.5,73.58,25.16,NORMAL,0
2026-02-01T19:00:00,DG-001,100.39,0.545,446.9,92.0,31.2,89.11,23.6,WARNING,0
2026-02-01T20:00:00,DG-001,81.74,0.201,273.5,56.0,23.9,76.25,27.8,NORMAL,0
2026-02-01T21:00:00,DG-001,81.32,0.245,357.6,69.8,71.1,74.48,27.09,NORMAL,0
2026-02-01T22:00:00,DG-001,78.77,0.196,266.2,53.3,81.3,74.92,25.95,NORMAL,0
2026-02-01T23:00:00,DG-001,81.53,0.234,302.6,60.9,81.1,74.99,26.7,NORMAL,0
2026-02-02T00:00:00,DG-001,80.55,0.298,289.1,58.0,48.8,74.62,27.46,NORMAL,0
2026-02-02T01:00:00,DG-001,82.49,0.249,356.6,73.7,71.4,76.64,27.86,NORMAL,0
2026-02-02T02:00:00,DG-001,79.83,0.26,270.2,54.4,68.1,76.44,25.6,NORMAL,0
2026-02-02T03:00:00,DG-001,78.16,0.309,325.9,64.5,23.1,75.69,27.31,NORMAL,0
2026-02-02T04:00:00,DG-001,81.15,0.28,338.7,68.8,22.5,72.97,25.47,NORMAL,0
2026-02-02T05:00:00,DG-001,107.97,1.543,405.3,91.0,20.6,107.7,23.65,FAILURE_PRECURSOR,1
2026-02-02T06:00:00,DG-001,81.42,0.225,254.7,51.4,62.7,73.42,26.13,NORMAL,0
2026-02-02T07:00:00,DG-001,82.68,0.183,288.3,58.4,60.3,74.05,25.57,NORMAL,0
2026-02-02T08:00:00,DG-001,98.7,0.424,402.6,79.8,76.3,86.86,24.65,WARNING,0
2026-02-02T09:00:00,DG-001,110.24,0.832,546.7,104.8,35.0,105.42,20.61,FAILURE_PRECURSOR,1
2026-02-02T10:00:00,DG-001,82.23,0.174,363.2,70.5,63.0,75.13,26.35,NORMAL,0
2026-02-02T11:00:00,DG-001,83.84,0.337,381.3,77.4,36.4,77.65,25.06,NORMAL,0
2026-02-02T12:00:00,DG-001,81.96,0.3,403.9,80.7,84.2,74.62,25.36,NORMAL,0
2026-02-02T13:00:00,DG-001,78.47,0.364,408.6,81.5,22.7,76.07,26.8,NORMAL,0
2026-02-02T14:00:00,DG-001,81.05,0.187,271.5,55.4,60.3,76.41,25.22,NORMAL,0
2026-02-02T15:00:00,DG-001,80.38,0.282,360.6,70.1,54.6,74.77,27.3,NORMAL,0
2026-02-02T16:00:00,DG-001,84.09,0.169,368.2,72.7,48.5,76.04,25.38,NORMAL,0
2026-02-02T17:00:00,DG-001,83.68,0.186,399.7,79.2,77.6,76.83,26.25,NORMAL,0
2026-02-02T18:00:00,DG-001,108.3,0.953,455.4,95.2,8.0,104.6,23.22,FAILURE_PRECURSOR,1
2026-02-02T19:00:00,DG-001,83.56,0.245,347.5,70.0,42.3,73.05,25.21,NORMAL,0
2026-02-02T20:00:00,DG-001,82.83,0.177,410.7,83.1,79.1,77.12,26.46,NORMAL,0
2026-02-02T21:00:00,DG-001,96.51,0.684,425.6,87.5,85.0,89.28,23.79,WARNING,0
2026-02-02T22:00:00,DG-001,81.93,0.238,374.6,76.4,97.0,77.44,25.31,NORMAL,0
2026-02-02T23:00:00,DG-001,98.22,0.647,343.5,80.4,58.6,90.08,23.94,WARNING,0
2026-02-03T00:00:00,DG-001,83.61,0.276,321.0,64.4,56.7,75.23,27.58,NORMAL,0
2026-02-03T01:00:00,DG-001,82.36,0.215,299.2,58.5,58.1,74.01,25.29,NORMAL,0
2026-02-03T02:00:00,DG-001,110.66,0.987,424.8,104.3,15.3,108.2,23.08,FAILURE_PRECURSOR,1
2026-02-03T03:00:00,DG-001,108.63,1.104,524.1,99.8,26.9,105.07,22.24,FAILURE_PRECURSOR,1
2026-02-03T04:00:00,DG-001,80.89,0.28,282.7,56.2,95.8,74.0,27.8,NORMAL,0
2026-02-03T05:00:00,DG-001,78.96,0.212,270.9,54.7,83.6,72.89,26.15,NORMAL,0
2026-02-03T06:00:00,DG-001,80.7,0.125,281.5,56.0,77.2,73.43,26.7,NORMAL,0
2026-02-03T07:00:00,DG-001,109.97,1.516,462.8,107.8,7.1,105.46,21.77,FAILURE_PRECURSOR,1
2026-02-03T08:00:00,DG-001,81.15,0.341,306.5,61.8,85.6,75.32,26.3,NORMAL,0
2026-02-03T09:00:00,DG-001,110.75,1.226,421.7,88.0,41.6,104.6,20.65,FAILURE_PRECURSOR,1
2026-02-03T10:00:00,DG-001,99.89,0.496,443.9,93.3,69.0,88.39,23.13,WARNING,0
2026-02-03T11:00:00,DG-001,81.01,0.246,289.7,59.0,45.7,74.4,26.06,NORMAL,0
2026-02-03T12:00:00,DG-001,102.94,0.819,485.4,101.0,9.3,104.72,21.21,FAILURE_PRECURSOR,1
2026-02-03T13:00:00,DG-001,96.81,0.442,419.7,87.1,55.9,86.84,24.51,WARNING,0
2026-02-03T14:00:00,DG-001,84.1,0.291,419.7,83.2,32.7,75.41,27.93,NORMAL,0
2026-02-03T15:00:00,DG-001,81.23,0.18,315.4,62.7,23.2,73.36,27.66,NORMAL,0
2026-02-03T16:00:00,DG-001,109.34,1.038,477.1,105.8,21.3,106.62,21.21,FAILURE_PRECURSOR,1
2026-02-03T17:00:00,DG-001,83.62,0.253,426.3,84.6,62.6,76.69,25.74,NORMAL,0
2026-02-03T18:00:00,DG-001,83.51,0.207,374.5,74.6,88.9,74.67,25.65,NORMAL,0
2026-02-03T19:00:00,DG-001,106.0,0.84,420.3,98.0,47.5,106.49,22.13,FAILURE_PRECURSOR,1
2026-02-03T20:00:00,DG-001,80.52,0.389,359.5,74.3,76.5,75.61,26.41,NORMAL,0
2026-02-03T21:00:00,DG-001,103.89,0.834,512.5,93.2,39.2,103.81,20.67,FAILURE_PRECURSOR,1
2026-02-03T22:00:00,DG-001,112.18,1.364,481.8,108.6,26.6,109.69,23.4,FAILURE_PRECURSOR,1
2026-02-03T23:00:00,DG-001,78.47,0.17,338.0,67.3,28.0,75.67,26.9,NORMAL,0
2026-02-04T00:00:00,DG-001,81.43,0.211,267.1,54.2,54.5,75.9,25.27,NORMAL,0
2026-02-04T01:00:00,DG-001,80.9,0.361,425.7,84.5,42.9,76.11,27.93,NORMAL,0
2026-02-04T02:00:00,DG-001,81.85,0.157,365.2,72.7,25.2,76.13,25.75,NORMAL,0
2026-02-04T03:00:00,DG-001,83.0,0.154,344.2,70.0,34.1,76.26,27.91,NORMAL,0
2026-02-04T04:00:00,DG-001,79.83,0.149,322.5,64.8,44.4,75.13,26.63,NORMAL,0
2026-02-04T05:00:00,DG-001,82.26,0.161,268.2,53.0,57.5,73.33,26.25,NORMAL,0
2026-02-04T06:00:00,DG-001,82.71,0.261,261.3,53.5,35.5,73.04,26.38,NORMAL,0
2026-02-04T07:00:00,DG-001,81.52,0.194,255.1,50.8,71.1,73.31,25.38,NORMAL,0
2026-02-04T08:00:00,DG-001,79.08,0.141,279.6,54.7,72.1,74.86,25.77,NORMAL,0
2026-02-04T09:00:00,DG-001,84.53,0.155,341.6,68.8,68.6,76.48,28.0,NORMAL,0
2026-02-04T10:00:00,DG-001,81.2,0.209,281.0,57.9,49.9,75.34,26.1,NORMAL,0
2026-02-04T11:00:00,DG-001,82.59,0.318,404.3,79.3,89.7,77.36,25.12,NORMAL,0
2026-02-04T12:00:00,DG-001,80.59,0.332,319.5,63.9,55.2,73.13,25.41,NORMAL,0
2026-02-04T13:00:00,DG-001,80.4,0.189,329.5,64.1,28.7,75.23,27.42,NORMAL,0
2026-02-04T14:00:00,DG-001,81.88,0.278,310.0,61.8,63.4,74.54,27.01,NORMAL,0
2026-02-04T15:00:00,DG-001,97.6,0.439,381.7,77.5,39.5,87.87,24.24,WARNING,0
2026-02-04T16:00:00,DG-001,85.03,0.285,408.0,82.6,24.5,75.81,27.36,NORMAL,0
2026-02-04T17:00:00,DG-001,84.28,0.257,344.7,67.7,63.8,73.84,26.76,NORMAL,0
2026-02-04T18:00:00,DG-001,80.91,0.141,297.9,59.1,48.1,75.56,27.37,NORMAL,0
2026-02-04T19:00:00,DG-001,81.58,0.229,315.3,63.8,76.3,75.91,27.49,NORMAL,0
2026-02-04T20:00:00,DG-001,107.95,1.304,490.1,95.2,28.8,101.84,22.03,FAILURE_PRECURSOR,1
2026-02-04T21:00:00,DG-001,98.02,0.599,435.7,89.7,82.1,88.08,24.5,WARNING,0
2026-02-04T22:00:00,DG-001,110.01,0.918,324.1,86.4,46.2,104.22,22.86,FAILURE_PRECURSOR,1
2026-02-04T23:00:00,DG-001,80.55,0.252,362.4,73.5,61.7,75.05,27.19,NORMAL,0
2026-02-05T00:00:00,DG-001,83.32,0.238,287.4,56.7,66.4,75.48,25.53,NORMAL,0
2026-02-05T01:00:00,DG-001,105.28,1.336,432.6,93.0,14.5,101.96,21.35,FAILURE_PRECURSOR,1
2026-02-05T02:00:00,DG-001,80.3,0.254,279.7,56.3,79.6,72.92,25.96,NORMAL,0
2026-02-05T03:00:00,DG-001,109.99,0.926,464.6,96.0,45.0,104.87,22.6,FAILURE_PRECURSOR,1
2026-02-05T04:00:00,DG-001,86.09,0.259,416.0,81.5,73.4,74.89,27.95,NORMAL,0
2026-02-05T05:00:00,DG-001,82.6,0.195,307.9,61.4,55.1,74.87,26.0,NORMAL,0
2026-02-05T06:00:00,DG-001,79.95,0.219,288.6,55.8,25.8,73.85,26.78,NORMAL,0
2026-02-05T07:00:00,DG-001,78.72,0.235,266.5,52.6,58.2,75.03,27.01,NORMAL,0
2026-02-05T08:00:00,DG-001,81.59,0.267,259.5,51.3,71.4,71.87,25.83,NORMAL,0
2026-02-05T09:00:00,DG-001,83.06,0.32,399.0,80.5,61.4,77.43,26.58,NORMAL,0
2026-02-05T10:00:00,DG-001,82.86,0.369,384.1,76.2,79.8,75.19,27.3,NORMAL,0
2026-02-05T11:00:00,DG-001,81.01,0.204,306.3,60.7,53.2,75.52,27.03,NORMAL,0
2026-02-05T12:00:00,DG-001,81.42,0.261,316.6,62.0,64.3,74.52,25.09,NORMAL,0
2026-02-05T13:00:00,DG-001,97.58,0.652,410.2,85.7,48.5,88.08,23.71,WARNING,0
2026-02-05T14:00:00,DG-001,83.74,0.265,420.7,83.4,79.9,76.77,25.02,NORMAL,0
2026-02-05T15:00:00,DG-001,107.79,1.547,372.1,88.5,5.0,107.14,20.56,FAILURE_PRECURSOR,1
2026-02-05T16:00:00,DG-001,101.6,0.59,359.6,76.8,27.3,88.02,24.81,WARNING,0
2026-02-05T17:00:00,DG-001,84.56,0.178,305.4,60.5,73.0,74.12,25.91,NORMAL,0
2026-02-05T18:00:00,DG-001,82.1,0.197,374.5,74.1,90.5,75.09,25.79,NORMAL,0
2026-02-05T19:00:00,DG-001,95.32,0.517,382.0,78.9,36.2,89.32,24.87,WARNING,0
2026-02-05T20:00:00,DG-001,82.27,0.209,277.1,53.6,46.7,73.28,25.97,NORMAL,0
2026-02-05T21:00:00,DG-001,82.45,0.225,309.8,61.9,90.3,72.12,25.09,NORMAL,0
2026-02-05T22:00:00,DG-001,85.05,0.159,414.6,83.1,54.3,77.97,25.66,NORMAL,0
2026-02-05T23:00:00,DG-001,85.86,0.226,374.2,75.4,77.6,75.32,25.32,NORMAL,0
2026-02-06T00:00:00,DG-001,96.33,0.406,382.3,80.1,53.7,86.64,23.69,WARNING,0
2026-02-06T01:00:00,DG-001,83.51,0.309,408.3,82.9,78.2,75.1,26.24,NORMAL,0
2026-02-06T02:00:00,DG-001,82.76,0.282,395.5,80.0,53.1,76.53,25.6,NORMAL,0
2026-02-06T03:00:00,DG-001,82.83,0.201,411.4,80.7,89.5,77.33,26.15,NORMAL,0
2026-02-06T04:00:00,DG-001,81.45,0.193,329.0,65.4,59.5,76.4,27.5,NORMAL,0
2026-02-06T05:00:00,DG-001,81.67,0.147,249.0,50.5,53.7,75.0,26.49,NORMAL,0
2026-02-06T06:00:00,DG-001,80.36,0.198,287.7,58.1,20.7,73.55,26.07,NORMAL,0
2026-02-06T07:00:00,DG-001,100.93,0.596,391.1,75.6,19.1,89.93,23.13,WARNING,0
2026-02-06T08:00:00,DG-001,80.11,0.213,349.0,69.2,32.0,73.93,26.2,NORMAL,0
2026-02-06T09:00:00,DG-001,81.42,0.233,375.9,78.1,40.6,76.71,26.47,NORMAL,0
2026-02-06T10:00:00,DG-001,99.56,0.466,427.8,86.5,89.4,87.71,23.13,WARNING,0
2026-02-06T11:00:00,DG-001,82.51,0.131,388.2,77.9,23.9,77.2,26.61,NORMAL,0
2026-02-06T12:00:00,DG-001,79.72,0.235,291.8,58.6,77.0,73.75,26.94,NORMAL,0
2026-02-06T13:00:00,DG-001,79.37,0.23,266.6,52.8,47.0,74.87,26.79,NORMAL,0
2026-02-06T14:00:00,DG-001,84.38,0.224,269.4,54.3,71.3,72.14,26.09,NORMAL,0
2026-02-06T15:00:00,DG-001,105.35,1.3,391.0,89.1,47.8,104.44,21.12,FAILURE_PRECURSOR,1
2026-02-06T16:00:00,DG-001,82.32,0.344,357.3,71.1,90.3,75.41,25.12,NORMAL,0
2026-02-06T17:00:00,DG-001,80.85,0.329,268.7,54.5,98.6,74.28,27.69,NORMAL,0
2026-02-06T18:00:00,DG-001,79.88,0.213,282.8,55.7,36.0,75.26,27.13,NORMAL,0
2026-02-06T19:00:00,DG-001,83.76,0.232,363.2,74.1,83.4,76.6,26.36,NORMAL,0
2026-02-06T20:00:00,DG-001,99.54,0.469,408.9,88.1,35.5,87.11,23.35,WARNING,0
2026-02-06T21:00:00,DG-001,83.03,0.288,319.9,65.9,40.6,76.25,27.27,NORMAL,0
2026-02-06T22:00:00,DG-001,79.86,0.263,250.8,51.4,81.8,74.72,27.03,NORMAL,0
2026-02-06T23:00:00,DG-001,83.6,0.238,364.3,71.6,52.8,75.72,27.4,NORMAL,0
2026-02-07T00:00:00,DG-001,80.65,0.259,328.0,64.2,71.4,75.25,26.06,NORMAL,0
2026-02-07T01:00:00,DG-001,80.21,0.212,272.6,53.8,97.8,73.86,26.04,NORMAL,0
2026-02-07T02:00:00,DG-001,105.98,1.366,409.3,91.7,20.1,106.12,21.59,FAILURE_PRECURSOR,1
2026-02-07T03:00:00,DG-001,82.62,0.338,338.2,66.8,55.9,75.33,26.0,NORMAL,0
2026-02-07T04:00:00,DG-001,81.01,0.309,323.3,65.2,68.8,76.13,25.75,NORMAL,0
2026-02-07T05:00:00,DG-001,82.05,0.127,314.0,62.9,74.6,74.67,25.32,NORMAL,0
2026-02-07T06:00:00,DG-001,82.64,0.371,409.4,83.3,26.6,76.69,27.72,NORMAL,0
2026-02-07T07:00:00,DG-001,82.19,0.294,328.8,65.4,79.4,73.97,26.48,NORMAL,0
2026-02-07T08:00:00,DG-001,98.63,0.492,384.1,85.0,33.2,87.5,25.19,WARNING,0
2026-02-07T09:00:00,DG-001,83.17,0.165,344.4,68.5,20.0,74.67,25.85,NORMAL,0
2026-02-07T10:00:00,DG-001,82.72,0.291,416.0,82.7,49.9,77.95,27.91,NORMAL,0
2026-02-07T11:00:00,DG-001,80.88,0.2,252.1,52.2,76.3,74.51,25.36,NORMAL,0
2026-02-07T12:00:00,DG-001,82.05,0.215,309.8,63.1,85.9,74.23,26.6,NORMAL,0
2026-02-07T13:00:00,DG-001,82.47,0.291,411.0,83.0,82.7,78.14,26.21,NORMAL,0
2026-02-07T14:00:00,DG-001,106.34,1.101,318.2,88.2,24.6,102.84,22.74,FAILURE_PRECURSOR,1
2026-02-07T15:00:00,DG-001,82.63,0.254,399.9,78.6,38.9,77.24,25.86,NORMAL,0
2026-02-07T16:00:00,DG-001,78.05,0.181,254.1,51.4,89.9,74.15,26.09,NORMAL,0
2026-02-07T17:00:00,DG-001,82.28,0.197,302.4,61.7,66.2,76.08,25.87,NORMAL,0
2026-02-07T18:00:00,DG-001,78.9,0.246,282.8,56.7,30.2,76.05,25.77,NORMAL,0
2026-02-07T19:00:00,DG-001,79.37,0.205,301.7,60.7,65.0,72.78,26.52,NORMAL,0
2026-02-07T20:00:00,DG-001,82.52,0.251,303.6,60.3,48.8,74.54,26.65,NORMAL,0
2026-02-07T21:00:00,DG-001,83.19,0.17,353.7,70.6,27.8,77.06,26.77,NORMAL,0
2026-02-07T22:00:00,DG-001,82.12,0.276,379.1,74.6,22.0,76.44,27.03,NORMAL,0
2026-02-07T23:00:00,DG-001,79.99,0.168,311.6,61.7,93.7,75.73,27.39,NORMAL,0
2026-02-08T00:00:00,DG-001,108.32,1.298,415.7,85.3,49.1,103.01,21.01,FAILURE_PRECURSOR,1
2026-02-08T01:00:00,DG-001,80.94,0.327,396.6,77.8,28.6,77.1,26.03,NORMAL,0
2026-02-08T02:00:00,DG-001,84.6,0.248,339.5,70.6,22.1,75.99,26.19,NORMAL,0
2026-02-08T03:00:00,DG-001,82.86,0.309,426.4,84.2,21.4,77.02,26.32,NORMAL,0
2026-02-08T04:00:00,DG-001,82.65,0.259,347.0,67.9,86.3,76.68,25.09,NORMAL,0
2026-02-08T05:00:00,DG-001,95.13,0.412,395.3,80.2,46.4,87.22,24.01,WARNING,0
2026-02-08T06:00:00,DG-001,80.93,0.156,341.3,66.7,88.6,76.07,27.24,NORMAL,0
2026-02-08T07:00:00,DG-001,79.85,0.16,276.2,54.6,30.1,73.65,27.48,NORMAL,0
2026-02-08T08:00:00,DG-001,110.7,1.172,500.3,106.6,24.4,108.46,23.21,FAILURE_PRECURSOR,1
2026-02-08T09:00:00,DG-001,97.59,0.539,415.0,84.2,28.5,89.3,24.66,WARNING,0
2026-02-08T10:00:00,DG-001,84.16,0.304,422.4,83.9,86.4,76.68,26.94,NORMAL,0
2026-02-08T11:00:00,DG-001,82.22,0.191,400.3,79.8,24.1,75.24,26.59,NORMAL,0
2026-02-08T12:00:00,DG-001,81.4,0.239,389.7,78.4,55.8,77.32,27.29,NORMAL,0
2026-02-08T13:00:00,DG-001,92.4,0.434,416.1,87.4,70.8,86.97,24.19,WARNING,0
2026-02-08T14:00:00,DG-001,80.6,0.197,309.1,63.6,33.7,76.83,26.54,NORMAL,0
2026-02-08T15:00:00,DG-001,82.89,0.175,395.1,79.8,27.2,76.57,26.82,NORMAL,0
2026-02-08T16:00:00,DG-001,112.48,1.272,491.9,102.9,27.5,107.54,23.83,FAILURE_PRECURSOR,1
2026-02-08T17:00:00,DG-001,109.47,1.231,405.0,99.6,15.9,104.51,20.01,FAILURE_PRECURSOR,1
2026-02-08T18:00:00,DG-001,81.88,0.225,313.2,63.3,23.8,73.01,25.4,NORMAL,0
2026-02-08T19:00:00,DG-001,96.78,0.572,421.4,86.4,24.8,87.4,23.03,WARNING,0
2026-02-08T20:00:00,DG-001,79.29,0.194,268.8,54.1,96.9,73.66,27.59,NORMAL,0
2026-02-08T21:00:00,DG-001,81.78,0.233,328.2,65.8,72.3,73.68,25.62,NORMAL,0
2026-02-08T22:00:00,DG-001,79.74,0.244,290.5,56.3,75.6,75.16,25.35,NORMAL,0
2026-02-08T23:00:00,DG-001,84.93,0.285,410.6,83.1,97.0,77.11,25.99,NORMAL,0
2026-02-09T00:00:00,DG-001,108.4,1.443,438.8,91.8,5.7,98.76,21.18,FAILURE_PRECURSOR,1
2026-02-09T01:00:00,DG-001,79.11,0.209,301.3,59.9,72.0,75.49,25.26,NORMAL,0
2026-02-09T02:00:00,DG-001,84.75,0.306,417.5,83.5,34.5,75.78,25.69,NORMAL,0
2026-02-09T03:00:00,DG-001,98.09,0.456,372.2,77.7,46.8,85.89,23.95,WARNING,0
2026-02-09T04:00:00,DG-001,81.3,0.258,300.0,59.8,77.0,73.91,26.96,NORMAL,0
2026-02-09T05:00:00,DG-001,80.24,0.218,309.9,61.2,32.5,74.73,26.27,NORMAL,0
2026-02-09T06:00:00,DG-001,83.66,0.235,342.1,68.8,92.8,76.19,26.91,NORMAL,0
2026-02-09T07:00:00,DG-001,83.55,0.249,354.8,69.5,57.7,74.73,27.66,NORMAL,0
2026-02-09T08:00:00,DG-001,97.2,0.602,424.8,86.7,53.5,90.3,24.19,WARNING,0
2026-02-09T09:00:00,DG-001,95.76,0.674,392.5,82.5,45.4,88.63,24.24,WARNING,0
2026-02-09T10:00:00,DG-001,79.18,0.275,264.2,52.3,72.5,73.81,27.69,NORMAL,0
2026-02-09T11:00:00,DG-001,98.47,0.563,380.9,84.7,44.1,87.88,24.18,WARNING,0
2026-02-09T12:00:00,DG-001,79.51,0.245,294.5,59.4,81.5,74.57,25.81,NORMAL,0
2026-02-09T13:00:00,DG-001,93.03,0.662,345.5,79.4,78.6,88.06,25.01,WARNING,0
2026-02-09T14:00:00,DG-001,83.81,0.24,322.5,64.1,61.6,76.84,26.04,NORMAL,0
2026-02-09T15:00:00,DG-001,85.17,0.265,325.3,64.6,75.0,75.0,26.22,NORMAL,0
2026-02-09T16:00:00,DG-001,80.46,0.234,367.0,72.4,96.7,75.54,27.85,NORMAL,0
2026-02-09T17:00:00,DG-001,79.5,0.202,245.9,50.5,42.7,72.52,27.59,NORMAL,0
2026-02-09T18:00:00,DG-001,83.43,0.166,364.5,73.6,68.5,76.43,26.37,NORMAL,0
2026-02-09T19:00:00,DG-001,83.72,0.176,392.0,79.0,55.2,76.58,26.35,NORMAL,0
2026-02-09T20:00:00,DG-001,79.96,0.219,372.8,75.2,49.7,74.59,26.75,NORMAL,0
2026-02-09T21:00:00,DG-001,81.2,0.214,342.0,68.8,22.8,75.33,26.24,NORMAL,0
2026-02-09T22:00:00,DG-001,83.44,0.327,349.5,69.4,95.8,75.0,27.43,NORMAL,0
2026-02-09T23:00:00,DG-001,80.66,0.192,335.0,67.4,20.7,75.69,25.43,NORMAL,0
2026-02-10T00:00:00,DG-001,100.43,0.582,390.8,78.5,21.5,85.2,23.95,WARNING,0
2026-02-10T01:00:00,DG-001,83.46,0.171,295.1,56.6,67.2,74.96,27.89,NORMAL,0
2026-02-10T02:00:00,DG-001,80.33,0.202,350.5,70.1,60.3,73.88,27.23,NORMAL,0
2026-02-10T03:00:00,DG-001,81.61,0.296,372.5,75.3,87.6,77.87,27.67,NORMAL,0
2026-02-10T04:00:00,DG-001,82.4,0.3,376.5,74.2,51.1,75.13,25.66,NORMAL,0
2026-02-10T05:00:00,DG-001,95.72,0.507,422.7,89.5,33.9,87.7,25.23,WARNING,0
2026-02-10T06:00:00,DG-001,80.52,0.225,318.6,63.5,54.5,76.77,26.26,NORMAL,0
2026-02-10T07:00:00,DG-001,84.13,0.177,340.5,68.1,40.1,75.68,25.59,NORMAL,0
2026-02-10T08:00:00,DG-001,82.09,0.246,420.3,83.5,21.6,75.6,26.48,NORMAL,0
2026-02-10T09:00:00,DG-001,80.87,0.265,344.5,68.3,40.4,75.2,25.51,NORMAL,0
2026-02-10T10:00:00,DG-001,80.48,0.269,346.8,69.5,31.4,76.29,26.02,NORMAL,0
2026-02-10T11:00:00,DG-001,95.73,0.598,373.3,81.2,69.9,91.96,24.49,WARNING,0
2026-02-10T12:00:00,DG-001,82.99,0.211,356.8,73.4,60.5,74.55,25.41,NORMAL,0
2026-02-10T13:00:00,DG-001,80.49,0.276,334.6,66.7,87.3,75.32,27.06,NORMAL,0
2026-02-10T14:00:00,DG-001,82.04,0.189,382.2,76.9,76.7,77.11,26.96,NORMAL,0
2026-02-10T15:00:00,DG-001,78.49,0.27,310.7,62.5,46.3,75.7,26.95,NORMAL,0
2026-02-10T16:00:00,DG-001,79.42,0.131,296.3,59.2,23.4,76.54,27.83,NORMAL,0
2026-02-10T17:00:00,DG-001,83.72,0.253,354.7,70.4,78.6,75.29,25.06,NORMAL,0
2026-02-10T18:00:00,DG-001,108.48,1.536,454.1,101.4,26.7,104.18,22.76,FAILURE_PRECURSOR,1
2026-02-10T19:00:00,DG-001,80.7,0.221,284.0,57.5,88.9,74.71,27.45,NORMAL,0
2026-02-10T20:00:00,DG-001,83.6,0.165,260.8,50.4,93.4,75.97,26.05,NORMAL,0
2026-02-10T21:00:00,DG-001,83.63,0.191,360.1,73.5,22.7,76.29,26.33,NORMAL,0
2026-02-10T22:00:00,DG-001,80.77,0.312,396.5,78.4,41.8,75.2,25.3,NORMAL,0
2026-02-10T23:00:00,DG-001,101.44,0.548,465.9,94.6,85.8,86.79,23.23,WARNING,0
2026-02-11T00:00:00,DG-001,84.26,0.303,417.7,81.9,70.3,77.91,26.91,NORMAL,0
2026-02-11T01:00:00,DG-001,84.76,0.306,421.1,84.5,58.6,77.17,25.25,NORMAL,0
2026-02-11T02:00:00,DG-001,85.98,0.177,392.3,79.0,86.2,76.35,26.85,NORMAL,0
2026-02-11T03:00:00,DG-001,80.34,0.258,347.2,70.8,73.4,75.13,25.51,NORMAL,0
2026-02-11T04:00:00,DG-001,79.9,0.198,351.2,72.5,94.3,75.02,27.59,NORMAL,0
2026-02-11T05:00:00,DG-001,83.71,0.184,405.2,80.2,65.2,75.86,25.02,NORMAL,0
2026-02-11T06:00:00,DG-001,82.58,0.243,311.7,61.3,61.6,75.23,25.79,NORMAL,0
2026-02-11T07:00:00,DG-001,82.97,0.235,259.7,50.4,25.3,74.63,26.71,NORMAL,0
2026-02-11T08:00:00,DG-001,81.51,0.231,362.4,70.9,77.6,73.59,25.99,NORMAL,0
2026-02-11T09:00:00,DG-001,82.26,0.286,312.2,61.6,75.7,76.99,25.03,NORMAL,0
2026-02-11T10:00:00,DG-001,83.81,0.328,411.1,83.0,58.1,75.99,26.02,NORMAL,0
2026-02-11T11:00:00,DG-001,81.88,0.279,337.7,68.0,47.2,77.12,26.89,NORMAL,0
2026-02-11T12:00:00,DG-001,86.09,0.237,346.8,70.2,24.2,74.21,25.25,NORMAL,0
2026-02-11T13:00:00,DG-001,80.41,0.19,266.2,52.6,44.4,73.82,26.45,NORMAL,0
2026-02-11T14:00:00,DG-001,79.87,0.235,323.4,63.4,86.7,74.12,26.09,NORMAL,0
2026-02-11T15:00:00,DG-001,81.26,0.285,373.7,75.2,40.5,75.17,27.93,NORMAL,0
2026-02-11T16:00:00,DG-001,82.12,0.105,255.4,51.1,63.8,74.71,27.46,NORMAL,0
2026-02-11T17:00:00,DG-001,81.99,0.227,303.2,61.0,36.1,75.4,25.66,NORMAL,0
2026-02-11T18:00:00,DG-001,109.36,1.204,519.0,106.3,6.4,102.33,22.02,FAILURE_PRECURSOR,1
2026-02-11T19:00:00,DG-001,82.74,0.239,412.8,81.0,82.7,74.19,27.22,NORMAL,0
2026-02-11T20:00:00,DG-001,99.02,0.461,423.6,89.5,71.6,85.84,23.99,WARNING,0
2026-02-11T21:00:00,DG-001,80.89,0.207,276.9,54.8,25.7,73.05,26.3,NORMAL,0
2026-02-11T22:00:00,DG-001,84.09,0.251,370.5,74.6,50.3,75.72,27.81,NORMAL,0
2026-02-11T23:00:00,DG-001,84.55,0.207,386.5,77.7,84.9,75.49,25.43,NORMAL,0
2026-02-12T00:00:00,DG-001,82.58,0.285,365.2,75.1,58.1,78.13,25.98,NORMAL,0
2026-02-12T01:00:00,DG-001,83.33,0.319,426.3,84.5,96.9,77.06,26.18,NORMAL,0
2026-02-12T02:00:00,DG-001,82.31,0.245,359.3,71.0,41.5,74.84,26.56,NORMAL,0
2026-02-12T03:00:00,DG-001,95.37,0.544,430.3,86.0,87.1,86.54,23.6,WARNING,0
2026-02-12T04:00:00,DG-001,85.12,0.163,373.0,75.7,63.5,74.43,26.63,NORMAL,0
2026-02-12T05:00:00,DG-001,77.98,0.145,273.5,54.7,92.7,76.02,26.21,NORMAL,0
2026-02-12T06:00:00,DG-001,84.31,0.274,384.0,76.9,41.7,76.47,25.52,NORMAL,0
2026-02-12T07:00:00,DG-001,81.38,0.21,295.6,59.5,65.1,74.14,27.39,NORMAL,0
2026-02-12T08:00:00,DG-001,80.46,0.183,324.0,65.0,78.3,76.39,27.16,NORMAL,0
2026-02-12T09:00:00,DG-001,84.89,0.289,418.9,83.4,74.3,76.92,27.88,NORMAL,0
2026-02-12T10:00:00,DG-001,82.68,0.371,409.4,83.1,60.1,77.4,25.23,NORMAL,0
2026-02-12T11:00:00,DG-001,82.71,0.297,389.4,77.7,62.9,75.89,25.99,NORMAL,0
2026-02-12T12:00:00,DG-001,110.72,0.902,483.2,106.2,17.0,103.95,22.13,FAILURE_PRECURSOR,1
2026-02-12T13:00:00,DG-001,100.84,0.515,445.6,93.5,84.6,89.09,23.37,WARNING,0
2026-02-12T14:00:00,DG-001,85.14,0.247,378.4,75.7,46.8,76.05,27.07,NORMAL,0
2026-02-12T15:00:00,DG-001,81.02,0.245,381.7,74.5,36.0,75.93,26.35,NORMAL,0
2026-02-12T16:00:00,DG-001,81.44,0.137,260.9,51.5,39.4,75.15,25.98,NORMAL,0
2026-02-12T17:00:00,DG-001,81.6,0.248,380.2,77.1,84.9,78.15,26.9,NORMAL,0
2026-02-12T18:00:00,DG-001,81.15,0.184,299.6,60.4,73.1,73.82,26.57,NORMAL,0
2026-02-12T19:00:00,DG-001,80.84,0.188,371.0,75.2,53.4,75.59,25.24,NORMAL,0
2026-02-12T20:00:00,DG-001,110.57,0.871,477.9,103.0,41.9,106.72,22.44,FAILURE_PRECURSOR,1
2026-02-12T21:00:00,DG-001,85.19,0.252,300.6,57.8,92.2,76.02,27.85,NORMAL,0
2026-02-12T22:00:00,DG-001,98.58,0.654,410.9,91.0,33.9,91.61,23.42,WARNING,0
2026-02-12T23:00:00,DG-001,80.63,0.147,274.7,55.8,64.4,75.79,26.1,NORMAL,0
2026-02-13T00:00:00,DG-001,81.39,0.329,384.5,78.2,69.3,75.38,27.65,NORMAL,0
2026-02-13T01:00:00,DG-001,81.66,0.182,276.4,56.4,55.3,75.11,27.3,NORMAL,0
2026-02-13T02:00:00,DG-001,82.77,0.255,311.5,63.5,87.5,77.06,26.62,NORMAL,0
2026-02-13T03:00:00,DG-001,95.54,0.7,374.2,76.2,79.2,88.21,24.95,WARNING,0
2026-02-13T04:00:00,DG-001,80.84,0.24,309.3,62.2,74.9,75.29,27.56,NORMAL,0
2026-02-13T05:00:00,DG-001,80.94,0.241,395.5,79.1,84.4,74.49,26.59,NORMAL,0
2026-02-13T06:00:00,DG-001,96.73,0.415,424.4,86.6,80.7,89.89,24.23,WARNING,0
2026-02-13T07:00:00,DG-001,78.45,0.234,243.5,50.4,93.0,74.66,27.63,NORMAL,0
2026-02-13T08:00:00,DG-001,78.25,0.264,331.2,66.2,20.7,74.52,25.02,NORMAL,0
2026-02-13T09:00:00,DG-001,83.86,0.26,326.6,67.1,38.6,74.5,26.22,NORMAL,0
2026-02-13T10:00:00,DG-001,79.92,0.152,284.9,57.0,57.4,75.72,25.33,NORMAL,0
2026-02-13T11:00:00,DG-001,83.27,0.252,346.1,70.9,66.6,76.48,26.65,NORMAL,0
2026-02-13T12:00:00,DG-001,83.37,0.23,420.8,83.2,85.8,76.43,27.49,NORMAL,0
2026-02-13T13:00:00,DG-001,84.21,0.198,367.4,74.5,20.1,77.01,25.69,NORMAL,0
2026-02-13T14:00:00,DG-001,79.18,0.199,278.1,56.0,97.6,74.01,25.13,NORMAL,0
2026-02-13T15:00:00,DG-001,77.64,0.196,297.1,61.3,88.8,73.9,25.57,NORMAL,0
2026-02-13T16:00:00,DG-001,81.87,0.245,320.7,63.3,78.9,76.35,25.06,NORMAL,0
2026-02-13T17:00:00,DG-001,81.18,0.258,396.8,78.5,90.7,75.74,27.07,NORMAL,0
2026-02-13T18:00:00,DG-001,79.97,0.246,413.8,82.1,91.9,77.4,27.41,NORMAL,0
2026-02-13T19:00:00,DG-001,77.75,0.202,239.6,50.2,71.8,73.89,25.54,NORMAL,0
2026-02-13T20:00:00,DG-001,81.17,0.263,336.2,67.3,64.5,75.47,27.21,NORMAL,0
2026-02-13T21:00:00,DG-001,104.69,1.171,431.2,94.4,12.2,102.89,21.15,FAILURE_PRECURSOR,1
2026-02-13T22:00:00,DG-001,82.19,0.214,337.3,68.6,77.6,75.96,26.41,NORMAL,0
2026-02-13T23:00:00,DG-001,82.86,0.148,320.1,63.8,56.9,75.56,25.22,NORMAL,0
2026-02-14T00:00:00,DG-001,98.57,0.526,363.0,76.9,17.5,90.73,25.32,WARNING,0
2026-02-14T01:00:00,DG-001,79.31,0.149,276.2,56.5,31.7,72.47,25.32,NORMAL,0
2026-02-14T02:00:00,DG-001,81.07,0.302,338.9,66.5,86.6,77.25,26.76,NORMAL,0
2026-02-14T03:00:00,DG-001,82.49,0.135,374.1,74.2,59.7,77.09,27.67,NORMAL,0
2026-02-14T04:00:00,DG-001,94.41,0.431,375.6,83.0,70.7,86.61,25.15,WARNING,0
2026-02-14T05:00:00,DG-001,81.32,0.129,286.9,57.7,83.3,73.39,26.07,NORMAL,0
2026-02-14T06:00:00,DG-001,79.49,0.283,268.7,54.5,47.4,72.96,26.49,NORMAL,0
2026-02-14T07:00:00,DG-001,83.18,0.261,319.6,63.9,79.0,76.48,25.62,NORMAL,0
2026-02-14T08:00:00,DG-001,81.46,0.226,288.9,58.6,25.7,75.3,26.33,NORMAL,0
2026-02-14T09:00:00,DG-001,80.24,0.199,384.8,76.0,50.8,76.33,25.14,NORMAL,0
2026-02-14T10:00:00,DG-001,82.89,0.212,367.2,74.3,21.5,75.31,27.81,NORMAL,0
2026-02-14T11:00:00,DG-001,80.43,0.017,249.7,50.8,73.8,73.67,26.13,NORMAL,0
2026-02-14T12:00:00,DG-001,95.22,0.486,416.9,85.6,54.0,87.82,23.67,WARNING,0
2026-02-14T13:00:00,DG-001,82.31,0.293,409.6,83.1,41.0,76.89,25.77,NORMAL,0
2026-02-14T14:00:00,DG-001,83.02,0.257,298.6,60.7,51.0,74.62,27.09,NORMAL,0
2026-02-14T15:00:00,DG-001,83.61,0.258,320.2,63.9,60.7,75.13,25.99,NORMAL,0
2026-02-14T16:00:00,DG-001,79.94,0.233,311.3,61.0,50.6,73.11,25.89,NORMAL,0
2026-02-14T17:00:00,DG-001,98.34,0.532,469.1,94.3,56.4,88.93,24.28,WARNING,0
2026-02-14T18:00:00,DG-001,84.66,0.259,376.7,76.0,84.0,76.74,27.15,NORMAL,0
2026-02-14T19:00:00,DG-001,80.6,0.21,284.0,56.0,88.8,72.47,25.56,NORMAL,0
2026-02-14T20:00:00,DG-001,80.47,0.036,286.1,57.9,77.5,73.76,25.51,NORMAL,0
2026-02-14T21:00:00,DG-001,99.63,0.441,417.9,84.2,25.4,87.58,23.38,WARNING,0
2026-02-14T22:00:00,DG-001,80.85,0.268,336.2,66.4,44.9,76.92,25.06,NORMAL,0
2026-02-14T23:00:00,DG-001,81.39,0.144,256.1,50.3,22.9,75.04,25.92,NORMAL,0
2026-02-15T00:00:00,DG-001,111.0,0.885,468.6,93.6,17.1,104.27,20.89,FAILURE_PRECURSOR,1
2026-02-15T01:00:00,DG-001,83.97,0.203,422.3,84.7,80.9,77.11,26.9,NORMAL,0
2026-02-15T02:00:00,DG-001,106.28,0.941,438.2,89.5,29.2,106.68,21.86,FAILURE_PRECURSOR,1
2026-02-15T03:00:00,DG-001,108.15,1.292,388.8,95.0,47.2,101.27,22.78,FAILURE_PRECURSOR,1
2026-02-15T04:00:00,DG-001,82.08,0.254,385.1,76.9,41.2,74.48,25.04,NORMAL,0
2026-02-15T05:00:00,DG-001,82.32,0.271,353.8,70.1,36.0,75.46,27.35,NORMAL,0
2026-02-15T06:00:00,DG-001,84.49,0.262,371.9,73.7,62.7,77.28,27.96,NORMAL,0
2026-02-15T07:00:00,DG-001,84.11,0.222,395.2,79.0,56.8,76.44,26.79,NORMAL,0
2026-02-15T08:00:00,DG-001,83.21,0.26,306.6,62.4,83.3,75.6,26.48,NORMAL,0
2026-02-15T09:00:00,DG-001,82.92,0.296,348.4,68.8,99.6,75.3,25.49,NORMAL,0
2026-02-15T10:00:00,DG-001,79.62,0.223,256.7,50.5,99.3,74.64,27.58,NORMAL,0
2026-02-15T11:00:00,DG-001,82.14,0.203,372.4,74.9,60.3,77.0,26.77,NORMAL,0
2026-02-15T12:00:00,DG-001,83.56,0.236,420.0,84.1,64.8,77.85,25.24,NORMAL,0
2026-02-15T13:00:00,DG-001,80.65,0.271,270.4,55.4,34.0,74.11,27.73,NORMAL,0
2026-02-15T14:00:00,DG-001,80.56,0.202,336.5,68.1,49.8,75.64,25.17,NORMAL,0
2026-02-15T15:00:00,DG-001,84.4,0.143,350.0,69.4,73.9,75.38,25.16,NORMAL,0
2026-02-15T16:00:00,DG-001,97.5,0.615,423.7,91.1,68.8,90.57,23.3,WARNING,0
2026-02-15T17:00:00,DG-001,84.3,0.207,393.6,79.1,87.6,77.15,26.17,NORMAL,0
2026-02-15T18:00:00,DG-001,80.76,0.162,290.5,55.9,68.4,72.79,27.61,NORMAL,0
2026-02-15T19:00:00,DG-001,81.11,0.231,338.7,68.6,44.3,75.27,25.01,NORMAL,0
2026-02-15T20:00:00,DG-001,81.17,0.272,334.6,66.5,46.5,74.06,25.76,NORMAL,0
2026-02-15T21:00:00,DG-001,83.24,0.265,325.3,67.9,33.3,74.4,25.75,NORMAL,0
2026-02-15T22:00:00,DG-001,84.96,0.29,385.7,76.0,58.7,76.56,26.71,NORMAL,0
2026-02-15T23:00:00,DG-001,79.55,0.32,338.7,67.2,25.3,75.67,25.41,NORMAL,0
2026-02-16T00:00:00,DG-001,109.94,0.848,450.6,108.9,42.4,105.41,21.94,FAILURE_PRECURSOR,1
2026-02-16T01:00:00,DG-001,113.64,1.05,404.2,100.9,6.5,101.3,21.17,FAILURE_PRECURSOR,1
2026-02-16T02:00:00,DG-001,98.86,0.498,423.2,84.0,79.3,88.22,23.37,WARNING,0
2026-02-16T03:00:00,DG-001,96.41,0.512,443.6,93.9,50.7,87.89,24.82,WARNING,0
2026-02-16T04:00:00,DG-001,95.31,0.593,374.7,75.6,69.7,88.74,25.66,WARNING,0
2026-02-16T05:00:00,DG-001,107.98,0.806,420.0,93.3,13.0,103.59,21.04,FAILURE_PRECURSOR,1
2026-02-16T06:00:00,DG-001,82.82,0.279,413.0,81.8,91.5,76.85,26.03,NORMAL,0
2026-02-16T07:00:00,DG-001,83.08,0.22,346.0,69.7,38.6,77.11,26.86,NORMAL,0
2026-02-16T08:00:00,DG-001,83.16,0.298,382.1,76.5,55.8,76.81,26.43,NORMAL,0
2026-02-16T09:00:00,DG-001,92.84,0.495,388.9,85.5,64.0,89.22,23.44,WARNING,0
2026-02-16T10:00:00,DG-001,84.1,0.253,374.5,76.3,41.9,77.08,27.95,NORMAL,0
2026-02-16T11:00:00,DG-001,83.58,0.336,327.2,65.5,69.0,77.4,25.1,NORMAL,0
2026-02-16T12:00:00,DG-001,80.29,0.266,320.1,64.6,87.8,74.71,26.12,NORMAL,0
2026-02-16T13:00:00,DG-001,100.59,0.472,406.4,82.7,67.7,88.54,24.01,WARNING,0
2026-02-16T14:00:00,DG-001,80.98,0.118,296.4,59.1,76.4,74.21,25.11,NORMAL,0
2026-02-16T15:00:00,DG-001,79.23,0.167,267.6,53.3,25.8,74.72,27.16,NORMAL,0
2026-02-16T16:00:00,DG-001,97.14,0.654,431.9,84.9,32.4,89.85,25.98,WARNING,0
2026-02-16T17:00:00,DG-001,82.1,0.19,338.8,66.1,57.5,77.37,25.1,NORMAL,0
2026-02-16T18:00:00,DG-001,113.07,1.427,444.3,94.9,45.0,106.8,21.57,FAILURE_PRECURSOR,1
2026-02-16T19:00:00,DG-001,81.07,0.148,296.8,59.8,64.3,75.1,27.5,NORMAL,0
2026-02-16T20:00:00,DG-001,81.35,0.271,332.0,66.6,59.9,75.11,26.03,NORMAL,0
2026-02-16T21:00:00,DG-001,80.3,0.238,335.1,68.2,81.0,74.75,25.19,NORMAL,0
2026-02-16T22:00:00,DG-001,81.34,0.29,365.5,71.9,71.2,73.42,26.13,NORMAL,0
2026-02-16T23:00:00,DG-001,82.05,0.256,398.9,79.7,21.5,76.72,25.9,NORMAL,0
2026-02-17T00:00:00,DG-001,95.02,0.679,396.1,79.5,32.6,89.14,23.6,WARNING,0
2026-02-17T01:00:00,DG-001,78.98,0.153,278.0,56.0,33.4,73.99,27.37,NORMAL,0
2026-02-17T02:00:00,DG-001,82.48,0.194,360.7,72.0,45.2,75.91,26.87,NORMAL,0
2026-02-17T03:00:00,DG-001,82.07,0.253,266.1,53.2,83.2,73.89,27.12,NORMAL,0
2026-02-17T04:00:00,DG-001,77.81,0.226,295.4,59.2,66.4,75.87,27.4,NORMAL,0
2026-02-17T05:00:00,DG-001,96.19,0.564,403.6,81.7,35.0,87.97,23.95,WARNING,0
2026-02-17T06:00:00,DG-001,103.9,1.43,369.0,89.0,23.1,105.59,20.16,FAILURE_PRECURSOR,1
2026-02-17T07:00:00,DG-001,107.92,1.499,462.9,85.3,35.1,104.03,22.72,FAILURE_PRECURSOR,1
2026-02-17T08:00:00,DG-001,109.13,0.834,403.2,105.6,25.3,104.2,21.24,FAILURE_PRECURSOR,1
2026-02-17T09:00:00,DG-001,81.46,0.271,331.2,65.1,54.4,75.63,26.08,NORMAL,0
2026-02-17T10:00:00,DG-001,79.98,0.218,310.5,63.1,20.6,75.39,26.57,NORMAL,0
2026-02-17T11:00:00,DG-001,83.0,0.247,366.8,73.7,87.7,76.78,25.14,NORMAL,0
2026-02-17T12:00:00,DG-001,113.46,1.526,446.4,105.5,48.9,106.11,21.24,FAILURE_PRECURSOR,1
2026-02-17T13:00:00,DG-001,83.07,0.272,415.8,83.4,76.4,74.86,25.67,NORMAL,0
2026-02-17T14:00:00,DG-001,85.88,0.214,339.3,69.3,77.0,75.5,27.62,NORMAL,0
2026-02-17T15:00:00,DG-001,77.94,0.162,268.1,53.1,48.0,73.56,26.25,NORMAL,0
2026-02-17T16:00:00,DG-001,98.21,0.57,378.7,77.5,47.6,86.61,25.72,WARNING,0
2026-02-17T17:00:00,DG-001,80.59,0.415,421.0,82.5,85.7,77.32,25.32,NORMAL,0
2026-02-17T18:00:00,DG-001,79.44,0.268,264.0,52.5,91.0,73.42,27.64,NORMAL,0
2026-02-17T19:00:00,DG-001,109.59,1.281,513.8,106.7,27.6,102.42,23.62,FAILURE_PRECURSOR,1
2026-02-17T20:00:00,DG-001,85.41,0.203,424.4,84.9,83.1,78.15,27.33,NORMAL,0
2026-02-17T21:00:00,DG-001,80.97,0.202,293.2,58.9,24.1,76.81,26.64,NORMAL,0
2026-02-17T22:00:00,DG-001,82.66,0.237,349.5,67.7,32.7,74.12,25.84,NORMAL,0
2026-02-17T23:00:00,DG-001,83.36,0.244,416.7,84.1,83.5,78.45,25.46,NORMAL,0
2026-02-18T00:00:00,DG-001,99.81,0.487,375.2,79.7,56.9,88.33,24.25,WARNING,0
2026-02-18T01:00:00,DG-001,79.09,0.28,331.2,65.7,87.1,75.7,25.97,NORMAL,0
2026-02-18T02:00:00,DG-001,82.28,0.368,395.4,79.3,60.1,77.08,25.86,NORMAL,0
2026-02-18T03:00:00,DG-001,82.79,0.264,314.8,62.1,74.2,73.98,26.18,NORMAL,0
2026-02-18T04:00:00,DG-001,83.22,0.336,420.4,84.8,61.9,75.43,25.06,NORMAL,0
2026-02-18T05:00:00,DG-001,81.22,0.184,332.5,68.4,61.9,74.45,27.4,NORMAL,0
2026-02-18T06:00:00,DG-001,82.5,0.273,396.7,79.9,24.0,78.11,25.88,NORMAL,0
2026-02-18T07:00:00,DG-001,82.5,0.171,308.4,62.4,87.9,75.79,25.15,NORMAL,0
2026-02-18T08:00:00,DG-001,81.06,0.318,411.3,82.8,33.3,76.24,26.84,NORMAL,0
2026-02-18T09:00:00,DG-001,80.77,0.298,351.7,70.7,61.0,77.03,26.36,NORMAL,0
2026-02-18T10:00:00,DG-001,81.18,0.168,294.7,59.6,59.5,72.86,26.94,NORMAL,0
2026-02-18T11:00:00,DG-001,83.23,0.289,355.1,69.0,54.6,75.9,27.62,NORMAL,0
2026-02-18T12:00:00,DG-001,81.59,0.26,387.9,76.7,24.3,76.94,27.86,NORMAL,0
2026-02-18T13:00:00,DG-001,80.54,0.217,320.4,65.0,69.0,77.9,25.31,NORMAL,0
2026-02-18T14:00:00,DG-001,82.4,0.296,380.1,76.9,52.2,75.66,26.31,NORMAL,0
2026-02-18T15:00:00,DG-001,82.14,0.324,351.3,70.4,76.4,75.39,25.14,NORMAL,0
2026-02-18T16:00:00,DG-001,97.85,0.589,412.4,83.7,82.9,87.65,24.06,WARNING,0
2026-02-18T17:00:00,DG-001,113.84,1.521,496.8,109.4,49.6,105.6,21.64,FAILURE_PRECURSOR,1
2026-02-18T18:00:00,DG-001,78.95,0.255,345.0,69.4,70.1,75.87,27.33,NORMAL,0
2026-02-18T19:00:00,DG-001,81.53,0.256,305.4,58.9,57.9,75.67,25.27,NORMAL,0
2026-02-18T20:00:00,DG-001,81.71,0.227,279.8,57.3,89.7,74.15,26.95,NORMAL,0
2026-02-18T21:00:00,DG-001,85.48,0.273,400.1,80.4,60.9,75.52,26.17,NORMAL,0
2026-02-18T22:00:00,DG-001,110.48,1.086,474.7,106.9,48.3,107.34,23.61,FAILURE_PRECURSOR,1
2026-02-18T23:00:00,DG-001,80.67,0.186,397.3,79.3,37.6,79.0,27.23,NORMAL,0
2026-02-19T00:00:00,DG-001,83.06,0.222,316.5,62.7,65.7,75.83,25.8,NORMAL,0
2026-02-19T01:00:00,DG-001,99.33,0.684,409.1,84.5,85.1,90.2,24.15,WARNING,0
2026-02-19T02:00:00,DG-001,84.96,0.152,341.2,68.9,55.6,75.47,27.65,NORMAL,0
2026-02-19T03:00:00,DG-001,79.62,0.225,274.0,54.9,34.5,74.48,25.61,NORMAL,0
2026-02-19T04:00:00,DG-001,83.13,0.301,382.1,77.0,96.3,75.29,26.43,NORMAL,0
2026-02-19T05:00:00,DG-001,79.89,0.225,374.2,75.6,39.5,75.97,27.4,NORMAL,0
2026-02-19T06:00:00,DG-001,80.48,0.215,261.8,52.4,49.7,74.7,27.18,NORMAL,0
2026-02-19T07:00:00,DG-001,81.83,0.188,330.9,65.5,29.3,77.45,26.99,NORMAL,0
2026-02-19T08:00:00,DG-001,79.68,0.189,294.8,60.1,91.0,75.54,26.53,NORMAL,0
2026-02-19T09:00:00,DG-001,80.26,0.12,321.4,63.8,88.2,74.0,26.09,NORMAL,0
2026-02-19T10:00:00,DG-001,95.66,0.633,410.1,87.2,27.4,86.41,23.59,WARNING,0
2026-02-19T11:00:00,DG-001,96.78,0.558,415.2,79.6,80.1,85.94,25.63,WARNING,0
2026-02-19T12:00:00,DG-001,82.92,0.135,262.6,50.5,71.7,74.8,25.46,NORMAL,0
2026-02-19T13:00:00,DG-001,84.53,0.204,380.8,76.3,38.1,75.55,27.12,NORMAL,0
2026-02-19T14:00:00,DG-001,94.58,0.545,436.5,87.6,47.5,87.73,25.09,WARNING,0
2026-02-19T15:00:00,DG-001,84.4,0.254,290.7,57.5,77.8,75.45,27.12,NORMAL,0
2026-02-19T16:00:00,DG-001,80.78,0.273,285.4,57.7,33.9,75.65,25.39,NORMAL,0
2026-02-19T17:00:00,DG-001,80.65,0.29,318.0,64.3,25.3,74.87,27.51,NORMAL,0
2026-02-19T18:00:00,DG-001,109.26,0.871,467.0,109.7,31.8,103.08,23.11,FAILURE_PRECURSOR,1
2026-02-19T19:00:00,DG-001,83.61,0.338,384.2,76.5,54.4,76.77,25.61,NORMAL,0
2026-02-19T20:00:00,DG-001,80.28,0.3,260.1,51.9,29.7,75.33,25.69,NORMAL,0
2026-02-19T21:00:00,DG-001,81.68,0.218,299.4,58.9,58.0,74.9,26.95,NORMAL,0
2026-02-19T22:00:00,DG-001,96.86,0.439,415.9,84.4,85.3,88.84,25.67,WARNING,0
2026-02-19T23:00:00,DG-001,83.38,0.307,330.5,67.5,76.7,74.74,26.67,NORMAL,0
2026-02-20T00:00:00,DG-001,84.19,0.284,393.1,78.5,26.9,75.52,26.52,NORMAL,0
2026-02-20T01:00:00,DG-001,106.97,1.403,319.2,86.0,33.0,104.46,20.26,FAILURE_PRECURSOR,1
2026-02-20T02:00:00,DG-001,80.58,0.248,308.5,59.8,94.6,72.65,25.3,NORMAL,0
2026-02-20T03:00:00,DG-001,82.46,0.124,273.8,52.8,42.8,74.36,25.17,NORMAL,0
2026-02-20T04:00:00,DG-001,95.62,0.584,383.4,76.6,53.6,87.05,23.94,WARNING,0
2026-02-20T05:00:00,DG-001,82.3,0.311,396.3,77.6,87.4,75.47,26.24,NORMAL,0
2026-02-20T06:00:00,DG-001,76.28,0.144,253.9,50.2,77.3,76.48,25.82,NORMAL,0
2026-02-20T07:00:00,DG-001,80.97,0.25,304.5,61.4,89.1,76.62,27.62,NORMAL,0
2026-02-20T08:00:00,DG-001,78.08,0.197,293.9,57.3,44.9,74.63,26.99,NORMAL,0
2026-02-20T09:00:00,DG-001,80.9,0.204,310.2,61.9,90.0,74.23,25.24,NORMAL,0
2026-02-20T10:00:00,DG-001,98.87,0.611,415.9,83.1,54.3,88.58,23.95,WARNING,0
2026-02-20T11:00:00,DG-001,81.61,0.169,306.5,62.4,95.7,75.55,26.17,NORMAL,0
2026-02-20T12:00:00,DG-001,81.81,0.329,367.3,73.4,65.5,76.0,26.37,NORMAL,0
2026-02-20T13:00:00,DG-001,81.59,0.284,348.7,70.7,23.4,74.97,25.11,NORMAL,0
2026-02-20T14:00:00,DG-001,100.53,0.655,448.7,88.6,84.5,90.49,24.08,WARNING,0
2026-02-20T15:00:00,DG-001,80.81,0.282,307.4,59.0,24.2,74.98,25.94,NORMAL,0
2026-02-20T16:00:00,DG-001,107.01,1.502,421.0,101.0,35.4,107.86,22.05,FAILURE_PRECURSOR,1
2026-02-20T17:00:00,DG-001,110.23,1.118,417.1,91.3,45.8,104.27,20.17,FAILURE_PRECURSOR,1
2026-02-20T18:00:00,DG-001,81.85,0.175,331.6,66.1,41.8,76.56,25.05,NORMAL,0
2026-02-20T19:00:00,DG-001,81.28,0.272,326.0,64.5,93.9,75.3,25.76,NORMAL,0
2026-02-20T20:00:00,DG-001,99.12,0.609,418.2,86.5,68.5,89.26,24.11,WARNING,0
2026-02-20T21:00:00,DG-001,79.6,0.211,323.2,63.5,47.7,75.65,27.96,NORMAL,0
2026-02-20T22:00:00,DG-001,84.06,0.226,412.5,82.8,85.0,76.82,27.58,NORMAL,0
2026-02-20T23:00:00,DG-001,80.11,0.188,281.7,53.2,92.9,75.16,25.8,NORMAL,0
2026-02-21T00:00:00,DG-001,80.6,0.109,250.1,51.6,85.5,73.49,25.39,NORMAL,0
2026-02-21T01:00:00,DG-001,113.42,1.375,375.1,93.2,25.3,105.95,22.24,FAILURE_PRECURSOR,1
2026-02-21T02:00:00,DG-001,83.01,0.249,406.5,83.3,78.5,77.81,27.48,NORMAL,0
2026-02-21T03:00:00,DG-001,105.6,1.5,393.5,91.8,9.7,106.72,22.94,FAILURE_PRECURSOR,1
2026-02-21T04:00:00,DG-001,99.79,0.592,391.7,85.6,84.6,91.35,25.63,WARNING,0
2026-02-21T05:00:00,DG-001,79.98,0.333,379.9,76.4,21.5,75.58,26.9,NORMAL,0
2026-02-21T06:00:00,DG-001,81.1,0.203,385.4,79.2,45.9,76.75,25.86,NORMAL,0
2026-02-21T07:00:00,DG-001,82.76,0.215,344.2,69.7,81.4,75.88,27.96,NORMAL,0
2026-02-21T08:00:00,DG-001,110.47,1.417,343.4,90.4,43.4,103.19,23.45,FAILURE_PRECURSOR,1
2026-02-21T09:00:00,DG-001,80.4,0.152,354.1,71.3,34.4,76.6,27.83,NORMAL,0
2026-02-21T10:00:00,DG-001,81.13,0.189,370.1,73.5,62.7,76.52,25.99,NORMAL,0
2026-02-21T11:00:00,DG-001,79.43,0.213,289.0,57.3,75.5,75.35,27.83,NORMAL,0
2026-02-21T12:00:00,DG-001,110.77,1.314,446.9,98.9,9.1,108.41,23.96,FAILURE_PRECURSOR,1
2026-02-21T13:00:00,DG-001,82.29,0.282,307.7,59.9,30.3,74.39,26.86,NORMAL,0
2026-02-21T14:00:00,DG-001,82.21,0.251,385.9,79.2,92.1,77.85,27.27,NORMAL,0
2026-02-21T15:00:00,DG-001,105.97,0.983,467.8,104.4,37.0,104.87,20.57,FAILURE_PRECURSOR,1
2026-02-21T16:00:00,DG-001,79.4,0.237,267.0,51.5,55.3,73.37,26.29,NORMAL,0
2026-02-21T17:00:00,DG-001,81.72,0.235,312.2,64.1,95.4,73.31,27.11,NORMAL,0
2026-02-21T18:00:00,DG-001,82.25,0.294,328.4,65.4,60.8,74.38,25.56,NORMAL,0
2026-02-21T19:00:00,DG-001,80.41,0.246,405.7,80.7,54.1,76.12,25.51,NORMAL,0
2026-02-21T20:00:00,DG-001,79.47,0.236,390.2,77.1,77.4,75.78,26.66,NORMAL,0
2026-02-21T21:00:00,DG-001,99.63,0.407,444.6,93.0,35.5,90.54,23.82,WARNING,0
2026-02-21T22:00:00,DG-001,81.76,0.327,354.9,71.4,94.6,76.02,25.61,NORMAL,0
2026-02-21T23:00:00,DG-001,81.58,0.217,272.0,55.2,85.3,73.35,26.81,NORMAL,0
2026-02-22T00:00:00,DG-001,95.08,0.474,381.9,80.2,40.7,88.45,25.84,WARNING,0
2026-02-22T01:00:00,DG-001,79.9,0.291,382.2,74.7,20.9,76.37,25.13,NORMAL,0
2026-02-22T02:00:00,DG-001,78.78,0.241,266.3,54.6,29.3,74.07,26.65,NORMAL,0
2026-02-22T03:00:00,DG-001,79.63,0.212,259.1,51.8,96.1,73.16,26.39,NORMAL,0
2026-02-22T04:00:00,DG-001,107.71,1.085,537.4,104.5,15.4,105.71,22.32,FAILURE_PRECURSOR,1
2026-02-22T05:00:00,DG-001,84.17,0.238,406.1,83.1,45.0,75.9,26.7,NORMAL,0
2026-02-22T06:00:00,DG-001,83.78,0.178,392.6,80.1,49.1,76.01,27.61,NORMAL,0
2026-02-22T07:00:00,DG-001,107.92,0.916,496.7,108.7,5.2,105.41,21.57,FAILURE_PRECURSOR,1
2026-02-22T08:00:00,DG-001,81.55,0.257,357.3,70.9,54.3,77.17,27.31,NORMAL,0
2026-02-22T09:00:00,DG-001,99.0,0.526,382.0,82.4,83.8,89.35,24.3,WARNING,0
2026-02-22T10:00:00,DG-001,81.65,0.175,379.3,76.1,68.4,75.75,27.27,NORMAL,0
2026-02-22T11:00:00,DG-001,78.97,0.189,299.3,59.9,72.2,74.66,25.51,NORMAL,0
2026-02-22T12:00:00,DG-001,82.72,0.297,384.0,77.6,31.8,75.09,26.64,NORMAL,0
2026-02-22T13:00:00,DG-001,84.86,0.32,402.9,80.8,60.5,75.19,26.74,NORMAL,0
2026-02-22T14:00:00,DG-001,80.98,0.172,270.2,54.2,94.0,74.15,25.92,NORMAL,0
2026-02-22T15:00:00,DG-001,81.34,0.346,384.0,76.5,28.0,77.39,26.1,NORMAL,0
2026-02-22T16:00:00,DG-001,80.2,0.131,250.8,50.3,85.4,74.19,26.39,NORMAL,0
2026-02-22T17:00:00,DG-001,81.8,0.2,341.6,67.4,58.7,73.88,26.33,NORMAL,0
2026-02-22T18:00:00,DG-001,99.43,0.524,452.4,92.9,45.0,87.6,23.07,WARNING,0
2026-02-22T19:00:00,DG-001,102.89,1.524,373.1,87.5,33.2,103.02,20.32,FAILURE_PRECURSOR,1
2026-02-22T20:00:00,DG-001,83.12,0.195,371.0,73.5,68.8,77.63,25.55,NORMAL,0
2026-02-22T21:00:00,DG-001,80.23,0.24,310.8,61.0,33.2,75.97,26.73,NORMAL,0
2026-02-22T22:00:00,DG-001,78.07,0.295,307.4,62.0,53.3,75.67,25.88,NORMAL,0
2026-02-22T23:00:00,DG-001,97.83,0.564,410.5,85.9,90.0,87.73,23.81,WARNING,0
2026-02-23T00:00:00,DG-001,81.36,0.326,410.9,81.0,32.8,76.63,27.65,NORMAL,0
2026-02-23T01:00:00,DG-001,81.33,0.198,307.0,61.7,70.2,75.96,27.22,NORMAL,0
2026-02-23T02:00:00,DG-001,81.63,0.232,282.3,54.9,87.1,74.82,25.33,NORMAL,0
2026-02-23T03:00:00,DG-001,84.01,0.232,370.8,74.1,76.7,76.84,26.78,NORMAL,0
2026-02-23T04:00:00,DG-001,96.45,0.535,392.3,77.4,56.1,88.24,25.84,WARNING,0
2026-02-23T05:00:00,DG-001,100.27,1.379,419.9,89.5,30.4,105.94,22.43,FAILURE_PRECURSOR,1
2026-02-23T06:00:00,DG-001,95.67,0.661,430.9,91.4,15.3,91.13,23.79,WARNING,0
2026-02-23T07:00:00,DG-001,79.91,0.166,272.2,53.5,82.5,73.44,25.86,NORMAL,0
2026-02-23T08:00:00,DG-001,82.09,0.258,366.1,72.7,91.6,75.77,25.75,NORMAL,0
2026-02-23T09:00:00,DG-001,82.29,0.198,370.8,72.4,46.9,75.49,27.7,NORMAL,0
2026-02-23T10:00:00,DG-001,86.05,0.265,409.9,80.5,50.8,76.12,26.97,NORMAL,0
2026-02-23T11:00:00,DG-001,98.26,0.642,470.1,94.0,27.5,88.6,24.05,WARNING,0
2026-02-23T12:00:00,DG-001,81.03,0.244,316.6,63.5,31.2,75.01,27.75,NORMAL,0
2026-02-23T13:00:00,DG-001,80.83,0.3,293.3,59.6,92.9,72.96,27.79,NORMAL,0
2026-02-23T14:00:00,DG-001,81.58,0.185,412.5,81.0,52.1,77.89,26.45,NORMAL,0
2026-02-23T15:00:00,DG-001,115.82,1.016,460.6,105.5,5.7,105.0,21.61,FAILURE_PRECURSOR,1
2026-02-23T16:00:00,DG-001,95.83,0.574,398.2,82.2,89.9,89.55,25.85,WARNING,0
2026-02-23T17:00:00,DG-001,82.87,0.248,299.2,60.5,86.6,76.04,26.72,NORMAL,0
2026-02-23T18:00:00,DG-001,78.72,0.181,255.1,50.7,37.6,73.87,25.11,NORMAL,0
2026-02-23T19:00:00,DG-001,79.92,0.252,355.5,71.6,41.7,75.1,26.51,NORMAL,0
2026-02-23T20:00:00,DG-001,109.7,1.063,430.7,96.6,39.7,102.07,22.28,FAILURE_PRECURSOR,1
2026-02-23T21:00:00,DG-001,111.43,1.068,435.3,91.5,9.0,104.02,23.61,FAILURE_PRECURSOR,1
2026-02-23T22:00:00,DG-001,81.28,0.197,338.6,67.3,99.7,74.4,27.85,NORMAL,0
2026-02-23T23:00:00,DG-001,80.89,0.326,352.7,71.0,75.6,74.36,25.23,NORMAL,0
2026-02-24T00:00:00,DG-001,85.24,0.209,294.9,60.9,79.6,76.37,25.58,NORMAL,0
2026-02-24T01:00:00,DG-001,78.96,0.241,266.9,53.6,76.7,72.36,26.35,NORMAL,0
2026-02-24T02:00:00,DG-001,80.75,0.297,359.5,72.6,98.8,73.94,25.92,NORMAL,0
2026-02-24T03:00:00,DG-001,95.82,0.56,371.2,78.3,44.9,88.48,23.65,WARNING,0
2026-02-24T04:00:00,DG-001,83.81,0.354,392.2,78.4,54.5,76.43,25.75,NORMAL,0
2026-02-24T05:00:00,DG-001,79.45,0.204,292.9,59.0,88.6,73.98,26.64,NORMAL,0
2026-02-24T06:00:00,DG-001,80.46,0.307,304.3,60.4,89.6,75.72,27.61,NORMAL,0
2026-02-24T07:00:00,DG-001,83.34,0.285,327.7,65.0,38.0,75.08,27.62,NORMAL,0
2026-02-24T08:00:00,DG-001,78.46,0.15,271.3,54.6,99.6,73.02,27.98,NORMAL,0
2026-02-24T09:00:00,DG-001,80.35,0.227,373.9,75.4,80.5,78.76,25.66,NORMAL,0
2026-02-24T10:00:00,DG-001,84.14,0.225,421.0,82.3,47.2,77.15,25.87,NORMAL,0
2026-02-24T11:00:00,DG-001,109.93,0.834,442.8,89.1,46.4,103.49,23.09,FAILURE_PRECURSOR,1
2026-02-24T12:00:00,DG-001,82.45,0.229,267.7,53.5,73.7,74.12,27.66,NORMAL,0
2026-02-24T13:00:00,DG-001,109.81,1.505,379.6,86.6,28.9,104.42,20.48,FAILURE_PRECURSOR,1
2026-02-24T14:00:00,DG-001,85.09,0.27,389.6,77.7,99.0,76.26,26.89,NORMAL,0
2026-02-24T15:00:00,DG-001,80.91,0.279,310.2,61.6,59.2,76.84,27.57,NORMAL,0
2026-02-24T16:00:00,DG-001,79.04,0.197,277.5,55.9,74.0,75.01,26.19,NORMAL,0
2026-02-24T17:00:00,DG-001,77.76,0.103,271.6,54.3,75.3,73.97,27.69,NORMAL,0
2026-02-24T18:00:00,DG-001,79.96,0.289,257.9,52.3,54.4,74.96,26.43,NORMAL,0
2026-02-24T19:00:00,DG-001,84.31,0.201,414.4,82.4,27.9,76.93,25.69,NORMAL,0
2026-02-24T20:00:00,DG-001,109.93,1.497,368.2,92.4,30.5,103.83,22.76,FAILURE_PRECURSOR,1
2026-02-24T21:00:00,DG-001,78.77,0.19,276.5,55.7,58.7,75.81,25.28,NORMAL,0
2026-02-24T22:00:00,DG-001,81.29,0.189,266.4,54.5,77.7,73.47,26.65,NORMAL,0
2026-02-24T23:00:00,DG-001,108.57,1.466,389.8,88.3,28.0,104.74,23.82,FAILURE_PRECURSOR,1
2026-02-25T00:00:00,DG-001,114.04,1.478,462.0,109.2,25.4,104.69,22.19,FAILURE_PRECURSOR,1
2026-02-25T01:00:00,DG-001,98.28,0.428,357.2,77.0,26.9,86.22,24.87,WARNING,0
2026-02-25T02:00:00,DG-001,94.46,0.675,376.6,84.0,15.3,88.02,23.43,WARNING,0
2026-02-25T03:00:00,DG-001,82.53,0.121,264.8,53.8,95.7,73.75,27.32,NORMAL,0
2026-02-25T04:00:00,DG-001,79.97,0.248,276.4,55.4,26.4,74.85,26.96,NORMAL,0
2026-02-25T05:00:00,DG-001,83.88,0.257,390.6,77.1,98.3,75.96,26.35,NORMAL,0
2026-02-25T06:00:00,DG-001,110.59,0.858,382.0,93.2,23.0,103.61,20.28,FAILURE_PRECURSOR,1
2026-02-25T07:00:00,DG-001,83.54,0.257,401.7,79.9,60.2,74.72,25.93,NORMAL,0
2026-02-25T08:00:00,DG-001,85.78,0.305,383.1,76.5,64.6,74.55,27.55,NORMAL,0
2026-02-25T09:00:00,DG-001,82.57,0.294,357.0,71.8,51.7,77.47,25.29,NORMAL,0
2026-02-25T10:00:00,DG-001,109.72,0.928,445.7,105.2,39.1,103.1,22.6,FAILURE_PRECURSOR,1
2026-02-25T11:00:00,DG-001,81.38,0.302,340.1,67.8,83.4,74.4,27.86,NORMAL,0
2026-02-25T12:00:00,DG-001,82.08,0.282,361.2,72.6,53.2,76.64,26.39,NORMAL,0
2026-02-25T13:00:00,DG-001,84.82,0.255,418.7,83.5,81.1,75.34,25.07,NORMAL,0
2026-02-25T14:00:00,DG-001,81.89,0.224,364.6,71.9,63.9,77.73,26.84,NORMAL,0
2026-02-25T15:00:00,DG-001,79.07,0.239,293.7,58.6,72.8,74.53,27.23,NORMAL,0
2026-02-25T16:00:00,DG-001,82.15,0.195,291.9,59.2,34.9,75.75,26.28,NORMAL,0
2026-02-25T17:00:00,DG-001,83.7,0.222,383.5,75.3,80.8,75.9,27.37,NORMAL,0
2026-02-25T18:00:00,DG-001,82.13,0.235,332.2,65.9,99.1,75.04,25.81,NORMAL,0
2026-02-25T19:00:00,DG-001,79.41,0.269,328.2,66.2,47.8,74.96,25.34,NORMAL,0
2026-02-25T20:00:00,DG-001,99.01,0.601,419.9,87.2,17.1,88.56,24.95,WARNING,0
2026-02-25T21:00:00,DG-001,78.5,0.187,264.8,54.5,67.7,73.23,27.02,NORMAL,0
2026-02-25T22:00:00,DG-001,79.99,0.192,248.8,50.5,63.8,73.67,26.88,NORMAL,0
2026-02-25T23:00:00,DG-001,79.63,0.274,311.8,62.0,49.2,75.3,26.09,NORMAL,0
2026-02-26T00:00:00,DG-001,99.54,0.696,382.6,75.8,60.4,89.28,23.11,WARNING,0
2026-02-26T01:00:00,DG-001,81.22,0.191,257.5,53.7,77.1,75.56,25.22,NORMAL,0
2026-02-26T02:00:00,DG-001,77.95,0.265,350.3,71.5,67.1,76.22,27.82,NORMAL,0
2026-02-26T03:00:00,DG-001,80.9,0.252,333.8,65.7,83.4,74.09,25.95,NORMAL,0
2026-02-26T04:00:00,DG-001,82.94,0.298,377.3,76.7,60.7,75.46,26.85,NORMAL,0
2026-02-26T05:00:00,DG-001,108.85,1.193,554.3,109.6,8.4,104.64,21.31,FAILURE_PRECURSOR,1
2026-02-26T06:00:00,DG-001,81.14,0.289,283.9,56.9,64.0,72.45,25.25,NORMAL,0
2026-02-26T07:00:00,DG-001,81.87,0.236,350.2,71.5,28.2,75.43,27.98,NORMAL,0
2026-02-26T08:00:00,DG-001,84.06,0.252,398.6,79.9,82.1,76.42,27.34,NORMAL,0
2026-02-26T09:00:00,DG-001,82.91,0.173,393.9,77.9,98.5,77.58,27.47,NORMAL,0
2026-02-26T10:00:00,DG-001,86.36,0.263,382.2,76.7,68.9,75.73,26.09,NORMAL,0
2026-02-26T11:00:00,DG-001,83.06,0.215,417.8,82.3,73.7,78.04,26.8,NORMAL,0
2026-02-26T12:00:00,DG-001,80.72,0.151,332.1,67.1,26.5,76.13,25.88,NORMAL,0
2026-02-26T13:00:00,DG-001,82.64,0.238,324.7,65.0,59.3,73.52,27.67,NORMAL,0
2026-02-26T14:00:00,DG-001,80.02,0.235,266.0,53.3,92.8,72.51,26.88,NORMAL,0
2026-02-26T15:00:00,DG-001,83.28,0.274,345.8,67.7,74.7,74.3,25.94,NORMAL,0
2026-02-26T16:00:00,DG-001,83.49,0.226,325.7,64.7,82.7,73.85,27.37,NORMAL,0
2026-02-26T17:00:00,DG-001,83.77,0.287,403.5,81.9,35.1,76.43,25.32,NORMAL,0
2026-02-26T18:00:00,DG-001,83.3,0.277,384.2,77.8,57.4,75.07,26.99,NORMAL,0
2026-02-26T19:00:00,DG-001,94.15,0.637,388.8,78.1,39.5,88.42,23.76,WARNING,0
2026-02-26T20:00:00,DG-001,81.6,0.247,286.4,57.4,47.0,73.44,27.32,NORMAL,0
2026-02-26T21:00:00,DG-001,78.56,0.22,256.5,51.8,87.3,75.19,25.84,NORMAL,0
2026-02-26T22:00:00,DG-001,79.26,0.185,320.4,63.9,77.2,75.44,25.19,NORMAL,0
2026-02-26T23:00:00,DG-001,84.21,0.174,388.0,81.5,36.5,76.81,26.37,NORMAL,0
2026-02-27T00:00:00,DG-001,98.4,0.599,405.8,84.0,60.0,88.6,24.08,WARNING,0
2026-02-27T01:00:00,DG-001,82.1,0.275,339.5,68.7,99.9,73.03,25.81,NORMAL,0
2026-02-27T02:00:00,DG-001,81.32,0.19,259.4,51.5,98.2,75.55,26.1,NORMAL,0
2026-02-27T03:00:00,DG-001,81.08,0.309,274.5,55.3,41.4,74.27,26.78,NORMAL,0
2026-02-27T04:00:00,DG-001,85.34,0.19,424.5,84.5,34.5,76.74,26.0,NORMAL,0
2026-02-27T05:00:00,DG-001,83.83,0.296,396.8,79.1,60.6,75.89,25.02,NORMAL,0
2026-02-27T06:00:00,DG-001,109.41,1.047,469.5,102.4,41.8,106.03,20.06,FAILURE_PRECURSOR,1
2026-02-27T07:00:00,DG-001,80.26,0.134,267.8,55.2,81.0,73.82,25.52,NORMAL,0
2026-02-27T08:00:00,DG-001,107.61,0.974,445.6,104.4,36.7,105.76,22.42,FAILURE_PRECURSOR,1
2026-02-27T09:00:00,DG-001,79.37,0.282,295.4,60.2,41.8,73.65,26.12,NORMAL,0
2026-02-27T10:00:00,DG-001,81.99,0.238,397.8,79.1,51.5,76.41,25.63,NORMAL,0
2026-02-27T11:00:00,DG-001,80.57,0.245,292.4,57.9,25.9,74.02,25.4,NORMAL,0
2026-02-27T12:00:00,DG-001,106.91,1.234,474.4,101.4,5.7,106.08,23.23,FAILURE_PRECURSOR,1
2026-02-27T13:00:00,DG-001,82.47,0.244,366.2,72.9,89.1,75.95,25.6,NORMAL,0
2026-02-27T14:00:00,DG-001,83.55,0.208,421.6,84.6,98.9,78.16,26.4,NORMAL,0
2026-02-27T15:00:00,DG-001,80.45,0.328,355.9,71.1,20.1,75.45,25.04,NORMAL,0
2026-02-27T16:00:00,DG-001,81.48,0.159,282.4,56.6,66.4,74.19,25.45,NORMAL,0
2026-02-27T17:00:00,DG-001,81.98,0.24,375.5,75.2,37.4,75.24,27.84,NORMAL,0
2026-02-27T18:00:00,DG-001,82.77,0.254,272.3,53.5,30.8,74.65,26.46,NORMAL,0
2026-02-27T19:00:00,DG-001,83.27,0.363,371.2,73.2,66.9,77.27,27.64,NORMAL,0
2026-02-27T20:00:00,DG-001,98.3,0.516,388.2,80.0,58.6,89.08,23.18,WARNING,0
2026-02-27T21:00:00,DG-001,84.73,0.265,419.5,83.9,22.8,76.95,26.03,NORMAL,0
2026-02-27T22:00:00,DG-001,79.91,0.235,319.2,63.6,36.7,74.57,25.79,NORMAL,0
2026-02-27T23:00:00,DG-001,100.27,0.615,455.7,94.0,46.9,90.68,24.16,WARNING,0
2026-02-28T00:00:00,DG-001,79.26,0.292,265.6,51.1,58.1,75.92,25.83,NORMAL,0
2026-02-28T01:00:00,DG-001,81.06,0.292,322.3,63.6,91.2,75.32,27.6,NORMAL,0
2026-02-28T02:00:00,DG-001,78.79,0.154,257.4,51.2,30.8,74.8,25.25,NORMAL,0
2026-02-28T03:00:00,DG-001,83.18,0.265,355.0,72.1,93.2,74.98,26.08,NORMAL,0
2026-02-28T04:00:00,DG-001,81.85,0.251,379.5,75.8,37.2,75.34,27.16,NORMAL,0
2026-02-28T05:00:00,DG-001,85.11,0.23,400.2,78.4,99.4,75.37,27.29,NORMAL,0
2026-02-28T06:00:00,DG-001,80.77,0.204,324.6,64.4,34.4,75.39,26.18,NORMAL,0
2026-02-28T07:00:00,DG-001,80.12,0.193,336.8,65.9,68.3,75.47,25.8,NORMAL,0
2026-02-28T08:00:00,DG-001,79.3,0.211,367.1,72.9,28.2,76.48,25.96,NORMAL,0
2026-02-28T09:00:00,DG-001,79.43,0.212,272.5,53.3,81.1,73.49,25.88,NORMAL,0
2026-02-28T10:00:00,DG-001,82.24,0.26,286.4,58.6,93.7,74.22,26.56,NORMAL,0
2026-02-28T11:00:00,DG-001,79.53,0.302,288.0,56.1,85.1,75.09,26.54,NORMAL,0
2026-02-28T12:00:00,DG-001,82.52,0.23,349.1,71.5,77.7,75.64,27.26,NORMAL,0
2026-02-28T13:00:00,DG-001,83.83,0.234,393.6,80.7,33.4,75.96,25.47,NORMAL,0
2026-02-28T14:00:00,DG-001,82.11,0.228,345.0,69.3,26.8,75.67,26.68,NORMAL,0
2026-02-28T15:00:00,DG-001,112.5,1.449,490.8,107.7,14.8,106.29,21.22,FAILURE_PRECURSOR,1
2026-02-28T16:00:00,DG-001,84.05,0.217,356.3,72.0,93.9,74.2,26.77,NORMAL,0
2026-02-28T17:00:00,DG-001,82.05,0.227,379.9,73.3,34.0,75.52,27.25,NORMAL,0
2026-02-28T18:00:00,DG-001,79.78,0.192,253.8,51.0,49.9,74.24,27.51,NORMAL,0
2026-02-28T19:00:00,DG-001,95.99,0.498,385.9,79.3,61.0,86.37,24.26,WARNING,0
2026-02-28T20:00:00,DG-001,99.09,0.49,415.0,85.9,28.4,90.63,24.83,WARNING,0
2026-02-28T21:00:00,DG-001,80.32,0.171,330.3,66.4,74.4,75.36,26.44,NORMAL,0
2026-02-28T22:00:00,DG-001,96.81,0.475,394.2,77.7,88.8,88.07,23.11,WARNING,0
2026-02-28T23:00:00,DG-001,79.97,0.198,315.7,62.6,58.5,74.9,27.47,NORMAL,0
2026-03-01T00:00:00,DG-001,80.52,0.235,324.7,65.2,86.0,75.34,27.45,NORMAL,0
2026-03-01T01:00:00,DG-001,84.89,0.198,310.1,61.3,24.4,73.3,25.89,NORMAL,0
2026-03-01T02:00:00,DG-001,81.06,0.071,268.5,53.5,68.9,73.13,25.43,NORMAL,0
2026-03-01T03:00:00,DG-001,105.92,1.082,396.3,89.9,18.5,103.13,21.67,FAILURE_PRECURSOR,1
2026-03-01T04:00:00,DG-001,81.55,0.201,408.8,82.2,56.4,77.27,26.71,NORMAL,0
2026-03-01T05:00:00,DG-001,80.9,0.24,328.3,65.7,90.1,73.72,26.23,NORMAL,0
2026-03-01T06:00:00,DG-001,81.31,0.254,305.6,61.7,46.7,74.36,25.65,NORMAL,0
2026-03-01T07:00:00,DG-001,116.47,1.121,486.6,98.0,13.0,105.03,21.36,FAILURE_PRECURSOR,1
2026-03-01T08:00:00,DG-001,83.29,0.264,363.1,73.3,54.8,75.66,27.88,NORMAL,0
2026-03-01T09:00:00,DG-001,80.2,0.258,370.3,73.3,59.1,76.48,26.66,NORMAL,0
2026-03-01T10:00:00,DG-001,78.38,0.152,265.9,52.9,98.3,76.35,25.5,NORMAL,0
2026-03-01T11:00:00,DG-001,81.99,0.207,267.0,53.7,87.8,74.87,25.12,NORMAL,0
2026-03-01T12:00:00,DG-001,100.62,0.636,421.8,86.9,89.7,88.89,25.9,WARNING,0
2026-03-01T13:00:00,DG-001,84.43,0.137,398.7,79.7,89.7,75.81,26.52,NORMAL,0
2026-03-01T14:00:00,DG-001,81.71,0.224,328.0,64.9,70.6,74.35,26.56,NORMAL,0
2026-03-01T15:00:00,DG-001,93.6,0.645,372.5,84.0,68.8,89.05,24.97,WARNING,0
2026-03-01T16:00:00,DG-001,79.4,0.163,264.7,52.0,80.5,72.96,25.06,NORMAL,0
2026-03-01T17:00:00,DG-001,78.85,0.229,310.1,60.9,43.4,74.68,26.85,NORMAL,0
2026-03-01T18:00:00,DG-001,81.76,0.275,381.8,74.7,39.0,75.46,26.87,NORMAL,0
2026-03-01T19:00:00,DG-001,82.4,0.315,414.7,82.4,60.9,75.82,25.55,NORMAL,0
2026-03-01T20:00:00,DG-001,84.25,0.251,409.0,82.2,61.5,76.55,27.73,NORMAL,0
2026-03-01T21:00:00,DG-001,81.27,0.2,273.1,53.9,23.5,74.71,26.1,NORMAL,0
2026-03-01T22:00:00,DG-001,107.37,0.808,399.6,85.4,38.3,104.07,22.55,FAILURE_PRECURSOR,1
2026-03-01T23:00:00,DG-001,81.43,0.317,419.8,83.6,66.6,74.35,27.93,NORMAL,0
2026-03-02T00:00:00,DG-001,101.3,0.603,450.1,94.1,30.1,89.42,23.12,WARNING,0
2026-03-02T01:00:00,DG-001,79.39,0.148,290.2,58.9,73.9,74.54,25.13,NORMAL,0
2026-03-02T02:00:00,DG-001,83.18,0.253,337.3,65.5,87.2,74.27,27.86,NORMAL,0
2026-03-02T03:00:00,DG-001,82.61,0.181,362.9,72.6,52.6,76.19,27.78,NORMAL,0
2026-03-02T04:00:00,DG-001,110.22,1.02,432.0,99.5,13.7,106.68,21.15,FAILURE_PRECURSOR,1
2026-03-02T05:00:00,DG-001,107.14,1.281,457.2,94.0,35.3,108.52,23.66,FAILURE_PRECURSOR,1
2026-03-02T06:00:00,DG-001,83.29,0.195,401.6,80.2,72.3,76.91,27.45,NORMAL,0
2026-03-02T07:00:00,DG-001,97.53,0.545,442.7,93.9,40.7,87.89,23.01,WARNING,0
2026-03-02T08:00:00,DG-001,112.58,1.121,444.9,102.4,9.8,102.98,20.68,FAILURE_PRECURSOR,1
2026-03-02T09:00:00,DG-001,110.14,0.964,434.7,109.9,37.1,104.08,23.1,FAILURE_PRECURSOR,1
2026-03-02T10:00:00,DG-001,80.4,0.202,314.8,63.6,66.5,74.19,26.31,NORMAL,0
2026-03-02T11:00:00,DG-001,81.24,0.252,308.2,61.6,25.3,75.52,25.13,NORMAL,0
2026-03-02T12:00:00,DG-001,78.67,0.295,271.2,53.7,69.1,74.9,25.55,NORMAL,0
2026-03-02T13:00:00,DG-001,80.68,0.206,357.0,72.9,77.3,75.92,26.83,NORMAL,0
2026-03-02T14:00:00,DG-001,97.13,0.414,382.7,80.3,25.5,87.81,25.74,WARNING,0
2026-03-02T15:00:00,DG-001,80.69,0.247,352.1,70.8,35.1,75.53,26.19,NORMAL,0
2026-03-02T16:00:00,DG-001,78.69,0.309,376.7,74.2,78.7,75.58,25.66,NORMAL,0
2026-03-02T17:00:00,DG-001,96.96,0.428,372.2,83.4,32.7,88.37,25.55,WARNING,0
2026-03-02T18:00:00,DG-001,107.22,1.567,477.3,108.9,30.6,107.98,20.29,FAILURE_PRECURSOR,1
2026-03-02T19:00:00,DG-001,82.98,0.268,393.4,79.7,60.7,75.85,25.01,NORMAL,0
2026-03-02T20:00:00,DG-001,84.17,0.258,399.6,78.9,88.4,76.71,25.44,NORMAL,0
2026-03-02T21:00:00,DG-001,80.54,0.187,285.3,56.0,48.8,73.23,27.52,NORMAL,0
2026-03-02T22:00:00,DG-001,83.81,0.278,414.3,84.4,77.3,76.4,26.24,NORMAL,0
2026-03-02T23:00:00,DG-001,80.82,0.19,299.8,59.5,75.5,74.95,25.71,NORMAL,0
2026-03-03T00:00:00,DG-001,110.34,0.919,484.0,109.1,20.1,108.02,22.7,FAILURE_PRECURSOR,1
2026-03-03T01:00:00,DG-001,83.45,0.329,351.0,70.3,36.9,73.68,25.88,NORMAL,0
2026-03-03T02:00:00,DG-001,79.27,0.192,266.1,53.3,73.5,74.85,25.98,NORMAL,0
2026-03-03T03:00:00,DG-001,80.91,0.232,352.7,70.3,77.0,74.66,26.8,NORMAL,0
2026-03-03T04:00:00,DG-001,81.12,0.202,353.1,68.9,69.7,75.92,25.19,NORMAL,0
2026-03-03T05:00:00,DG-001,82.75,0.159,343.9,69.5,63.9,75.75,25.34,NORMAL,0
2026-03-03T06:00:00,DG-001,78.78,0.18,313.2,61.3,62.9,74.94,25.64,NORMAL,0
2026-03-03T07:00:00,DG-001,96.29,0.59,430.8,87.3,53.5,88.84,25.8,WARNING,0
2026-03-03T08:00:00,DG-001,82.35,0.176,325.6,66.1,58.4,75.29,25.59,NORMAL,0
2026-03-03T09:00:00,DG-001,95.69,0.571,433.5,86.3,52.0,91.61,23.15,WARNING,0
2026-03-03T10:00:00,DG-001,80.16,0.228,297.2,61.4,88.5,74.67,27.23,NORMAL,0
2026-03-03T11:00:00,DG-001,82.96,0.28,316.5,63.7,65.2,75.02,27.04,NORMAL,0
2026-03-03T12:00:00,DG-001,81.59,0.222,337.8,68.9,89.4,76.45,25.78,NORMAL,0
2026-03-03T13:00:00,DG-001,80.08,0.149,249.2,50.7,45.5,72.52,26.12,NORMAL,0
2026-03-03T14:00:00,DG-001,78.68,0.229,280.7,55.7,21.4,75.63,25.74,NORMAL,0
2026-03-03T15:00:00,DG-001,81.49,0.277,330.9,66.0,26.7,75.37,27.29,NORMAL,0
2026-03-03T16:00:00,DG-001,83.0,0.17,367.9,75.7,70.2,76.94,25.56,NORMAL,0
2026-03-03T17:00:00,DG-001,77.85,0.148,257.6,52.2,23.7,74.37,26.44,NORMAL,0
2026-03-03T18:00:00,DG-001,81.53,0.209,430.1,84.6,71.9,75.04,26.03,NORMAL,0
2026-03-03T19:00:00,DG-001,96.37,0.652,373.5,78.7,25.6,87.31,23.11,WARNING,0
2026-03-03T20:00:00,DG-001,110.48,1.547,449.2,96.5,44.1,105.77,22.76,FAILURE_PRECURSOR,1
2026-03-03T21:00:00,DG-001,96.36,0.632,380.4,81.9,85.1,86.41,23.32,WARNING,0
2026-03-03T22:00:00,DG-001,82.52,0.231,346.8,68.2,54.8,74.79,27.57,NORMAL,0
2026-03-03T23:00:00,DG-001,82.89,0.267,382.7,76.2,66.1,75.83,26.16,NORMAL,0
2026-03-04T00:00:00,DG-001,97.73,0.668,398.4,78.8,16.4,87.43,25.5,WARNING,0
2026-03-04T01:00:00,DG-001,81.64,0.245,417.8,84.7,62.4,77.54,26.74,NORMAL,0
2026-03-04T02:00:00,DG-001,99.4,0.533,387.2,79.7,40.0,86.3,23.75,WARNING,0
2026-03-04T03:00:00,DG-001,80.5,0.172,260.0,50.9,20.6,73.87,27.08,NORMAL,0
2026-03-04T04:00:00,DG-001,83.27,0.223,264.6,53.3,33.4,72.73,27.57,NORMAL,0
2026-03-04T05:00:00,DG-001,80.28,0.304,335.1,65.6,72.5,74.36,25.68,NORMAL,0
2026-03-04T06:00:00,DG-001,82.3,0.216,264.5,52.0,95.7,72.44,26.48,NORMAL,0
2026-03-04T07:00:00,DG-001,82.66,0.221,381.7,75.6,41.6,75.99,25.77,NORMAL,0
2026-03-04T08:00:00,DG-001,82.51,0.226,289.9,58.5,26.7,75.49,26.64,NORMAL,0
2026-03-04T09:00:00,DG-001,104.53,1.169,402.5,95.1,42.5,103.13,23.2,FAILURE_PRECURSOR,1
2026-03-04T10:00:00,DG-001,79.59,0.221,333.7,66.4,88.7,76.12,26.66,NORMAL,0
2026-03-04T11:00:00,DG-001,83.84,0.292,311.6,62.1,35.1,75.6,26.2,NORMAL,0
2026-03-04T12:00:00,DG-001,95.34,0.554,366.0,76.8,56.7,86.85,24.8,WARNING,0
2026-03-04T13:00:00,DG-001,81.13,0.154,325.3,65.0,82.5,75.95,26.61,NORMAL,0
2026-03-04T14:00:00,DG-001,81.73,0.237,337.5,66.9,21.7,74.64,25.89,NORMAL,0
2026-03-04T15:00:00,DG-001,107.08,1.536,357.3,89.2,30.0,103.69,21.64,FAILURE_PRECURSOR,1
2026-03-04T16:00:00,DG-001,81.73,0.197,252.1,51.8,50.3,73.76,25.44,NORMAL,0
2026-03-04T17:00:00,DG-001,80.79,0.293,279.7,58.0,59.1,74.31,25.4,NORMAL,0
2026-03-04T18:00:00,DG-001,81.48,0.192,269.0,53.8,87.6,74.29,25.89,NORMAL,0
2026-03-04T19:00:00,DG-001,80.8,0.228,316.4,65.9,80.1,76.53,27.54,NORMAL,0
2026-03-04T20:00:00,DG-001,84.02,0.25,367.1,71.4,71.5,77.9,26.67,NORMAL,0
2026-03-04T21:00:00,DG-001,81.97,0.266,386.9,75.2,20.1,75.49,25.73,NORMAL,0
2026-03-04T22:00:00,DG-001,84.92,0.238,354.6,70.7,81.8,74.38,25.21,NORMAL,0
2026-03-04T23:00:00,DG-001,81.45,0.228,366.3,71.3,91.7,75.55,25.85,NORMAL,0
2026-03-05T00:00:00,DG-001,98.81,0.408,371.9,78.3,56.9,87.08,25.92,WARNING,0
2026-03-05T01:00:00,DG-001,80.25,0.238,405.7,81.1,34.3,77.71,27.37,NORMAL,0
2026-03-05T02:00:00,DG-001,84.84,0.236,419.3,84.4,33.5,76.74,27.29,NORMAL,0
2026-03-05T03:00:00,DG-001,80.15,0.217,262.7,53.0,77.0,73.9,27.84,NORMAL,0
2026-03-05T04:00:00,DG-001,80.26,0.232,329.5,67.5,83.7,75.77,27.93,NORMAL,0
2026-03-05T05:00:00,DG-001,79.97,0.225,273.7,55.3,83.0,73.83,26.67,NORMAL,0
2026-03-05T06:00:00,DG-001,82.76,0.194,261.4,53.0,96.3,73.55,27.84,NORMAL,0
2026-03-05T07:00:00,DG-001,109.13,1.072,455.5,105.2,37.6,106.01,23.16,FAILURE_PRECURSOR,1
2026-03-05T08:00:00,DG-001,83.04,0.246,410.9,81.8,72.5,76.16,25.24,NORMAL,0
2026-03-05T09:00:00,DG-001,81.28,0.265,271.1,53.3,35.4,73.32,25.7,NORMAL,0
2026-03-05T10:00:00,DG-001,79.89,0.2,309.7,61.5,24.5,74.6,26.45,NORMAL,0
2026-03-05T11:00:00,DG-001,110.65,1.192,476.8,104.8,13.6,103.89,23.04,FAILURE_PRECURSOR,1
2026-03-05T12:00:00,DG-001,83.88,0.287,399.6,78.5,75.8,74.33,27.37,NORMAL,0
2026-03-05T13:00:00,DG-001,103.79,1.01,357.5,85.3,38.4,104.99,20.34,FAILURE_PRECURSOR,1
2026-03-05T14:00:00,DG-001,79.43,0.253,287.1,58.8,97.2,75.18,27.56,NORMAL,0
2026-03-05T15:00:00,DG-001,83.68,0.335,408.4,81.8,43.3,76.27,25.81,NORMAL,0
2026-03-05T16:00:00,DG-001,81.36,0.273,385.0,78.2,72.2,75.4,26.47,NORMAL,0
2026-03-05T17:00:00,DG-001,79.31,0.29,272.6,56.1,22.8,74.43,25.22,NORMAL,0
2026-03-05T18:00:00,DG-001,78.96,0.249,315.8,64.0,57.1,75.51,27.49,NORMAL,0
2026-03-05T19:00:00,DG-001,80.61,0.119,272.9,54.5,75.9,74.1,25.39,NORMAL,0
2026-03-05T20:00:00,DG-001,80.09,0.25,343.2,68.6,25.8,75.21,27.61,NORMAL,0
2026-03-05T21:00:00,DG-001,96.76,0.522,393.6,85.5,81.4,86.98,23.92,WARNING,0
2026-03-05T22:00:00,DG-001,81.38,0.287,363.4,73.4,44.7,78.11,27.35,NORMAL,0
2026-03-05T23:00:00,DG-001,82.08,0.254,393.6,80.9,96.1,76.69,27.02,NORMAL,0
2026-03-06T00:00:00,DG-001,80.51,0.247,333.0,66.3,21.1,75.14,27.01,NORMAL,0
2026-03-06T01:00:00,DG-001,83.31,0.272,371.4,73.9,75.7,75.73,26.66,NORMAL,0
2026-03-06T02:00:00,DG-001,81.56,0.179,276.9,54.3,50.2,74.73,26.55,NORMAL,0
2026-03-06T03:00:00,DG-001,106.67,1.479,402.7,85.9,26.3,104.07,23.55,FAILURE_PRECURSOR,1
2026-03-06T04:00:00,DG-001,81.21,0.271,391.6,78.2,39.7,74.99,25.14,NORMAL,0
2026-03-06T05:00:00,DG-001,81.64,0.151,353.3,69.5,74.3,75.61,25.55,NORMAL,0
2026-03-06T06:00:00,DG-001,97.96,0.658,394.2,83.6,30.8,87.25,23.28,WARNING,0
2026-03-06T07:00:00,DG-001,83.01,0.225,415.3,82.1,80.3,76.65,27.99,NORMAL,0
2026-03-06T08:00:00,DG-001,110.18,1.317,448.6,104.7,47.0,102.86,22.31,FAILURE_PRECURSOR,1
2026-03-06T09:00:00,DG-001,81.4,0.182,385.1,76.9,83.2,77.71,27.69,NORMAL,0
2026-03-06T10:00:00,DG-001,82.5,0.23,354.0,71.0,96.8,75.2,25.85,NORMAL,0
2026-03-06T11:00:00,DG-001,81.06,0.169,249.9,50.3,89.0,72.77,26.08,NORMAL,0
2026-03-06T12:00:00,DG-001,83.77,0.138,410.0,82.0,72.2,76.39,25.27,NORMAL,0
2026-03-06T13:00:00,DG-001,82.92,0.245,392.0,77.7,86.5,76.23,27.94,NORMAL,0
2026-03-06T14:00:00,DG-001,116.4,1.418,385.9,91.4,5.9,102.78,23.78,FAILURE_PRECURSOR,1
2026-03-06T15:00:00,DG-001,106.59,1.081,423.8,88.7,34.6,104.71,21.39,FAILURE_PRECURSOR,1
2026-03-06T16:00:00,DG-001,78.14,0.196,256.9,52.3,65.9,74.21,25.73,NORMAL,0
2026-03-06T17:00:00,DG-001,97.17,0.523,371.0,80.8,26.5,88.19,23.08,WARNING,0
2026-03-06T18:00:00,DG-001,79.43,0.152,257.0,52.6,67.1,75.77,27.02,NORMAL,0
2026-03-06T19:00:00,DG-001,84.95,0.258,399.4,79.7,97.3,76.33,27.31,NORMAL,0
2026-03-06T20:00:00,DG-001,82.39,0.25,332.6,66.6,36.9,75.49,27.4,NORMAL,0
2026-03-06T21:00:00,DG-001,81.47,0.203,283.3,56.3,29.7,73.51,26.78,NORMAL,0
2026-03-06T22:00:00,DG-001,82.75,0.212,347.6,69.7,42.5,74.24,27.24,NORMAL,0
2026-03-06T23:00:00,DG-001,81.72,0.262,346.9,68.9,77.5,75.44,27.08,NORMAL,0
2026-03-07T00:00:00,DG-001,84.4,0.284,425.9,84.1,44.3,77.63,25.87,NORMAL,0
2026-03-07T01:00:00,DG-001,93.99,0.645,394.4,80.9,36.2,86.25,24.63,WARNING,0
2026-03-07T02:00:00,DG-001,81.83,0.228,310.7,62.3,73.9,76.44,26.07,NORMAL,0
2026-03-07T03:00:00,DG-001,80.49,0.264,366.9,74.2,76.4,74.41,26.4,NORMAL,0
2026-03-07T04:00:00,DG-001,78.18,0.23,303.2,61.0,63.0,72.96,27.12,NORMAL,0
2026-03-07T05:00:00,DG-001,83.09,0.307,345.5,67.9,71.2,74.7,25.47,NORMAL,0
2026-03-07T06:00:00,DG-001,96.61,0.451,409.2,83.2,60.5,89.08,25.64,WARNING,0
2026-03-07T07:00:00,DG-001,95.57,0.549,364.2,75.3,27.8,84.62,25.61,WARNING,0
2026-03-07T08:00:00,DG-001,82.29,0.236,389.3,77.1,27.5,75.42,25.77,NORMAL,0
2026-03-07T09:00:00,DG-001,83.29,0.301,393.4,80.6,43.7,75.02,27.91,NORMAL,0
2026-03-07T10:00:00,DG-001,77.99,0.229,319.9,64.7,57.5,75.96,26.7,NORMAL,0
2026-03-07T11:00:00,DG-001,100.4,0.644,441.2,90.3,79.9,90.7,24.37,WARNING,0
2026-03-07T12:00:00,DG-001,109.76,1.111,373.7,85.6,36.6,102.61,21.95,FAILURE_PRECURSOR,1
2026-03-07T13:00:00,DG-001,107.45,1.215,513.6,96.0,5.4,107.61,22.07,FAILURE_PRECURSOR,1
2026-03-07T14:00:00,DG-001,80.8,0.177,268.1,53.4,98.1,74.13,27.79,NORMAL,0
2026-03-07T15:00:00,DG-001,104.83,1.445,414.3,91.8,6.8,107.25,20.39,FAILURE_PRECURSOR,1
2026-03-07T16:00:00,DG-001,96.74,0.699,420.3,83.5,83.7,88.23,25.45,WARNING,0
2026-03-07T17:00:00,DG-001,85.18,0.254,422.6,83.2,36.8,76.56,27.19,NORMAL,0
2026-03-07T18:00:00,DG-001,107.06,1.2,408.0,86.5,13.7,101.21,21.43,FAILURE_PRECURSOR,1
2026-03-07T19:00:00,DG-001,80.22,0.285,282.5,56.5,75.1,75.46,26.91,NORMAL,0
2026-03-07T20:00:00,DG-001,81.82,0.209,329.7,65.7,81.4,75.64,25.74,NORMAL,0
2026-03-07T21:00:00,DG-001,81.49,0.251,290.9,57.6,32.4,74.61,27.11,NORMAL,0
2026-03-07T22:00:00,DG-001,80.01,0.201,258.0,52.9,36.4,73.3,25.56,NORMAL,0
2026-03-07T23:00:00,DG-001,81.4,0.298,284.0,57.9,30.1,76.11,27.16,NORMAL,0
2026-03-08T00:00:00,DG-001,82.58,0.264,402.7,80.7,52.9,76.68,27.66,NORMAL,0
2026-03-08T01:00:00,DG-001,81.09,0.181,296.7,60.4,49.8,74.92,27.96,NORMAL,0
2026-03-08T02:00:00,DG-001,81.89,0.207,305.4,61.4,30.3,73.62,26.09,NORMAL,0
2026-03-08T03:00:00,DG-001,80.48,0.183,296.2,59.5,90.1,75.06,25.99,NORMAL,0
2026-03-08T04:00:00,DG-001,99.02,0.637,465.0,94.0,49.7,90.01,23.23,WARNING,0
2026-03-08T05:00:00,DG-001,111.78,1.408,489.8,104.2,43.0,107.04,23.3,FAILURE_PRECURSOR,1
2026-03-08T06:00:00,DG-001,81.13,0.138,306.9,60.7,85.2,75.12,27.51,NORMAL,0
2026-03-08T07:00:00,DG-001,80.85,0.229,325.6,62.8,81.9,75.81,25.09,NORMAL,0
2026-03-08T08:00:00,DG-001,80.21,0.168,256.1,51.3,23.2,74.26,25.09,NORMAL,0
2026-03-08T09:00:00,DG-001,85.02,0.345,381.0,78.2,69.0,76.72,25.67,NORMAL,0
2026-03-08T10:00:00,DG-001,84.45,0.269,378.9,75.7,50.4,78.05,25.3,NORMAL,0
2026-03-08T11:00:00,DG-001,99.26,0.412,414.9,89.1,82.3,89.06,25.99,WARNING,0
2026-03-08T12:00:00,DG-001,82.67,0.293,398.0,80.1,47.2,78.12,26.97,NORMAL,0
2026-03-08T13:00:00,DG-001,81.84,0.217,318.7,64.9,59.7,73.51,27.68,NORMAL,0
2026-03-08T14:00:00,DG-001,84.07,0.266,410.2,83.5,29.1,75.26,25.59,NORMAL,0
2026-03-08T15:00:00,DG-001,83.6,0.24,377.9,77.0,99.5,76.57,27.67,NORMAL,0
2026-03-08T16:00:00,DG-001,83.81,0.141,396.7,80.2,64.9,75.72,25.24,NORMAL,0
2026-03-08T17:00:00,DG-001,81.2,0.193,318.9,64.4,79.7,74.07,27.61,NORMAL,0
2026-03-08T18:00:00,DG-001,79.1,0.281,261.0,52.5,56.1,75.73,26.04,NORMAL,0
2026-03-08T19:00:00,DG-001,83.21,0.231,407.7,81.6,48.9,76.01,27.66,NORMAL,0
2026-03-08T20:00:00,DG-001,109.42,1.115,443.2,100.8,48.0,105.04,21.89,FAILURE_PRECURSOR,1
2026-03-08T21:00:00,DG-001,80.82,0.254,380.1,77.5,86.1,75.1,26.08,NORMAL,0
2026-03-08T22:00:00,DG-001,79.31,0.314,341.3,68.3,89.4,75.81,25.72,NORMAL,0
2026-03-08T23:00:00,DG-001,79.56,0.162,309.5,61.5,62.0,74.29,26.06,NORMAL,0
2026-03-09T00:00:00,DG-001,79.52,0.174,354.4,69.8,40.6,75.94,27.55,NORMAL,0
2026-03-09T01:00:00,DG-001,80.99,0.339,339.4,67.4,56.1,75.34,27.48,NORMAL,0
2026-03-09T02:00:00,DG-001,82.37,0.282,424.3,84.5,62.6,75.51,27.82,NORMAL,0
2026-03-09T03:00:00,DG-001,96.58,0.501,393.1,81.8,31.5,88.69,23.42,WARNING,0
2026-03-09T04:00:00,DG-001,76.57,0.148,254.3,51.5,34.5,75.33,27.95,NORMAL,0
2026-03-09T05:00:00,DG-001,80.65,0.271,272.0,53.1,99.1,74.19,27.81,NORMAL,0
2026-03-09T06:00:00,DG-001,82.75,0.236,422.2,84.7,88.2,76.34,27.3,NORMAL,0
2026-03-09T07:00:00,DG-001,101.87,0.517,422.5,87.6,55.2,89.47,25.09,WARNING,0
2026-03-09T08:00:00,DG-001,98.82,0.514,383.6,80.0,41.0,90.3,25.67,WARNING,0
2026-03-09T09:00:00,DG-001,85.09,0.117,399.4,81.1,29.6,75.57,26.97,NORMAL,0
2026-03-09T10:00:00,DG-001,99.78,0.581,420.6,90.6,67.4,88.18,24.23,WARNING,0
2026-03-09T11:00:00,DG-001,80.64,0.275,347.1,68.6,90.5,76.77,26.0,NORMAL,0
2026-03-09T12:00:00,DG-001,83.67,0.184,395.1,78.8,58.1,74.13,27.09,NORMAL,0
2026-03-09T13:00:00,DG-001,99.71,0.605,431.5,88.6,55.2,89.62,23.99,WARNING,0
2026-03-09T14:00:00,DG-001,82.14,0.181,338.3,68.8,90.1,77.11,26.5,NORMAL,0
2026-03-09T15:00:00,DG-001,83.63,0.222,393.5,77.7,21.8,75.96,26.57,NORMAL,0
2026-03-09T16:00:00,DG-001,79.58,0.231,275.4,53.9,49.7,73.59,27.86,NORMAL,0
2026-03-09T17:00:00,DG-001,97.93,0.458,394.6,78.8,30.3,86.76,24.15,WARNING,0
2026-03-09T18:00:00,DG-001,82.88,0.271,422.6,84.8,63.5,77.6,26.52,NORMAL,0
2026-03-09T19:00:00,DG-001,81.16,0.213,294.0,59.4,62.7,74.83,25.92,NORMAL,0
2026-03-09T20:00:00,DG-001,82.3,0.322,405.3,82.6,93.2,76.35,25.75,NORMAL,0
2026-03-09T21:00:00,DG-001,96.52,0.556,422.8,86.6,16.4,87.28,24.62,WARNING,0
2026-03-09T22:00:00,DG-001,82.58,0.307,406.5,81.1,54.2,77.39,27.42,NORMAL,0
2026-03-09T23:00:00,DG-001,84.78,0.139,322.2,65.2,63.0,74.59,26.58,NORMAL,0
2026-03-10T00:00:00,DG-001,86.34,0.272,390.0,77.0,52.4,76.34,25.05,NORMAL,0
2026-03-10T01:00:00,DG-001,110.18,0.959,421.3,93.8,42.6,104.22,22.06,FAILURE_PRECURSOR,1
2026-03-10T02:00:00,DG-001,82.57,0.218,294.6,59.3,79.2,73.29,27.32,NORMAL,0
2026-03-10T03:00:00,DG-001,83.46,0.202,269.2,53.1,36.9,75.6,27.02,NORMAL,0
2026-03-10T04:00:00,DG-001,94.25,0.456,411.1,80.8,75.7,87.14,25.9,WARNING,0
2026-03-10T05:00:00,DG-001,108.58,1.032,375.7,88.5,16.5,104.87,23.88,FAILURE_PRECURSOR,1
2026-03-10T06:00:00,DG-001,83.21,0.26,330.4,67.5,21.4,73.54,26.09,NORMAL,0
2026-03-10T07:00:00,DG-001,78.19,0.187,301.1,61.7,70.4,74.96,27.08,NORMAL,0
2026-03-10T08:00:00,DG-001,95.39,0.556,398.8,84.0,47.6,90.36,25.1,WARNING,0
2026-03-10T09:00:00,DG-001,81.91,0.203,379.9,76.6,66.4,74.9,25.69,NORMAL,0
2026-03-10T10:00:00,DG-001,95.29,0.651,458.8,90.7,50.1,90.45,23.59,WARNING,0
2026-03-10T11:00:00,DG-001,99.45,0.605,425.5,85.1,58.2,88.95,23.85,WARNING,0
2026-03-10T12:00:00,DG-001,81.15,0.336,369.7,74.2,53.2,74.93,25.58,NORMAL,0
2026-03-10T13:00:00,DG-001,83.38,0.319,376.7,75.8,57.3,76.6,26.74,NORMAL,0
2026-03-10T14:00:00,DG-001,81.95,0.257,404.0,81.1,83.3,78.44,25.28,NORMAL,0
2026-03-10T15:00:00,DG-001,78.4,0.212,261.9,52.4,32.8,74.07,25.41,NORMAL,0
2026-03-10T16:00:00,DG-001,82.03,0.245,288.0,57.2,25.5,71.54,25.1,NORMAL,0
2026-03-10T17:00:00,DG-001,82.87,0.312,340.6,69.0,49.1,75.26,27.34,NORMAL,0
2026-03-10T18:00:00,DG-001,82.42,0.248,340.1,68.0,41.3,76.25,26.53,NORMAL,0
2026-03-10T19:00:00,DG-001,108.9,0.902,402.9,96.4,8.2,110.43,21.35,FAILURE_PRECURSOR,1
2026-03-10T20:00:00,DG-001,111.01,1.471,508.6,104.3,14.0,104.1,21.94,FAILURE_PRECURSOR,1
2026-03-10T21:00:00,DG-001,81.09,0.194,301.2,62.1,32.0,74.52,26.71,NORMAL,0
2026-03-10T22:00:00,DG-001,100.46,0.667,402.1,81.6,52.7,88.71,24.17,WARNING,0
2026-03-10T23:00:00,DG-001,101.13,0.431,464.1,92.6,39.9,88.43,24.29,WARNING,0
2026-03-11T00:00:00,DG-001,82.11,0.244,352.9,71.1,64.7,75.24,25.13,NORMAL,0
2026-03-11T01:00:00,DG-001,82.33,0.258,281.9,57.2,49.9,73.32,27.97,NORMAL,0
2026-03-11T02:00:00,DG-001,98.9,0.6,414.0,84.1,71.9,86.18,24.2,WARNING,0
2026-03-11T03:00:00,DG-001,81.3,0.219,279.5,56.2,65.0,74.5,27.24,NORMAL,0
2026-03-11T04:00:00,DG-001,78.14,0.177,278.3,56.5,25.4,74.69,25.61,NORMAL,0
2026-03-11T05:00:00,DG-001,87.71,0.324,421.8,84.5,35.4,76.8,27.12,NORMAL,0
2026-03-11T06:00:00,DG-001,82.75,0.204,298.7,59.5,59.0,74.4,26.96,NORMAL,0
2026-03-11T07:00:00,DG-001,83.31,0.255,366.6,72.6,89.5,75.35,26.42,NORMAL,0
2026-03-11T08:00:00,DG-001,83.69,0.305,348.0,68.7,48.4,74.41,26.34,NORMAL,0
2026-03-11T09:00:00,DG-001,83.42,0.258,402.5,80.5,31.2,76.37,27.23,NORMAL,0
2026-03-11T10:00:00,DG-001,82.31,0.2,291.2,58.3,22.3,74.3,27.08,NORMAL,0
2026-03-11T11:00:00,DG-001,80.14,0.238,268.0,54.9,26.1,73.8,26.03,NORMAL,0
2026-03-11T12:00:00,DG-001,82.39,0.131,364.2,73.4,84.6,75.55,25.3,NORMAL,0
2026-03-11T13:00:00,DG-001,81.35,0.183,350.8,70.8,67.4,75.01,26.2,NORMAL,0
2026-03-11T14:00:00,DG-001,84.24,0.317,306.4,60.6,34.9,74.82,25.17,NORMAL,0
2026-03-11T15:00:00,DG-001,82.35,0.347,393.1,80.3,92.3,76.85,27.23,NORMAL,0
2026-03-11T16:00:00,DG-001,79.91,0.241,292.8,57.6,61.1,76.0,25.11,NORMAL,0
2026-03-11T17:00:00,DG-001,83.6,0.255,276.7,56.7,41.3,75.68,26.03,NORMAL,0
2026-03-11T18:00:00,DG-001,110.86,0.823,473.7,107.8,17.3,106.3,20.11,FAILURE_PRECURSOR,1
2026-03-11T19:00:00,DG-001,81.91,0.34,398.3,78.7,29.1,77.08,27.82,NORMAL,0
2026-03-11T20:00:00,DG-001,86.0,0.262,401.8,79.8,46.7,74.93,25.77,NORMAL,0
2026-03-11T21:00:00,DG-001,81.25,0.087,338.5,68.5,35.7,74.99,25.14,NORMAL,0
2026-03-11T22:00:00,DG-001,81.5,0.308,387.7,77.5,43.2,76.24,25.98,NORMAL,0
2026-03-11T23:00:00,DG-001,80.39,0.283,265.8,52.8,64.1,71.51,25.64,NORMAL,0
2026-03-12T00:00:00,DG-001,105.13,0.999,366.4,86.8,14.1,106.0,23.65,FAILURE_PRECURSOR,1
2026-03-12T01:00:00,DG-001,81.57,0.111,365.9,72.3,83.6,75.73,26.2,NORMAL,0
2026-03-12T02:00:00,DG-001,93.87,0.427,374.0,77.7,19.4,89.1,25.57,WARNING,0
2026-03-12T03:00:00,DG-001,81.1,0.165,342.4,68.9,91.4,74.56,27.49,NORMAL,0
2026-03-12T04:00:00,DG-001,82.06,0.285,357.9,71.7,66.2,74.79,26.13,NORMAL,0
2026-03-12T05:00:00,DG-001,80.08,0.21,256.1,50.6,35.1,74.01,25.47,NORMAL,0
2026-03-12T06:00:00,DG-001,95.74,0.41,397.7,80.2,63.1,85.91,25.27,WARNING,0
2026-03-12T07:00:00,DG-001,110.92,0.945,487.0,104.6,42.5,107.77,22.68,FAILURE_PRECURSOR,1
2026-03-12T08:00:00,DG-001,79.53,0.28,333.7,66.3,26.4,74.13,25.7,NORMAL,0
2026-03-12T09:00:00,DG-001,84.09,0.207,355.1,71.3,72.0,73.37,26.22,NORMAL,0
2026-03-12T10:00:00,DG-001,83.23,0.308,427.0,83.7,91.3,76.95,27.09,NORMAL,0
2026-03-12T11:00:00,DG-001,85.02,0.247,430.0,84.9,82.8,77.9,25.98,NORMAL,0
2026-03-12T12:00:00,DG-001,104.46,1.592,454.9,90.5,34.4,100.94,21.53,FAILURE_PRECURSOR,1
2026-03-12T13:00:00,DG-001,81.93,0.2,358.1,71.1,82.6,76.45,26.76,NORMAL,0
2026-03-12T14:00:00,DG-001,79.0,0.191,260.6,51.8,98.1,76.18,25.51,NORMAL,0
2026-03-12T15:00:00,DG-001,81.33,0.211,263.4,52.0,22.7,74.4,27.5,NORMAL,0
2026-03-12T16:00:00,DG-001,84.49,0.244,330.0,66.4,77.6,73.81,25.01,NORMAL,0
2026-03-12T17:00:00,DG-001,96.03,0.569,406.7,82.9,51.6,86.32,23.04,WARNING,0
2026-03-12T18:00:00,DG-001,85.23,0.234,414.2,82.1,45.5,76.73,26.2,NORMAL,0
2026-03-12T19:00:00,DG-001,96.1,0.401,381.4,76.0,66.0,85.74,24.87,WARNING,0
2026-03-12T20:00:00,DG-001,79.56,0.251,259.3,51.4,91.1,74.91,25.6,NORMAL,0
2026-03-12T21:00:00,DG-001,80.85,0.141,255.8,50.5,32.0,73.82,27.69,NORMAL,0
2026-03-12T22:00:00,DG-001,93.83,0.643,385.9,80.8,75.2,89.26,24.1,WARNING,0
2026-03-12T23:00:00,DG-001,80.83,0.266,367.9,74.0,40.0,76.35,27.8,NORMAL,0
2026-03-13T00:00:00,DG-001,79.26,0.164,301.7,60.0,44.6,76.4,27.65,NORMAL,0
2026-03-13T01:00:00,DG-001,82.17,0.198,370.7,76.4,74.9,75.85,25.97,NORMAL,0
2026-03-13T02:00:00,DG-001,82.64,0.285,370.8,74.8,42.8,76.16,27.59,NORMAL,0
2026-03-13T03:00:00,DG-001,85.76,0.302,417.9,84.3,22.8,76.66,27.39,NORMAL,0
2026-03-13T04:00:00,DG-001,79.97,0.206,266.6,50.8,47.3,74.44,26.37,NORMAL,0
2026-03-13T05:00:00,DG-001,78.11,0.178,296.9,60.9,60.1,75.26,27.97,NORMAL,0
2026-03-13T06:00:00,DG-001,82.44,0.33,335.5,66.7,43.5,74.91,26.11,NORMAL,0
2026-03-13T07:00:00,DG-001,98.69,0.622,433.3,87.8,53.1,89.6,23.21,WARNING,0
2026-03-13T08:00:00,DG-001,84.57,0.282,379.1,75.8,69.1,76.46,25.63,NORMAL,0
2026-03-13T09:00:00,DG-001,80.72,0.268,378.0,75.3,59.9,75.8,27.06,NORMAL,0
2026-03-13T10:00:00,DG-001,81.03,0.153,339.5,69.3,24.6,75.17,25.08,NORMAL,0
2026-03-13T11:00:00,DG-001,101.66,0.607,460.6,94.2,78.3,89.16,24.99,WARNING,0
2026-03-13T12:00:00,DG-001,94.67,0.488,395.0,82.6,49.9,88.72,25.17,WARNING,0
2026-03-13T13:00:00,DG-001,80.53,0.172,248.8,52.0,83.8,74.28,25.39,NORMAL,0
2026-03-13T14:00:00,DG-001,83.63,0.193,342.5,68.5,41.1,76.15,25.28,NORMAL,0
2026-03-13T15:00:00,DG-001,109.58,1.323,485.5,92.1,18.5,105.92,21.66,FAILURE_PRECURSOR,1
2026-03-13T16:00:00,DG-001,83.83,0.311,373.9,76.0,84.7,76.8,25.07,NORMAL,0
2026-03-13T17:00:00,DG-001,82.74,0.194,296.2,60.7,37.1,75.01,27.39,NORMAL,0
2026-03-13T18:00:00,DG-001,77.78,0.225,290.0,58.2,65.6,73.46,27.62,NORMAL,0
2026-03-13T19:00:00,DG-001,97.38,0.539,360.7,78.9,85.7,89.56,25.25,WARNING,0
2026-03-13T20:00:00,DG-001,81.63,0.166,286.8,57.2,28.9,73.65,26.19,NORMAL,0
2026-03-13T21:00:00,DG-001,81.29,0.323,369.0,73.0,30.4,75.06,25.87,NORMAL,0
2026-03-13T22:00:00,DG-001,99.14,0.46,435.1,89.9,75.1,88.88,24.78,WARNING,0
2026-03-13T23:00:00,DG-001,81.76,0.267,289.5,57.4,78.9,76.49,26.69,NORMAL,0
2026-03-14T00:00:00,DG-001,80.65,0.262,320.9,62.3,54.8,75.41,28.0,NORMAL,0
2026-03-14T01:00:00,DG-001,83.88,0.3,387.6,79.5,90.1,75.95,26.83,NORMAL,0
2026-03-14T02:00:00,DG-001,94.18,0.693,334.0,77.2,57.4,86.39,23.08,WARNING,0
2026-03-14T03:00:00,DG-001,85.46,0.246,404.1,79.2,39.9,77.25,25.87,NORMAL,0
2026-03-14T04:00:00,DG-001,110.3,1.457,462.0,105.2,15.7,104.87,20.1,FAILURE_PRECURSOR,1
2026-03-14T05:00:00,DG-001,95.13,0.519,395.8,79.8,51.7,85.76,23.33,WARNING,0
2026-03-14T06:00:00,DG-001,81.05,0.258,378.2,74.3,69.3,76.04,25.17,NORMAL,0
2026-03-14T07:00:00,DG-001,80.15,0.185,289.3,56.9,85.6,75.35,25.96,NORMAL,0
2026-03-14T08:00:00,DG-001,80.26,0.239,254.5,50.1,34.2,73.71,27.71,NORMAL,0
2026-03-14T09:00:00,DG-001,81.21,0.226,340.6,68.6,69.8,76.66,27.12,NORMAL,0
2026-03-14T10:00:00,DG-001,81.15,0.209,297.5,60.5,67.1,72.92,25.13,NORMAL,0
2026-03-14T11:00:00,DG-001,77.89,0.171,270.1,52.7,81.4,73.6,25.21,NORMAL,0
2026-03-14T12:00:00,DG-001,85.49,0.263,408.1,82.3,80.7,75.86,25.65,NORMAL,0
2026-03-14T13:00:00,DG-001,102.05,0.513,414.5,93.5,71.3,89.5,23.77,WARNING,0
2026-03-14T14:00:00,DG-001,83.88,0.194,326.1,65.0,82.3,75.8,26.41,NORMAL,0
2026-03-14T15:00:00,DG-001,82.14,0.196,255.8,52.1,87.0,72.63,27.73,NORMAL,0
2026-03-14T16:00:00,DG-001,80.45,0.188,293.1,59.3,34.5,74.83,25.41,NORMAL,0
2026-03-14T17:00:00,DG-001,79.74,0.259,353.9,71.6,91.8,75.48,25.68,NORMAL,0
2026-03-14T18:00:00,DG-001,110.87,0.827,475.6,101.2,34.1,102.87,21.57,FAILURE_PRECURSOR,1
2026-03-14T19:00:00,DG-001,82.12,0.156,287.5,58.8,32.6,73.3,27.43,NORMAL,0
2026-03-14T20:00:00,DG-001,80.99,0.225,308.8,62.8,54.8,75.54,26.35,NORMAL,0
2026-03-14T21:00:00,DG-001,77.99,0.189,273.2,54.9,49.8,74.53,27.15,NORMAL,0
2026-03-14T22:00:00,DG-001,81.65,0.265,376.7,75.0,43.8,75.19,25.82,NORMAL,0
2026-03-14T23:00:00,DG-001,81.12,0.226,293.6,59.0,84.2,74.29,25.38,NORMAL,0
2026-03-15T00:00:00,DG-001,80.41,0.298,407.7,81.6,45.8,76.71,27.8,NORMAL,0
2026-03-15T01:00:00,DG-001,81.56,0.283,261.2,51.6,34.1,73.59,26.33,NORMAL,0
2026-03-15T02:00:00,DG-001,81.19,0.202,279.1,55.5,21.9,75.22,26.38,NORMAL,0
2026-03-15T03:00:00,DG-001,79.61,0.208,265.9,53.0,84.0,74.66,25.23,NORMAL,0
2026-03-15T04:00:00,DG-001,106.22,1.073,476.2,106.9,29.1,105.57,22.61,FAILURE_PRECURSOR,1
2026-03-15T05:00:00,DG-001,83.18,0.237,404.1,81.8,36.4,75.99,27.25,NORMAL,0
2026-03-15T06:00:00,DG-001,82.35,0.225,311.1,62.2,67.0,74.42,27.56,NORMAL,0
2026-03-15T07:00:00,DG-001,82.45,0.244,314.0,63.9,37.7,74.38,25.79,NORMAL,0
2026-03-15T08:00:00,DG-001,79.48,0.171,271.7,54.6,52.7,74.53,27.51,NORMAL,0
2026-03-15T09:00:00,DG-001,82.8,0.271,348.6,70.2,90.3,74.12,25.04,NORMAL,0
2026-03-15T10:00:00,DG-001,81.33,0.188,400.3,80.2,22.0,76.18,27.67,NORMAL,0
2026-03-15T11:00:00,DG-001,78.46,0.18,258.2,51.1,41.9,73.74,26.31,NORMAL,0
2026-03-15T12:00:00,DG-001,80.98,0.127,278.7,55.0,81.8,73.29,26.47,NORMAL,0
2026-03-15T13:00:00,DG-001,104.45,0.921,361.3,87.9,29.2,104.97,21.94,FAILURE_PRECURSOR,1
2026-03-15T14:00:00,DG-001,83.0,0.256,354.1,69.4,63.6,76.42,26.08,NORMAL,0
2026-03-15T15:00:00,DG-001,79.52,0.257,318.4,63.3,57.4,76.97,27.57,NORMAL,0
2026-03-15T16:00:00,DG-001,97.0,0.448,389.9,78.6,63.3,88.4,25.68,WARNING,0
2026-03-15T17:00:00,DG-001,81.49,0.307,300.4,61.6,65.7,76.49,27.89,NORMAL,0
2026-03-15T18:00:00,DG-001,112.81,1.396,400.2,85.2,28.5,103.22,20.24,FAILURE_PRECURSOR,1
2026-03-15T19:00:00,DG-001,77.88,0.15,249.8,51.6,99.5,74.42,27.38,NORMAL,0
2026-03-15T20:00:00,DG-001,109.67,1.357,433.2,97.2,27.7,102.79,23.24,FAILURE_PRECURSOR,1
2026-03-15T21:00:00,DG-001,83.43,0.234,373.3,76.1,53.4,75.89,27.6,NORMAL,0
2026-03-15T22:00:00,DG-001,100.29,0.575,405.8,86.0,17.7,87.27,25.69,WARNING,0
2026-03-15T23:00:00,DG-001,96.84,0.592,417.2,82.2,54.4,88.79,25.27,WARNING,0
2026-03-16T00:00:00,DG-001,83.36,0.284,380.6,76.5,30.2,76.07,26.09,NORMAL,0
2026-03-16T01:00:00,DG-001,81.19,0.204,301.8,59.9,90.0,73.17,27.89,NORMAL,0
2026-03-16T02:00:00,DG-001,96.16,0.634,374.3,78.5,33.3,88.0,23.74,WARNING,0
2026-03-16T03:00:00,DG-001,108.35,1.47,498.8,103.9,47.6,105.8,22.58,FAILURE_PRECURSOR,1
2026-03-16T04:00:00,DG-001,80.74,0.321,341.9,70.8,88.2,75.53,26.42,NORMAL,0
2026-03-16T05:00:00,DG-001,79.63,0.205,254.4,51.6,83.9,75.23,26.42,NORMAL,0
2026-03-16T06:00:00,DG-001,78.48,0.185,276.8,55.5,38.7,74.95,25.89,NORMAL,0
2026-03-16T07:00:00,DG-001,97.05,0.552,405.2,88.6,83.1,90.35,24.14,WARNING,0
2026-03-16T08:00:00,DG-001,82.72,0.12,376.2,76.1,56.1,76.59,25.34,NORMAL,0
2026-03-16T09:00:00,DG-001,83.37,0.261,409.2,81.3,48.4,76.69,27.09,NORMAL,0
2026-03-16T10:00:00,DG-001,98.67,0.567,427.3,94.5,48.0,90.31,24.75,WARNING,0
2026-03-16T11:00:00,DG-001,79.08,0.173,273.1,52.4,51.1,75.13,26.83,NORMAL,0
2026-03-16T12:00:00,DG-001,83.38,0.258,405.9,79.2,72.3,75.54,25.15,NORMAL,0
2026-03-16T13:00:00,DG-001,96.21,0.569,483.4,93.8,48.7,89.62,25.73,WARNING,0
2026-03-16T14:00:00,DG-001,80.27,0.153,280.3,54.9,64.8,74.66,26.94,NORMAL,0
2026-03-16T15:00:00,DG-001,84.22,0.356,414.7,82.6,82.3,76.77,27.29,NORMAL,0
2026-03-16T16:00:00,DG-001,95.86,0.693,379.4,79.5,40.4,88.43,25.07,WARNING,0
2026-03-16T17:00:00,DG-001,99.78,1.061,391.3,87.5,49.1,101.96,22.87,FAILURE_PRECURSOR,1
2026-03-16T18:00:00,DG-001,99.54,0.508,445.5,92.2,85.9,86.17,23.14,WARNING,0
2026-03-16T19:00:00,DG-001,81.7,0.312,410.3,81.6,94.6,78.28,25.33,NORMAL,0
2026-03-16T20:00:00,DG-001,86.33,0.253,373.7,75.7,55.2,75.42,26.63,NORMAL,0
2026-03-16T21:00:00,DG-001,82.01,0.252,362.9,73.5,38.9,74.13,25.29,NORMAL,0
2026-03-16T22:00:00,DG-001,82.9,0.281,431.5,84.9,67.9,76.49,27.77,NORMAL,0
2026-03-16T23:00:00,DG-001,82.88,0.282,381.2,77.4,78.8,77.45,26.14,NORMAL,0
2026-03-17T00:00:00,DG-001,108.47,0.97,467.7,100.7,18.1,102.46,22.54,FAILURE_PRECURSOR,1
2026-03-17T01:00:00,DG-001,98.93,0.539,445.0,91.2,61.7,87.5,25.98,WARNING,0
2026-03-17T02:00:00,DG-001,78.54,0.171,255.0,50.6,46.1,74.41,25.78,NORMAL,0
2026-03-17T03:00:00,DG-001,86.42,0.265,418.0,81.8,47.2,75.37,26.16,NORMAL,0
2026-03-17T04:00:00,DG-001,80.9,0.218,347.6,70.7,93.2,73.84,26.89,NORMAL,0
2026-03-17T05:00:00,DG-001,80.87,0.147,300.8,58.5,67.6,74.18,25.73,NORMAL,0
2026-03-17T06:00:00,DG-001,98.6,0.459,451.8,93.2,63.5,91.31,25.78,WARNING,0
2026-03-17T07:00:00,DG-001,111.25,1.08,354.8,93.6,37.9,106.0,20.01,FAILURE_PRECURSOR,1
2026-03-17T08:00:00,DG-001,99.1,0.508,399.7,89.9,21.0,89.05,23.37,WARNING,0
2026-03-17T09:00:00,DG-001,95.66,0.688,366.4,75.2,58.8,87.54,23.17,WARNING,0
2026-03-17T10:00:00,DG-001,80.96,0.22,395.9,79.5,51.2,77.36,25.05,NORMAL,0
2026-03-17T11:00:00,DG-001,79.91,0.213,301.9,58.9,53.6,75.22,26.24,NORMAL,0
2026-03-17T12:00:00,DG-001,80.61,0.153,288.6,57.1,68.0,74.61,25.22,NORMAL,0
2026-03-17T13:00:00,DG-001,81.39,0.254,340.8,68.1,21.4,75.19,26.04,NORMAL,0
2026-03-17T14:00:00,DG-001,79.38,0.242,301.5,60.8,97.9,72.29,26.38,NORMAL,0
2026-03-17T15:00:00,DG-001,85.35,0.285,409.0,83.3,91.7,74.43,27.64,NORMAL,0
2026-03-17T16:00:00,DG-001,82.11,0.214,290.5,57.0,82.3,73.23,27.12,NORMAL,0
2026-03-17T17:00:00,DG-001,81.55,0.248,316.1,64.1,40.6,76.4,27.01,NORMAL,0
2026-03-17T18:00:00,DG-001,85.48,0.262,378.3,75.0,67.8,74.47,26.33,NORMAL,0
2026-03-17T19:00:00,DG-001,81.58,0.29,380.3,75.0,76.3,74.73,27.09,NORMAL,0
2026-03-17T20:00:00,DG-001,79.19,0.196,321.1,63.7,95.0,74.25,25.28,NORMAL,0
2026-03-17T21:00:00,DG-001,98.45,0.654,454.8,92.2,18.2,87.99,25.02,WARNING,0
2026-03-17T22:00:00,DG-001,98.38,0.609,357.1,78.4,32.8,87.73,25.19,WARNING,0
2026-03-17T23:00:00,DG-001,80.74,0.167,347.0,69.9,46.3,76.04,25.25,NORMAL,0
2026-03-18T00:00:00,DG-001,83.75,0.211,344.6,69.0,71.8,74.99,26.15,NORMAL,0
2026-03-18T01:00:00,DG-001,104.83,0.878,412.3,97.8,18.3,101.0,20.49,FAILURE_PRECURSOR,1
2026-03-18T02:00:00,DG-001,95.58,0.614,370.2,81.0,42.7,90.99,23.72,WARNING,0
2026-03-18T03:00:00,DG-001,80.72,0.212,310.6,62.3,59.2,76.0,26.88,NORMAL,0
2026-03-18T04:00:00,DG-001,99.5,0.616,412.0,85.9,56.6,89.4,24.64,WARNING,0
2026-03-18T05:00:00,DG-001,82.22,0.196,328.5,65.4,52.7,73.78,25.48,NORMAL,0
2026-03-18T06:00:00,DG-001,83.77,0.318,353.3,72.2,72.1,77.35,26.64,NORMAL,0
2026-03-18T07:00:00,DG-001,83.02,0.269,420.2,84.7,95.7,75.71,27.89,NORMAL,0
2026-03-18T08:00:00,DG-001,81.7,0.312,362.7,72.4,92.2,76.57,26.53,NORMAL,0
2026-03-18T09:00:00,DG-001,112.21,1.286,411.7,98.1,38.5,103.71,23.58,FAILURE_PRECURSOR,1
2026-03-18T10:00:00,DG-001,84.48,0.292,421.8,84.4,63.4,76.11,27.1,NORMAL,0
2026-03-18T11:00:00,DG-001,84.41,0.239,390.6,78.6,49.2,75.54,25.13,NORMAL,0
2026-03-18T12:00:00,DG-001,81.61,0.353,388.7,78.2,70.2,76.41,25.54,NORMAL,0
2026-03-18T13:00:00,DG-001,85.05,0.22,386.0,77.1,64.1,76.21,25.65,NORMAL,0
2026-03-18T14:00:00,DG-001,83.66,0.199,426.6,85.0,23.8,74.67,25.7,NORMAL,0
2026-03-18T15:00:00,DG-001,80.36,0.174,315.1,61.8,92.3,75.27,26.27,NORMAL,0
2026-03-18T16:00:00,DG-001,84.63,0.237,342.2,70.1,68.5,76.09,25.44,NORMAL,0
2026-03-18T17:00:00,DG-001,80.86,0.083,272.1,53.4,43.2,73.77,26.95,NORMAL,0
2026-03-18T18:00:00,DG-001,98.61,0.684,407.3,84.9,17.3,87.07,23.98,WARNING,0
2026-03-18T19:00:00,DG-001,80.83,0.368,321.7,63.8,70.2,73.87,25.47,NORMAL,0
2026-03-18T20:00:00,DG-001,112.41,1.079,412.4,103.0,38.7,106.86,24.0,FAILURE_PRECURSOR,1
2026-03-18T21:00:00,DG-001,79.16,0.287,323.7,64.8,70.1,74.82,27.79,NORMAL,0
2026-03-18T22:00:00,DG-001,81.74,0.221,408.1,81.0,59.3,74.77,26.63,NORMAL,0
2026-03-18T23:00:00,DG-001,80.23,0.248,308.7,61.1,58.5,76.02,27.05,NORMAL,0
2026-03-19T00:00:00,DG-001,80.65,0.149,262.5,52.8,97.9,74.38,27.76,NORMAL,0
2026-03-19T01:00:00,DG-001,80.43,0.293,338.5,66.8,94.2,75.33,27.87,NORMAL,0
2026-03-19T02:00:00,DG-001,80.04,0.127,285.7,58.1,81.0,73.17,26.86,NORMAL,0
2026-03-19T03:00:00,DG-001,83.1,0.33,389.5,78.5,71.1,76.39,25.77,NORMAL,0
2026-03-19T04:00:00,DG-001,105.19,0.65,448.5,93.3,74.2,91.27,25.72,WARNING,0
2026-03-19T05:00:00,DG-001,117.22,1.22,390.4,90.5,32.5,105.08,23.23,FAILURE_PRECURSOR,1
2026-03-19T06:00:00,DG-001,83.24,0.305,337.3,66.6,60.5,75.16,26.56,NORMAL,0
2026-03-19T07:00:00,DG-001,83.4,0.199,408.4,82.3,39.3,77.21,26.58,NORMAL,0
2026-03-19T08:00:00,DG-001,100.56,0.565,427.1,86.3,46.3,90.97,25.72,WARNING,0
2026-03-19T09:00:00,DG-001,79.53,0.189,317.4,63.6,49.0,71.02,26.77,NORMAL,0
2026-03-19T10:00:00,DG-001,81.4,0.266,406.4,80.7,31.5,75.46,25.44,NORMAL,0
2026-03-19T11:00:00,DG-001,82.04,0.208,262.6,51.6,90.6,75.0,27.37,NORMAL,0
2026-03-19T12:00:00,DG-001,111.0,1.56,422.3,96.0,35.9,104.93,22.73,FAILURE_PRECURSOR,1
2026-03-19T13:00:00,DG-001,108.56,1.066,425.5,94.3,14.3,104.5,23.27,FAILURE_PRECURSOR,1
2026-03-19T14:00:00,DG-001,79.63,0.216,280.5,57.1,28.5,74.73,25.09,NORMAL,0
2026-03-19T15:00:00,DG-001,80.93,0.245,351.3,70.7,67.4,76.16,25.39,NORMAL,0
2026-03-19T16:00:00,DG-001,81.28,0.217,258.1,51.3,84.5,74.84,27.04,NORMAL,0
2026-03-19T17:00:00,DG-001,83.16,0.264,306.1,61.5,75.0,74.95,27.98,NORMAL,0
2026-03-19T18:00:00,DG-001,82.99,0.236,386.0,78.9,50.3,75.2,26.29,NORMAL,0
2026-03-19T19:00:00,DG-001,81.49,0.208,388.9,78.5,21.3,77.51,27.7,NORMAL,0
2026-03-19T20:00:00,DG-001,100.22,0.586,407.9,85.4,34.1,87.26,23.68,WARNING,0
2026-03-19T21:00:00,DG-001,83.69,0.333,380.4,78.4,64.8,77.55,27.92,NORMAL,0
2026-03-19T22:00:00,DG-001,81.54,0.335,295.3,58.1,49.0,75.91,25.21,NORMAL,0
2026-03-19T23:00:00,DG-001,108.64,1.159,464.9,106.6,21.3,108.4,23.87,FAILURE_PRECURSOR,1
2026-03-20T00:00:00,DG-001,81.51,0.286,407.9,81.4,96.6,73.57,25.99,NORMAL,0
2026-03-20T01:00:00,DG-001,96.83,0.449,437.2,88.2,84.4,90.23,24.28,WARNING,0
2026-03-20T02:00:00,DG-001,78.67,0.268,295.9,59.4,40.7,73.5,25.74,NORMAL,0
2026-03-20T03:00:00,DG-001,97.1,0.456,375.7,85.3,63.3,89.07,23.25,WARNING,0
2026-03-20T04:00:00,DG-001,111.06,1.177,479.7,109.5,46.0,104.97,23.56,FAILURE_PRECURSOR,1
2026-03-20T05:00:00,DG-001,83.92,0.315,386.7,76.8,39.0,77.07,26.6,NORMAL,0
2026-03-20T06:00:00,DG-001,83.05,0.202,334.7,66.6,71.9,75.49,25.5,NORMAL,0
2026-03-20T07:00:00,DG-001,83.59,0.227,405.2,81.6,88.1,77.7,27.86,NORMAL,0
2026-03-20T08:00:00,DG-001,78.45,0.152,251.1,50.3,27.4,73.25,26.64,NORMAL,0
2026-03-20T09:00:00,DG-001,84.19,0.245,301.8,61.1,74.3,75.31,27.44,NORMAL,0
2026-03-20T10:00:00,DG-001,93.52,0.68,387.3,84.0,60.7,88.95,25.39,WARNING,0
2026-03-20T11:00:00,DG-001,81.3,0.234,298.3,60.2,57.5,73.91,25.89,NORMAL,0
2026-03-20T12:00:00,DG-001,84.25,0.298,385.9,77.6,61.3,76.79,25.97,NORMAL,0
2026-03-20T13:00:00,DG-001,82.81,0.221,315.3,61.9,37.2,75.24,26.57,NORMAL,0
2026-03-20T14:00:00,DG-001,84.22,0.294,273.9,53.0,65.8,74.29,25.41,NORMAL,0
2026-03-20T15:00:00,DG-001,82.01,0.215,283.1,57.1,77.6,74.51,27.8,NORMAL,0
2026-03-20T16:00:00,DG-001,79.51,0.251,290.8,57.8,79.8,76.26,27.87,NORMAL,0
2026-03-20T17:00:00,DG-001,101.7,0.566,370.7,82.1,32.7,89.72,24.71,WARNING,0
2026-03-20T18:00:00,DG-001,81.83,0.236,326.0,63.1,92.4,74.42,25.31,NORMAL,0
2026-03-20T19:00:00,DG-001,81.74,0.295,389.4,77.3,74.6,76.22,25.27,NORMAL,0
2026-03-20T20:00:00,DG-001,106.4,1.067,439.1,92.5,8.5,105.02,21.41,FAILURE_PRECURSOR,1
2026-03-20T21:00:00,DG-001,100.45,0.674,441.3,89.5,62.3,89.76,25.24,WARNING,0
2026-03-20T22:00:00,DG-001,81.47,0.347,406.7,81.6,42.1,76.05,26.63,NORMAL,0
2026-03-20T23:00:00,DG-001,82.53,0.212,355.7,68.5,46.0,74.91,25.44,NORMAL,0
2026-03-21T00:00:00,DG-001,81.74,0.292,384.5,78.3,96.2,76.89,27.96,NORMAL,0
2026-03-21T01:00:00,DG-001,83.4,0.292,380.9,74.5,73.6,77.17,27.55,NORMAL,0
2026-03-21T02:00:00,DG-001,79.31,0.198,275.6,58.2,68.9,75.06,27.99,NORMAL,0
2026-03-21T03:00:00,DG-001,98.03,0.609,408.9,81.7,59.2,88.81,24.9,WARNING,0
2026-03-21T04:00:00,DG-001,105.7,1.577,467.8,107.5,15.7,107.27,21.71,FAILURE_PRECURSOR,1
2026-03-21T05:00:00,DG-001,78.0,0.178,286.1,56.6,71.4,75.03,27.93,NORMAL,0
2026-03-21T06:00:00,DG-001,80.05,0.188,306.4,60.7,56.6,73.99,26.06,NORMAL,0
2026-03-21T07:00:00,DG-001,81.54,0.181,321.4,64.2,77.9,74.99,26.7,NORMAL,0
2026-03-21T08:00:00,DG-001,81.42,0.18,301.9,63.4,86.6,76.42,27.22,NORMAL,0
2026-03-21T09:00:00,DG-001,95.27,0.608,376.9,77.9,61.1,86.34,25.59,WARNING,0
2026-03-21T10:00:00,DG-001,79.64,0.242,255.7,51.1,65.5,74.47,25.41,NORMAL,0
2026-03-21T11:00:00,DG-001,97.98,0.427,437.7,85.5,72.1,90.57,25.19,WARNING,0
2026-03-21T12:00:00,DG-001,97.33,0.633,403.4,88.3,52.9,85.93,23.68,WARNING,0
2026-03-21T13:00:00,DG-001,80.58,0.231,254.4,50.3,65.3,72.56,26.0,NORMAL,0
2026-03-21T14:00:00,DG-001,100.1,0.691,371.2,75.5,44.2,88.65,25.28,WARNING,0
2026-03-21T15:00:00,DG-001,98.29,0.496,370.3,82.7,54.2,87.86,25.57,WARNING,0
2026-03-21T16:00:00,DG-001,76.77,0.239,280.6,58.7,50.4,74.16,25.66,NORMAL,0
2026-03-21T17:00:00,DG-001,81.89,0.196,323.8,63.7,77.5,77.46,25.7,NORMAL,0
2026-03-21T18:00:00,DG-001,81.62,0.202,331.8,65.6,90.0,75.41,26.83,NORMAL,0
2026-03-21T19:00:00,DG-001,100.04,0.626,441.1,87.0,21.7,85.41,23.19,WARNING,0
2026-03-21T20:00:00,DG-001,97.35,0.4,358.0,76.2,73.3,88.56,24.79,WARNING,0
2026-03-21T21:00:00,DG-001,79.34,0.235,348.1,67.8,50.8,76.27,26.2,NORMAL,0
2026-03-21T22:00:00,DG-001,82.49,0.243,354.9,71.5,82.9,75.94,25.81,NORMAL,0
2026-03-21T23:00:00,DG-001,84.62,0.194,380.2,75.7,78.6,75.24,25.04,NORMAL,0
2026-03-22T00:00:00,DG-001,81.81,0.237,380.5,77.7,70.7,75.48,27.09,NORMAL,0
2026-03-22T01:00:00,DG-001,85.65,0.3,393.1,77.3,42.4,75.71,26.18,NORMAL,0
2026-03-22T02:00:00,DG-001,81.75,0.303,400.8,78.2,83.6,76.28,25.57,NORMAL,0
2026-03-22T03:00:00,DG-001,110.43,1.594,429.0,103.2,19.6,106.58,20.82,FAILURE_PRECURSOR,1
2026-03-22T04:00:00,DG-001,83.59,0.218,367.7,73.9,39.4,73.69,27.9,NORMAL,0
2026-03-22T05:00:00,DG-001,82.65,0.176,388.2,76.4,58.1,75.45,26.87,NORMAL,0
2026-03-22T06:00:00,DG-001,98.08,0.664,388.4,79.7,43.5,87.31,25.95,WARNING,0
2026-03-22T07:00:00,DG-001,82.62,0.249,281.8,55.6,28.8,73.24,26.47,NORMAL,0
2026-03-22T08:00:00,DG-001,82.35,0.167,290.4,58.5,62.8,74.74,26.19,NORMAL,0
2026-03-22T09:00:00,DG-001,84.47,0.237,406.9,82.3,31.8,76.52,25.07,NORMAL,0
2026-03-22T10:00:00,DG-001,83.81,0.288,422.3,84.6,55.1,74.25,26.82,NORMAL,0
2026-03-22T11:00:00,DG-001,108.27,1.355,431.9,98.4,28.1,104.34,20.56,FAILURE_PRECURSOR,1
2026-03-22T12:00:00,DG-001,80.1,0.234,325.6,64.8,51.3,73.21,27.84,NORMAL,0
2026-03-22T13:00:00,DG-001,80.74,0.2,314.7,63.6,68.8,75.26,26.39,NORMAL,0
2026-03-22T14:00:00,DG-001,79.04,0.256,241.5,50.7,21.7,73.52,26.03,NORMAL,0
2026-03-22T15:00:00,DG-001,81.88,0.284,410.2,81.1,31.9,76.7,27.1,NORMAL,0
2026-03-22T16:00:00,DG-001,100.12,0.655,349.9,81.0,51.0,83.94,24.81,WARNING,0
2026-03-22T17:00:00,DG-001,114.86,1.019,457.1,91.0,36.2,106.01,22.02,FAILURE_PRECURSOR,1
2026-03-22T18:00:00,DG-001,82.55,0.208,399.6,79.8,95.3,75.6,27.01,NORMAL,0
2026-03-22T19:00:00,DG-001,81.84,0.276,355.0,68.9,87.1,76.82,26.23,NORMAL,0
2026-03-22T20:00:00,DG-001,82.69,0.253,347.2,69.4,51.5,76.58,26.93,NORMAL,0
2026-03-22T21:00:00,DG-001,82.95,0.287,416.2,81.7,99.5,76.64,26.69,NORMAL,0
2026-03-22T22:00:00,DG-001,82.45,0.323,375.7,75.0,28.6,77.14,26.23,NORMAL,0
2026-03-22T23:00:00,DG-001,82.34,0.264,373.5,75.7,96.8,75.64,27.07,NORMAL,0
2026-03-23T00:00:00,DG-001,80.88,0.249,361.4,71.6,91.9,77.24,26.98,NORMAL,0
2026-03-23T01:00:00,DG-001,96.74,0.538,437.9,90.6,22.9,89.08,24.11,WARNING,0
2026-03-23T02:00:00,DG-001,83.76,0.264,299.8,61.2,41.7,72.88,26.92,NORMAL,0
2026-03-23T03:00:00,DG-001,98.67,0.448,392.6,79.6,23.7,89.4,23.55,WARNING,0
2026-03-23T04:00:00,DG-001,100.93,0.437,415.3,90.5,20.6,88.47,24.17,WARNING,0
2026-03-23T05:00:00,DG-001,81.48,0.2,323.4,64.8,77.2,76.47,26.11,NORMAL,0
2026-03-23T06:00:00,DG-001,80.43,0.26,324.5,64.8,58.7,75.73,27.97,NORMAL,0
2026-03-23T07:00:00,DG-001,82.45,0.348,367.1,72.6,56.9,76.17,26.49,NORMAL,0
2026-03-23T08:00:00,DG-001,82.43,0.215,329.6,65.9,42.3,75.23,27.47,NORMAL,0
2026-03-23T09:00:00,DG-001,79.25,0.179,316.9,62.1,35.4,75.36,27.51,NORMAL,0
2026-03-23T10:00:00,DG-001,77.94,0.203,265.1,52.1,72.0,74.61,27.97,NORMAL,0
2026-03-23T11:00:00,DG-001,81.7,0.309,353.4,67.7,77.0,75.09,27.13,NORMAL,0
2026-03-23T12:00:00,DG-001,82.07,0.331,353.2,70.0,60.6,75.82,25.84,NORMAL,0
2026-03-23T13:00:00,DG-001,96.92,0.436,434.0,89.1,79.0,89.03,23.47,WARNING,0
2026-03-23T14:00:00,DG-001,81.23,0.204,384.2,77.1,68.0,76.9,25.19,NORMAL,0
2026-03-23T15:00:00,DG-001,84.11,0.272,387.8,77.9,82.0,76.46,26.14,NORMAL,0
2026-03-23T16:00:00,DG-001,84.04,0.235,420.7,84.0,48.1,77.83,25.87,NORMAL,0
2026-03-23T17:00:00,DG-001,82.04,0.153,305.7,61.4,87.1,75.53,25.56,NORMAL,0
2026-03-23T18:00:00,DG-001,82.92,0.255,424.1,82.6,67.9,77.42,26.44,NORMAL,0
2026-03-23T19:00:00,DG-001,80.46,0.329,331.3,66.8,44.3,77.26,26.0,NORMAL,0
2026-03-23T20:00:00,DG-001,81.47,0.224,252.0,50.8,41.1,73.93,27.96,NORMAL,0
2026-03-23T21:00:00,DG-001,79.96,0.277,305.6,62.9,46.4,76.65,25.35,NORMAL,0
2026-03-23T22:00:00,DG-001,83.82,0.268,362.5,71.4,44.9,74.0,25.51,NORMAL,0
2026-03-23T23:00:00,DG-001,84.53,0.235,388.7,76.9,34.8,76.69,25.86,NORMAL,0
2026-03-24T00:00:00,DG-001,114.32,0.862,439.9,102.9,15.6,101.59,20.07,FAILURE_PRECURSOR,1
2026-03-24T01:00:00,DG-001,83.03,0.142,272.9,53.9,51.4,74.84,26.4,NORMAL,0
2026-03-24T02:00:00,DG-001,82.74,0.261,407.1,81.8,97.7,74.97,27.32,NORMAL,0
2026-03-24T03:00:00,DG-001,111.64,0.981,410.8,91.6,36.8,105.32,20.83,FAILURE_PRECURSOR,1
2026-03-24T04:00:00,DG-001,80.77,0.208,292.0,59.4,70.2,75.02,26.41,NORMAL,0
2026-03-24T05:00:00,DG-001,95.82,0.603,392.1,79.6,31.3,86.5,25.14,WARNING,0
2026-03-24T06:00:00,DG-001,80.99,0.165,316.2,62.5,24.3,72.46,25.7,NORMAL,0
2026-03-24T07:00:00,DG-001,81.24,0.291,390.1,77.6,48.5,76.02,26.06,NORMAL,0
2026-03-24T08:00:00,DG-001,95.17,0.698,420.6,89.9,89.7,92.41,23.27,WARNING,0
2026-03-24T09:00:00,DG-001,84.16,0.138,368.6,74.5,25.0,75.49,27.38,NORMAL,0
2026-03-24T10:00:00,DG-001,77.22,0.24,305.0,60.4,41.0,76.44,25.71,NORMAL,0
2026-03-24T11:00:00,DG-001,82.82,0.199,334.1,64.7,62.7,74.92,25.57,NORMAL,0
2026-03-24T12:00:00,DG-001,82.88,0.273,348.9,68.4,70.1,74.45,27.82,NORMAL,0
2026-03-24T13:00:00,DG-001,78.79,0.265,368.2,73.8,21.7,75.34,27.71,NORMAL,0
2026-03-24T14:00:00,DG-001,81.28,0.169,407.3,82.6,21.5,79.0,25.51,NORMAL,0
2026-03-24T15:00:00,DG-001,82.95,0.252,417.0,82.2,90.6,76.09,25.81,NORMAL,0
2026-03-24T16:00:00,DG-001,86.2,0.303,420.9,82.9,23.9,76.05,25.5,NORMAL,0
2026-03-24T17:00:00,DG-001,83.15,0.342,394.2,79.9,83.0,76.59,27.52,NORMAL,0
2026-03-24T18:00:00,DG-001,79.69,0.306,337.7,66.3,44.5,77.21,26.18,NORMAL,0
2026-03-24T19:00:00,DG-001,79.6,0.216,351.4,70.1,49.5,77.2,25.2,NORMAL,0
2026-03-24T20:00:00,DG-001,99.4,0.423,429.8,90.1,55.4,88.97,24.08,WARNING,0
2026-03-24T21:00:00,DG-001,98.39,0.52,423.9,91.8,63.1,88.85,23.14,WARNING,0
2026-03-24T22:00:00,DG-001,80.47,0.26,371.8,75.7,84.0,76.22,26.32,NORMAL,0
2026-03-24T23:00:00,DG-001,79.27,0.24,275.3,55.2,88.1,76.13,26.36,NORMAL,0
2026-03-25T00:00:00,DG-001,81.19,0.183,255.9,51.2,69.7,73.73,27.18,NORMAL,0
2026-03-25T01:00:00,DG-001,100.27,0.594,437.9,89.5,80.7,87.9,25.15,WARNING,0
2026-03-25T02:00:00,DG-001,77.56,0.23,313.4,62.0,85.9,75.48,27.97,NORMAL,0
2026-03-25T03:00:00,DG-001,79.2,0.218,291.7,57.3,58.1,74.26,25.19,NORMAL,0
2026-03-25T04:00:00,DG-001,83.61,0.254,376.1,75.0,87.4,75.88,27.31,NORMAL,0
2026-03-25T05:00:00,DG-001,83.26,0.309,343.5,67.8,57.2,76.18,27.85,NORMAL,0
2026-03-25T06:00:00,DG-001,81.68,0.281,389.0,75.8,87.6,75.93,25.18,NORMAL,0
2026-03-25T07:00:00,DG-001,84.49,0.283,400.9,79.7,91.1,75.67,27.0,NORMAL,0
2026-03-25T08:00:00,DG-001,82.05,0.188,321.8,64.5,72.0,74.39,27.0,NORMAL,0
2026-03-25T09:00:00,DG-001,112.8,1.551,428.4,105.8,35.5,108.43,20.23,FAILURE_PRECURSOR,1
2026-03-25T10:00:00,DG-001,82.53,0.246,330.9,66.4,39.2,76.59,26.16,NORMAL,0
2026-03-25T11:00:00,DG-001,80.49,0.229,267.7,53.9,62.6,73.43,26.64,NORMAL,0
2026-03-25T12:00:00,DG-001,83.54,0.229,423.8,83.3,45.1,75.22,25.34,NORMAL,0
2026-03-25T13:00:00,DG-001,79.26,0.212,278.0,55.6,27.6,73.83,25.74,NORMAL,0
2026-03-25T14:00:00,DG-001,84.44,0.293,413.0,82.0,34.5,77.95,26.1,NORMAL,0
2026-03-25T15:00:00,DG-001,86.13,0.257,410.0,84.8,60.4,76.58,26.23,NORMAL,0
2026-03-25T16:00:00,DG-001,83.11,0.241,374.6,76.2,44.4,75.03,27.18,NORMAL,0
2026-03-25T17:00:00,DG-001,79.91,0.286,322.7,63.1,91.8,76.23,27.2,NORMAL,0
2026-03-25T18:00:00,DG-001,79.56,0.12,284.4,55.8,78.5,73.77,27.01,NORMAL,0
2026-03-25T19:00:00,DG-001,97.37,0.695,463.1,90.7,67.0,87.01,23.88,WARNING,0
2026-03-25T20:00:00,DG-001,109.37,0.866,378.9,89.5,19.8,101.07,22.64,FAILURE_PRECURSOR,1
2026-03-25T21:00:00,DG-001,95.35,0.42,365.2,77.2,42.6,86.73,25.74,WARNING,0
2026-03-25T22:00:00,DG-001,81.54,0.237,281.9,57.9,73.7,76.14,27.27,NORMAL,0
2026-03-25T23:00:00,DG-001,83.63,0.299,396.8,81.2,42.6,76.89,27.36,NORMAL,0
2026-03-26T00:00:00,DG-001,82.79,0.292,262.9,51.9,27.9,75.18,25.16,NORMAL,0
2026-03-26T01:00:00,DG-001,78.93,0.274,316.9,62.9,78.7,74.77,26.46,NORMAL,0
2026-03-26T02:00:00,DG-001,99.17,0.468,441.0,90.7,38.9,87.15,25.22,WARNING,0
2026-03-26T03:00:00,DG-001,81.22,0.224,373.2,75.1,48.7,75.16,26.78,NORMAL,0
2026-03-26T04:00:00,DG-001,81.8,0.143,267.6,53.4,36.9,73.37,25.36,NORMAL,0
2026-03-26T05:00:00,DG-001,79.59,0.305,259.6,52.4,44.5,73.38,27.3,NORMAL,0
2026-03-26T06:00:00,DG-001,83.23,0.233,303.7,60.6,71.4,76.98,25.27,NORMAL,0
2026-03-26T07:00:00,DG-001,83.33,0.258,328.1,64.5,47.7,76.37,25.45,NORMAL,0
2026-03-26T08:00:00,DG-001,82.44,0.207,376.7,75.2,97.9,77.15,25.14,NORMAL,0
2026-03-26T09:00:00,DG-001,96.46,0.512,384.7,77.6,19.4,89.64,24.98,WARNING,0
2026-03-26T10:00:00,DG-001,107.87,1.396,365.1,88.7,44.2,104.86,20.68,FAILURE_PRECURSOR,1
2026-03-26T11:00:00,DG-001,84.95,0.247,355.4,72.9,88.7,75.65,26.09,NORMAL,0
2026-03-26T12:00:00,DG-001,79.46,0.24,291.2,57.5,39.1,73.54,27.34,NORMAL,0
2026-03-26T13:00:00,DG-001,79.31,0.239,305.3,60.7,60.1,74.18,27.34,NORMAL,0
2026-03-26T14:00:00,DG-001,82.19,0.225,322.1,65.1,63.5,75.86,26.15,NORMAL,0
2026-03-26T15:00:00,DG-001,82.51,0.267,337.8,66.4,82.3,75.33,27.25,NORMAL,0
2026-03-26T16:00:00,DG-001,110.37,1.418,402.8,91.7,12.0,102.17,22.02,FAILURE_PRECURSOR,1
2026-03-26T17:00:00,DG-001,80.58,0.129,258.8,50.4,95.3,73.72,25.51,NORMAL,0
2026-03-26T18:00:00,DG-001,80.13,0.245,313.5,61.7,36.6,75.84,27.84,NORMAL,0
2026-03-26T19:00:00,DG-001,115.06,1.271,512.7,105.8,14.8,108.25,20.23,FAILURE_PRECURSOR,1
2026-03-26T20:00:00,DG-001,113.78,1.22,423.9,98.4,15.1,103.35,23.83,FAILURE_PRECURSOR,1
2026-03-26T21:00:00,DG-001,81.17,0.126,276.9,54.0,83.8,75.37,25.03,NORMAL,0
2026-03-26T22:00:00,DG-001,82.74,0.238,423.2,84.5,59.2,76.32,26.85,NORMAL,0
2026-03-26T23:00:00,DG-001,114.25,1.587,506.4,108.7,48.3,104.91,22.84,FAILURE_PRECURSOR,1
2026-03-27T00:00:00,DG-001,82.77,0.249,262.4,53.0,49.9,72.9,26.8,NORMAL,0
2026-03-27T01:00:00,DG-001,82.45,0.129,280.8,54.7,32.3,74.12,26.28,NORMAL,0
2026-03-27T02:00:00,DG-001,106.49,1.063,423.0,91.1,12.1,101.42,21.8,FAILURE_PRECURSOR,1
2026-03-27T03:00:00,DG-001,81.94,0.219,363.0,73.2,30.3,75.46,26.5,NORMAL,0
2026-03-27T04:00:00,DG-001,102.24,0.441,436.8,87.3,23.1,88.02,24.71,WARNING,0
2026-03-27T05:00:00,DG-001,82.68,0.22,283.1,58.5,66.1,72.88,27.72,NORMAL,0
2026-03-27T06:00:00,DG-001,82.91,0.313,297.5,59.2,57.0,75.24,26.61,NORMAL,0
2026-03-27T07:00:00,DG-001,80.69,0.297,314.5,60.7,91.1,74.98,26.55,NORMAL,0
2026-03-27T08:00:00,DG-001,105.07,1.387,439.8,87.9,29.7,107.23,23.08,FAILURE_PRECURSOR,1
2026-03-27T09:00:00,DG-001,78.4,0.264,254.2,53.1,85.8,75.17,27.72,NORMAL,0
2026-03-27T10:00:00,DG-001,82.38,0.181,372.8,75.1,56.9,75.44,26.0,NORMAL,0
2026-03-27T11:00:00,DG-001,108.31,1.522,397.8,92.8,35.3,103.12,22.08,FAILURE_PRECURSOR,1
2026-03-27T12:00:00,DG-001,77.8,0.189,289.2,57.7,91.6,76.46,25.48,NORMAL,0
2026-03-27T13:00:00,DG-001,86.19,0.25,384.2,75.6,55.0,74.89,26.39,NORMAL,0
2026-03-27T14:00:00,DG-001,89.9,0.509,396.5,76.0,73.5,90.15,25.8,WARNING,0
2026-03-27T15:00:00,DG-001,81.68,0.159,268.7,54.1,72.2,74.66,27.27,NORMAL,0
2026-03-27T16:00:00,DG-001,81.29,0.168,274.3,55.2,75.4,73.67,27.11,NORMAL,0
2026-03-27T17:00:00,DG-001,81.22,0.153,267.8,54.7,80.9,73.72,27.49,NORMAL,0
2026-03-27T18:00:00,DG-001,83.03,0.309,379.9,75.2,49.3,75.6,25.71,NORMAL,0
2026-03-27T19:00:00,DG-001,97.71,0.678,414.8,89.8,56.0,90.42,24.0,WARNING,0
2026-03-27T20:00:00,DG-001,83.9,0.173,360.7,72.5,62.5,76.16,27.79,NORMAL,0
2026-03-27T21:00:00,DG-001,103.97,1.419,455.4,90.2,22.0,103.76,23.65,FAILURE_PRECURSOR,1
2026-03-27T22:00:00,DG-001,85.86,0.193,366.6,71.3,28.8,76.28,27.2,NORMAL,0
2026-03-27T23:00:00,DG-001,83.39,0.289,421.9,84.1,43.6,77.8,27.14,NORMAL,0
2026-03-28T00:00:00,DG-001,80.9,0.309,359.4,72.0,59.0,76.02,27.41,NORMAL,0
2026-03-28T01:00:00,DG-001,83.29,0.176,395.2,79.1,46.9,75.17,27.07,NORMAL,0
2026-03-28T02:00:00,DG-001,83.38,0.301,420.7,83.5,67.9,77.75,27.28,NORMAL,0
2026-03-28T03:00:00,DG-001,109.64,1.555,425.0,89.8,29.3,99.14,20.49,FAILURE_PRECURSOR,1
2026-03-28T04:00:00,DG-001,85.24,0.262,424.8,84.9,95.8,75.29,27.9,NORMAL,0
2026-03-28T05:00:00,DG-001,83.63,0.215,385.7,77.9,28.7,76.46,25.34,NORMAL,0
2026-03-28T06:00:00,DG-001,77.25,0.186,283.8,55.0,61.2,74.84,27.05,NORMAL,0
2026-03-28T07:00:00,DG-001,80.79,0.271,324.0,63.9,87.8,74.25,26.08,NORMAL,0
2026-03-28T08:00:00,DG-001,82.27,0.225,378.1,74.6,56.9,75.44,27.9,NORMAL,0
2026-03-28T09:00:00,DG-001,98.77,0.561,420.9,89.0,78.6,88.71,24.51,WARNING,0
2026-03-28T10:00:00,DG-001,97.73,0.678,434.2,87.3,35.8,88.73,24.36,WARNING,0
2026-03-28T11:00:00,DG-001,102.99,1.33,427.4,94.7,7.3,102.33,23.03,FAILURE_PRECURSOR,1
2026-03-28T12:00:00,DG-001,80.38,0.239,299.2,60.3,66.9,74.15,25.83,NORMAL,0
2026-03-28T13:00:00,DG-001,79.02,0.181,245.4,50.6,70.1,74.82,27.36,NORMAL,0
2026-03-28T14:00:00,DG-001,81.95,0.265,378.2,74.5,45.0,76.66,26.72,NORMAL,0
2026-03-28T15:00:00,DG-001,81.92,0.247,289.1,57.2,28.0,74.47,25.58,NORMAL,0
2026-03-28T16:00:00,DG-001,85.08,0.215,407.1,81.0,78.9,78.46,27.33,NORMAL,0
2026-03-28T17:00:00,DG-001,104.01,1.265,415.6,87.9,49.0,104.45,23.5,FAILURE_PRECURSOR,1
2026-03-28T18:00:00,DG-001,80.18,0.173,399.1,79.1,40.5,75.76,27.96,NORMAL,0
2026-03-28T19:00:00,DG-001,83.51,0.263,391.9,78.5,26.8,76.19,26.48,NORMAL,0
2026-03-28T20:00:00,DG-001,79.96,0.197,276.7,54.4,69.4,74.22,27.03,NORMAL,0
2026-03-28T21:00:00,DG-001,83.39,0.301,395.5,79.0,90.4,77.31,25.83,NORMAL,0
2026-03-28T22:00:00,DG-001,83.01,0.24,409.4,81.7,89.6,77.53,26.94,NORMAL,0
2026-03-28T23:00:00,DG-001,97.84,0.515,403.8,87.6,38.6,87.95,25.93,WARNING,0
2026-03-29T00:00:00,DG-001,81.64,0.187,298.7,59.6,38.8,75.22,25.56,NORMAL,0
2026-03-29T01:00:00,DG-001,95.24,0.531,360.7,76.9,83.2,88.09,25.67,WARNING,0
2026-03-29T02:00:00,DG-001,82.72,0.257,416.1,84.7,77.3,77.91,27.51,NORMAL,0
2026-03-29T03:00:00,DG-001,82.03,0.157,394.2,75.7,73.4,75.91,25.9,NORMAL,0
2026-03-29T04:00:00,DG-001,81.93,0.19,350.4,70.2,58.4,73.39,27.77,NORMAL,0
2026-03-29T05:00:00,DG-001,82.33,0.261,318.5,65.4,65.1,75.32,26.4,NORMAL,0
2026-03-29T06:00:00,DG-001,109.91,1.084,513.2,101.1,25.6,105.07,23.98,FAILURE_PRECURSOR,1
2026-03-29T07:00:00,DG-001,84.44,0.313,365.5,73.9,52.9,75.43,26.85,NORMAL,0
2026-03-29T08:00:00,DG-001,109.61,1.367,459.7,97.5,45.7,103.24,22.88,FAILURE_PRECURSOR,1
2026-03-29T09:00:00,DG-001,80.61,0.245,331.5,65.7,98.8,75.13,26.31,NORMAL,0
2026-03-29T10:00:00,DG-001,82.54,0.385,377.2,75.1,92.1,76.66,25.78,NORMAL,0
2026-03-29T11:00:00,DG-001,84.43,0.24,387.7,78.5,35.3,76.65,26.95,NORMAL,0
2026-03-29T12:00:00,DG-001,78.45,0.353,271.5,56.0,76.3,74.49,27.06,NORMAL,0
2026-03-29T13:00:00,DG-001,85.11,0.307,405.3,80.8,49.9,76.71,25.37,NORMAL,0
2026-03-29T14:00:00,DG-001,80.96,0.238,363.4,72.8,62.2,75.79,27.69,NORMAL,0
2026-03-29T15:00:00,DG-001,94.94,0.516,353.1,76.2,19.9,86.93,23.61,WARNING,0
2026-03-29T16:00:00,DG-001,84.51,0.338,380.9,76.6,80.4,75.32,25.43,NORMAL,0
2026-03-29T17:00:00,DG-001,81.93,0.205,308.9,63.2,47.7,75.25,27.8,NORMAL,0
2026-03-29T18:00:00,DG-001,82.06,0.167,287.3,57.2,46.2,75.34,26.0,NORMAL,0
2026-03-29T19:00:00,DG-001,82.62,0.288,374.1,74.7,60.4,74.97,26.53,NORMAL,0
2026-03-29T20:00:00,DG-001,79.91,0.132,277.1,57.1,97.6,73.71,25.01,NORMAL,0
2026-03-29T21:00:00,DG-001,108.23,1.596,421.9,97.1,46.2,105.11,20.47,FAILURE_PRECURSOR,1
2026-03-29T22:00:00,DG-001,82.77,0.305,392.8,79.5,55.7,76.14,25.5,NORMAL,0
2026-03-29T23:00:00,DG-001,84.51,0.186,339.8,66.4,86.3,75.35,25.65,NORMAL,0
2026-03-30T00:00:00,DG-001,112.13,0.829,477.2,100.9,31.0,104.32,20.89,FAILURE_PRECURSOR,1
2026-03-30T01:00:00,DG-001,82.79,0.202,366.9,73.1,67.8,76.45,25.48,NORMAL,0
2026-03-30T02:00:00,DG-001,81.94,0.186,323.7,66.1,63.1,75.3,26.15,NORMAL,0
2026-03-30T03:00:00,DG-001,84.79,0.137,311.6,62.6,32.2,75.24,27.53,NORMAL,0
2026-03-30T04:00:00,DG-001,78.92,0.252,294.0,58.6,39.2,75.02,25.89,NORMAL,0
2026-03-30T05:00:00,DG-001,81.27,0.153,320.9,63.2,93.0,73.6,25.15,NORMAL,0
2026-03-30T06:00:00,DG-001,100.7,0.615,462.2,94.4,29.2,92.23,23.38,WARNING,0
2026-03-30T07:00:00,DG-001,85.84,0.272,404.2,81.2,41.3,75.95,27.88,NORMAL,0
2026-03-30T08:00:00,DG-001,80.17,0.189,281.3,56.9,29.8,76.65,26.66,NORMAL,0
2026-03-30T09:00:00,DG-001,98.49,0.421,431.7,90.7,32.7,90.08,25.71,WARNING,0
2026-03-30T10:00:00,DG-001,81.89,0.233,270.9,56.5,86.3,74.6,26.63,NORMAL,0
2026-03-30T11:00:00,DG-001,82.91,0.295,410.9,81.6,77.0,75.22,27.03,NORMAL,0
2026-03-30T12:00:00,DG-001,110.71,1.017,427.5,98.5,12.7,102.89,22.17,FAILURE_PRECURSOR,1
2026-03-30T13:00:00,DG-001,83.44,0.203,311.9,61.8,79.7,74.84,25.11,NORMAL,0
2026-03-30T14:00:00,DG-001,79.23,0.219,292.0,58.7,32.7,75.59,26.88,NORMAL,0
2026-03-30T15:00:00,DG-001,82.21,0.244,405.4,84.7,78.7,78.87,25.52,NORMAL,0
2026-03-30T16:00:00,DG-001,81.73,0.118,281.9,56.5,31.1,76.29,26.58,NORMAL,0
2026-03-30T17:00:00,DG-001,117.84,1.596,505.9,108.2,19.4,108.31,21.63,FAILURE_PRECURSOR,1
2026-03-30T18:00:00,DG-001,81.21,0.258,273.8,55.1,33.9,74.16,27.99,NORMAL,0
2026-03-30T19:00:00,DG-001,81.73,0.302,416.3,82.0,23.5,76.53,27.97,NORMAL,0
2026-03-30T20:00:00,DG-001,83.76,0.268,318.9,63.9,53.3,74.53,26.22,NORMAL,0
2026-03-30T21:00:00,DG-001,110.23,1.309,478.7,100.0,15.7,106.51,22.54,FAILURE_PRECURSOR,1
2026-03-30T22:00:00,DG-001,99.43,0.685,437.1,89.6,39.7,88.95,24.74,WARNING,0
2026-03-30T23:00:00,DG-001,96.14,0.616,438.7,90.2,27.0,91.53,23.94,WARNING,0
2026-03-31T00:00:00,DG-001,98.4,0.466,436.5,86.9,15.4,87.0,25.92,WARNING,0
2026-03-31T01:00:00,DG-001,106.8,1.597,509.1,109.5,6.2,105.9,21.58,FAILURE_PRECURSOR,1
2026-03-31T02:00:00,DG-001,83.35,0.251,414.4,83.1,88.8,76.24,25.26,NORMAL,0
2026-03-31T03:00:00,DG-001,86.54,0.271,405.1,81.6,71.6,79.2,27.54,NORMAL,0
2026-03-31T04:00:00,DG-001,99.68,0.46,419.0,90.7,17.3,91.7,25.99,WARNING,0
2026-03-31T05:00:00,DG-001,81.5,0.265,261.6,52.7,45.8,74.7,27.69,NORMAL,0
2026-03-31T06:00:00,DG-001,81.25,0.227,263.7,52.0,96.6,73.13,26.14,NORMAL,0
2026-03-31T07:00:00,DG-001,84.62,0.249,385.2,77.1,76.6,75.34,27.17,NORMAL,0
2026-03-31T08:00:00,DG-001,84.5,0.172,389.2,77.2,92.1,76.77,25.04,NORMAL,0
2026-03-31T09:00:00,DG-001,85.37,0.254,407.0,80.4,91.6,73.78,26.35,NORMAL,0
2026-03-31T10:00:00,DG-001,97.11,0.583,382.3,77.5,42.9,88.83,24.05,WARNING,0
2026-03-31T11:00:00,DG-001,84.3,0.263,333.8,67.5,43.3,76.29,25.44,NORMAL,0
2026-03-31T12:00:00,DG-001,80.25,0.229,298.4,62.0,53.8,75.13,26.6,NORMAL,0
2026-03-31T13:00:00,DG-001,84.01,0.214,408.6,81.6,30.0,77.33,27.63,NORMAL,0
2026-03-31T14:00:00,DG-001,81.57,0.222,337.3,66.0,26.9,74.16,27.81,NORMAL,0
2026-03-31T15:00:00,DG-001,83.82,0.219,325.5,65.5,90.8,75.19,27.13,NORMAL,0
2026-03-31T16:00:00,DG-001,81.34,0.213,349.7,70.3,61.7,74.13,27.78,NORMAL,0
2026-03-31T17:00:00,DG-001,83.21,0.147,286.2,59.3,39.3,73.59,26.69,NORMAL,0
2026-03-31T18:00:00,DG-001,79.54,0.191,260.0,50.9,68.9,73.38,27.15,NORMAL,0
2026-03-31T19:00:00,DG-001,96.61,0.52,400.9,80.6,25.4,86.79,25.93,WARNING,0
2026-03-31T20:00:00,DG-001,80.82,0.203,310.2,61.2,38.6,75.23,27.99,NORMAL,0
2026-03-31T21:00:00,DG-001,82.11,0.27,413.4,84.0,91.3,75.86,25.73,NORMAL,0
2026-03-31T22:00:00,DG-001,104.35,1.325,422.5,95.5,22.3,102.12,22.53,FAILURE_PRECURSOR,1
2026-03-31T23:00:00,DG-001,80.26,0.207,241.7,50.0,67.2,74.36,28.0,NORMAL,0
2026-04-01T00:00:00,DG-001,83.39,0.191,371.0,73.9,48.9,76.58,26.24,NORMAL,0
2026-04-01T01:00:00,DG-001,80.27,0.292,380.2,75.9,37.1,76.86,27.37,NORMAL,0
2026-04-01T02:00:00,DG-001,83.09,0.229,411.3,80.6,37.5,76.33,25.85,NORMAL,0
2026-04-01T03:00:00,DG-001,105.89,1.508,502.2,99.3,44.6,106.03,20.04,FAILURE_PRECURSOR,1
2026-04-01T04:00:00,DG-001,85.44,0.362,412.8,82.6,48.1,76.7,26.01,NORMAL,0
2026-04-01T05:00:00,DG-001,80.27,0.183,270.6,55.1,26.6,74.13,27.17,NORMAL,0
2026-04-01T06:00:00,DG-001,82.93,0.309,333.1,66.9,47.8,75.62,25.22,NORMAL,0
2026-04-01T07:00:00,DG-001,80.51,0.333,375.5,75.2,86.7,75.14,27.21,NORMAL,0
2026-04-01T08:00:00,DG-001,109.99,1.403,427.6,99.3,8.2,105.87,20.66,FAILURE_PRECURSOR,1
2026-04-01T09:00:00,DG-001,83.06,0.288,342.1,66.6,48.7,75.75,27.99,NORMAL,0
2026-04-01T10:00:00,DG-001,99.1,0.416,421.2,82.6,60.4,90.3,23.52,WARNING,0
2026-04-01T11:00:00,DG-001,81.72,0.287,392.8,77.9,34.9,74.42,27.43,NORMAL,0
2026-04-01T12:00:00,DG-001,80.96,0.273,287.8,56.4,92.9,73.52,25.3,NORMAL,0
2026-04-01T13:00:00,DG-001,84.12,0.164,323.1,64.2,39.5,74.88,25.68,NORMAL,0
2026-04-01T14:00:00,DG-001,95.81,0.545,414.9,85.6,77.5,88.73,23.34,WARNING,0
2026-04-01T15:00:00,DG-001,80.27,0.116,270.2,55.1,74.8,75.2,26.6,NORMAL,0
2026-04-01T16:00:00,DG-001,82.89,0.315,409.3,80.2,30.0,77.72,26.43,NORMAL,0
2026-04-01T17:00:00,DG-001,83.56,0.301,404.1,79.8,54.3,78.07,25.61,NORMAL,0
2026-04-01T18:00:00,DG-001,81.16,0.272,347.5,68.8,60.2,75.7,25.29,NORMAL,0
2026-04-01T19:00:00,DG-001,80.85,0.284,321.3,64.4,36.3,74.63,27.16,NORMAL,0
2026-04-01T20:00:00,DG-001,83.31,0.174,368.5,74.0,69.5,77.87,26.01,NORMAL,0
2026-04-01T21:00:00,DG-001,107.06,0.861,361.2,95.7,26.0,100.7,20.49,FAILURE_PRECURSOR,1
2026-04-01T22:00:00,DG-001,82.31,0.238,313.1,64.1,41.5,75.07,26.31,NORMAL,0
2026-04-01T23:00:00,DG-001,77.74,0.208,282.6,54.4,51.4,74.09,26.31,NORMAL,0
2026-04-02T00:00:00,DG-001,76.9,0.292,347.5,68.5,62.9,74.21,26.12,NORMAL,0
2026-04-02T01:00:00,DG-001,80.42,0.293,407.2,81.1,24.2,76.85,25.47,NORMAL,0
2026-04-02T02:00:00,DG-001,83.6,0.2,420.1,84.4,77.2,78.92,25.95,NORMAL,0
2026-04-02T03:00:00,DG-001,112.06,1.033,450.6,107.4,9.5,102.8,21.58,FAILURE_PRECURSOR,1
2026-04-02T04:00:00,DG-001,97.71,0.517,422.8,82.3,22.0,85.19,24.87,WARNING,0
2026-04-02T05:00:00,DG-001,81.29,0.221,296.5,59.6,91.5,73.08,25.22,NORMAL,0
2026-04-02T06:00:00,DG-001,83.12,0.161,289.1,54.0,79.9,74.47,27.42,NORMAL,0
2026-04-02T07:00:00,DG-001,82.1,0.282,400.1,80.2,39.8,76.39,26.79,NORMAL,0
2026-04-02T08:00:00,DG-001,96.56,0.405,417.3,87.5,89.7,92.45,23.59,WARNING,0
2026-04-02T09:00:00,DG-001,93.27,0.633,394.6,80.9,52.4,87.79,25.42,WARNING,0
2026-04-02T10:00:00,DG-001,84.18,0.11,419.2,82.8,94.6,75.45,25.97,NORMAL,0
2026-04-02T11:00:00,DG-001,84.17,0.274,386.1,78.9,32.8,76.35,26.16,NORMAL,0
2026-04-02T12:00:00,DG-001,96.74,0.571,462.7,94.8,18.3,90.06,25.1,WARNING,0
2026-04-02T13:00:00,DG-001,78.14,0.176,262.7,52.5,83.7,73.46,25.82,NORMAL,0
2026-04-02T14:00:00,DG-001,83.27,0.265,401.2,79.5,63.7,77.26,26.08,NORMAL,0
2026-04-02T15:00:00,DG-001,81.45,0.255,354.1,71.7,33.8,73.79,25.78,NORMAL,0
2026-04-02T16:00:00,DG-001,80.18,0.225,310.3,62.8,62.4,75.57,26.81,NORMAL,0
2026-04-02T17:00:00,DG-001,113.93,0.924,473.9,103.7,46.3,103.64,22.51,FAILURE_PRECURSOR,1
2026-04-02T18:00:00,DG-001,82.14,0.124,284.5,57.6,62.5,75.32,27.35,NORMAL,0
2026-04-02T19:00:00,DG-001,83.08,0.215,373.1,74.8,89.7,75.54,25.65,NORMAL,0
2026-04-02T20:00:00,DG-001,111.88,1.084,468.4,93.5,31.7,105.43,20.25,FAILURE_PRECURSOR,1
2026-04-02T21:00:00,DG-001,111.46,0.991,387.3,91.6,37.2,105.79,20.99,FAILURE_PRECURSOR,1
2026-04-02T22:00:00,DG-001,98.63,0.45,396.8,82.2,76.7,86.94,25.93,WARNING,0
2026-04-02T23:00:00,DG-001,80.71,0.212,329.7,68.8,96.2,74.11,26.57,NORMAL,0
2026-04-03T00:00:00,DG-001,82.77,0.258,356.3,71.2,35.5,73.04,26.57,NORMAL,0
2026-04-03T01:00:00,DG-001,81.82,0.31,415.4,81.6,85.2,77.47,25.97,NORMAL,0
2026-04-03T02:00:00,DG-001,83.81,0.279,401.5,80.4,57.4,75.57,27.67,NORMAL,0
2026-04-03T03:00:00,DG-001,98.71,0.528,386.9,81.5,58.1,87.16,25.85,WARNING,0
2026-04-03T04:00:00,DG-001,97.98,0.548,367.3,76.8,27.9,87.37,24.33,WARNING,0
2026-04-03T05:00:00,DG-001,82.61,0.152,290.9,56.5,29.3,74.39,27.88,NORMAL,0
2026-04-03T06:00:00,DG-001,80.14,0.212,288.3,58.1,92.0,73.83,26.03,NORMAL,0
2026-04-03T07:00:00,DG-001,81.25,0.296,414.1,84.0,73.8,75.57,25.98,NORMAL,0
2026-04-03T08:00:00,DG-001,80.89,0.216,315.9,63.5,50.9,75.31,27.17,NORMAL,0
2026-04-03T09:00:00,DG-001,80.63,0.279,395.4,78.4,43.1,75.52,27.13,NORMAL,0
2026-04-03T10:00:00,DG-001,81.52,0.23,404.6,80.0,81.3,76.44,25.13,NORMAL,0
2026-04-03T11:00:00,DG-001,80.69,0.21,325.7,64.9,65.9,75.82,26.31,NORMAL,0
2026-04-03T12:00:00,DG-001,82.5,0.293,390.0,77.1,67.6,74.78,26.25,NORMAL,0
2026-04-03T13:00:00,DG-001,83.42,0.195,276.6,55.4,53.2,75.86,25.5,NORMAL,0
2026-04-03T14:00:00,DG-001,97.63,0.472,428.6,83.3,52.7,86.13,23.2,WARNING,0
2026-04-03T15:00:00,DG-001,82.66,0.293,378.4,74.7,53.7,77.74,26.73,NORMAL,0
2026-04-03T16:00:00,DG-001,81.5,0.26,414.2,83.2,90.6,77.51,25.39,NORMAL,0
2026-04-03T17:00:00,DG-001,95.32,0.538,451.2,88.0,59.1,88.79,24.7,WARNING,0
2026-04-03T18:00:00,DG-001,81.29,0.2,331.9,66.2,64.5,75.38,27.89,NORMAL,0
2026-04-03T19:00:00,DG-001,79.99,0.223,287.3,56.5,24.0,73.3,25.93,NORMAL,0
2026-04-03T20:00:00,DG-001,95.74,0.632,381.5,81.2,52.0,89.65,23.52,WARNING,0
2026-04-03T21:00:00,DG-001,81.39,0.281,365.0,72.8,26.2,75.79,27.65,NORMAL,0
2026-04-03T22:00:00,DG-001,78.47,0.149,294.6,58.2,39.9,74.47,26.84,NORMAL,0
2026-04-03T23:00:00,DG-001,80.11,0.251,359.3,71.5,56.3,75.13,25.82,NORMAL,0
2026-04-04T00:00:00,DG-001,100.1,0.654,389.3,84.1,16.7,87.96,25.61,WARNING,0
2026-04-04T01:00:00,DG-001,80.95,0.239,274.4,56.5,37.8,74.5,25.58,NORMAL,0
2026-04-04T02:00:00,DG-001,80.34,0.175,264.0,51.4,84.5,75.3,26.12,NORMAL,0
2026-04-04T03:00:00,DG-001,80.14,0.177,262.6,53.7,42.7,74.25,27.6,NORMAL,0
2026-04-04T04:00:00,DG-001,95.74,0.466,430.4,88.4,71.6,90.35,24.1,WARNING,0
2026-04-04T05:00:00,DG-001,82.05,0.271,392.3,77.5,38.2,76.71,26.27,NORMAL,0
2026-04-04T06:00:00,DG-001,83.48,0.286,341.2,68.7,29.5,74.74,25.04,NORMAL,0
2026-04-04T07:00:00,DG-001,100.64,0.489,454.0,91.7,73.4,88.17,25.81,WARNING,0
2026-04-04T08:00:00,DG-001,78.49,0.225,290.2,58.5,50.5,75.9,27.5,NORMAL,0
2026-04-04T09:00:00,DG-001,101.37,0.421,376.0,81.7,78.0,88.32,24.52,WARNING,0
2026-04-04T10:00:00,DG-001,99.04,0.678,384.5,85.4,39.6,90.24,24.39,WARNING,0
2026-04-04T11:00:00,DG-001,81.84,0.302,389.7,78.8,22.2,75.08,27.53,NORMAL,0
2026-04-04T12:00:00,DG-001,81.3,0.295,410.7,81.7,40.5,76.17,27.68,NORMAL,0
2026-04-04T13:00:00,DG-001,83.9,0.287,400.5,79.2,32.5,76.38,25.98,NORMAL,0
2026-04-04T14:00:00,DG-001,81.16,0.278,342.7,68.9,77.4,75.62,26.83,NORMAL,0
2026-04-04T15:00:00,DG-001,82.64,0.222,282.0,57.5,95.9,73.78,25.84,NORMAL,0
2026-04-04T16:00:00,DG-001,81.07,0.25,250.7,50.1,91.9,76.49,26.15,NORMAL,0
2026-04-04T17:00:00,DG-001,81.5,0.196,308.4,60.0,72.1,76.27,25.66,NORMAL,0
2026-04-04T18:00:00,DG-001,96.2,0.627,411.2,82.2,88.6,88.3,25.91,WARNING,0
2026-04-04T19:00:00,DG-001,80.79,0.132,333.1,65.4,41.7,73.44,26.05,NORMAL,0
2026-04-04T20:00:00,DG-001,83.63,0.259,418.5,82.5,98.7,76.31,25.76,NORMAL,0
2026-04-04T21:00:00,DG-001,82.98,0.216,306.7,61.3,83.2,74.05,26.25,NORMAL,0
2026-04-04T22:00:00,DG-001,81.1,0.335,332.8,65.1,65.3,74.77,27.47,NORMAL,0
2026-04-04T23:00:00,DG-001,82.25,0.287,294.2,60.3,93.6,74.9,26.72,NORMAL,0
2026-04-05T00:00:00,DG-001,81.13,0.174,309.1,62.0,78.9,76.12,26.87,NORMAL,0
2026-04-05T01:00:00,DG-001,82.88,0.235,423.7,83.1,76.5,77.44,26.73,NORMAL,0
2026-04-05T02:00:00,DG-001,80.57,0.252,296.7,57.8,83.5,76.99,25.62,NORMAL,0
2026-04-05T03:00:00,DG-001,111.17,1.057,520.8,107.3,29.7,104.96,22.38,FAILURE_PRECURSOR,1
2026-04-05T04:00:00,DG-001,107.99,0.856,443.4,98.4,32.4,103.18,23.38,FAILURE_PRECURSOR,1
2026-04-05T05:00:00,DG-001,77.4,0.204,303.6,60.4,37.4,73.91,27.01,NORMAL,0
2026-04-05T06:00:00,DG-001,78.85,0.208,260.0,53.2,70.0,74.33,27.03,NORMAL,0
2026-04-05T07:00:00,DG-001,80.87,0.099,280.0,55.1,48.8,75.51,25.39,NORMAL,0
2026-04-05T08:00:00,DG-001,79.42,0.251,418.7,84.3,50.7,76.7,25.41,NORMAL,0
2026-04-05T09:00:00,DG-001,82.18,0.21,281.9,57.0,36.0,74.92,26.82,NORMAL,0
2026-04-05T10:00:00,DG-001,84.9,0.322,397.6,79.6,82.8,75.24,27.25,NORMAL,0
2026-04-05T11:00:00,DG-001,81.5,0.346,423.6,84.1,68.2,76.62,25.08,NORMAL,0
2026-04-05T12:00:00,DG-001,82.24,0.193,325.7,65.2,71.7,72.51,27.14,NORMAL,0
2026-04-05T13:00:00,DG-001,79.95,0.178,283.3,57.2,45.0,75.72,26.23,NORMAL,0
2026-04-05T14:00:00,DG-001,116.27,1.197,520.7,109.2,39.5,104.41,20.53,FAILURE_PRECURSOR,1
2026-04-05T15:00:00,DG-001,96.61,0.474,383.0,77.5,46.8,85.21,23.62,WARNING,0
2026-04-05T16:00:00,DG-001,82.85,0.242,268.9,52.5,83.0,74.26,27.33,NORMAL,0
2026-04-05T17:00:00,DG-001,82.67,0.269,412.7,81.7,52.8,75.93,26.69,NORMAL,0
2026-04-05T18:00:00,DG-001,97.41,0.605,420.2,83.1,58.1,88.61,24.83,WARNING,0
2026-04-05T19:00:00,DG-001,79.08,0.171,305.4,61.9,67.7,75.45,25.04,NORMAL,0
2026-04-05T20:00:00,DG-001,112.04,1.198,483.9,100.2,20.1,106.67,20.9,FAILURE_PRECURSOR,1
2026-04-05T21:00:00,DG-001,82.41,0.216,333.1,65.8,62.8,76.25,26.55,NORMAL,0
2026-04-05T22:00:00,DG-001,97.04,0.604,405.0,84.8,87.8,84.63,25.9,WARNING,0
2026-04-05T23:00:00,DG-001,100.32,0.405,377.8,81.3,42.3,88.5,24.94,WARNING,0
2026-04-06T00:00:00,DG-001,82.77,0.199,416.7,81.7,55.0,76.17,27.94,NORMAL,0
2026-04-06T01:00:00,DG-001,80.74,0.247,341.9,67.5,94.5,74.51,25.09,NORMAL,0
2026-04-06T02:00:00,DG-001,115.99,1.555,506.3,108.7,32.0,107.81,23.38,FAILURE_PRECURSOR,1
2026-04-06T03:00:00,DG-001,81.27,0.238,312.5,63.7,29.5,73.76,25.15,NORMAL,0
2026-04-06T04:00:00,DG-001,82.68,0.241,404.2,79.3,36.7,77.61,26.12,NORMAL,0
2026-04-06T05:00:00,DG-001,82.78,0.2,388.5,78.4,63.0,75.75,27.2,NORMAL,0
2026-04-06T06:00:00,DG-001,80.92,0.273,297.0,60.9,52.1,76.32,25.23,NORMAL,0
2026-04-06T07:00:00,DG-001,80.75,0.229,295.7,60.1,23.2,74.48,26.21,NORMAL,0
2026-04-06T08:00:00,DG-001,85.5,0.16,321.0,64.0,45.3,73.35,26.53,NORMAL,0
2026-04-06T09:00:00,DG-001,98.69,0.654,410.1,85.9,88.6,86.41,24.99,WARNING,0
2026-04-06T10:00:00,DG-001,81.87,0.215,395.8,80.9,82.0,76.68,27.94,NORMAL,0
2026-04-06T11:00:00,DG-001,82.36,0.243,347.5,68.6,27.7,75.07,26.55,NORMAL,0
2026-04-06T12:00:00,DG-001,77.99,0.272,267.1,53.8,96.6,75.53,26.03,NORMAL,0
2026-04-06T13:00:00,DG-001,79.96,0.221,259.4,51.3,57.7,74.75,26.52,NORMAL,0
2026-04-06T14:00:00,DG-001,81.18,0.104,317.1,61.7,81.1,75.35,26.8,NORMAL,0
2026-04-06T15:00:00,DG-001,109.19,1.586,426.2,101.1,26.2,103.96,21.61,FAILURE_PRECURSOR,1
2026-04-06T16:00:00,DG-001,99.96,0.552,400.7,86.2,78.2,89.02,25.73,WARNING,0
2026-04-06T17:00:00,DG-001,79.55,0.223,311.7,63.2,94.5,74.34,25.71,NORMAL,0
2026-04-06T18:00:00,DG-001,100.76,0.441,407.8,87.8,89.5,89.18,25.53,WARNING,0
2026-04-06T19:00:00,DG-001,82.05,0.239,332.0,65.9,30.7,74.6,27.07,NORMAL,0
2026-04-06T20:00:00,DG-001,83.37,0.239,378.9,77.3,82.6,77.15,27.16,NORMAL,0
2026-04-06T21:00:00,DG-001,111.81,1.22,472.5,94.2,45.9,105.04,20.71,FAILURE_PRECURSOR,1
2026-04-06T22:00:00,DG-001,79.0,0.223,340.3,66.7,58.3,74.38,27.07,NORMAL,0
2026-04-06T23:00:00,DG-001,81.1,0.352,333.0,66.4,90.5,75.96,27.98,NORMAL,0
2026-04-07T00:00:00,DG-001,81.06,0.221,426.7,84.7,80.8,75.07,26.03,NORMAL,0
2026-04-07T01:00:00,DG-001,78.67,0.184,260.1,51.3,40.8,74.28,25.67,NORMAL,0
2026-04-07T02:00:00,DG-001,77.88,0.218,245.3,51.4,42.2,75.14,27.07,NORMAL,0
2026-04-07T03:00:00,DG-001,81.37,0.336,325.8,65.0,21.1,74.46,26.79,NORMAL,0
2026-04-07T04:00:00,DG-001,83.43,0.283,412.4,82.6,80.9,75.79,26.89,NORMAL,0
2026-04-07T05:00:00,DG-001,81.43,0.273,403.5,80.9,34.1,77.63,27.01,NORMAL,0
2026-04-07T06:00:00,DG-001,107.64,0.995,410.7,91.1,11.6,101.05,23.32,FAILURE_PRECURSOR,1
2026-04-07T07:00:00,DG-001,83.43,0.308,369.6,74.9,99.4,75.83,27.13,NORMAL,0
2026-04-07T08:00:00,DG-001,83.7,0.197,258.5,50.6,37.9,75.01,26.67,NORMAL,0
2026-04-07T09:00:00,DG-001,108.1,1.538,427.4,102.4,7.2,104.79,20.15,FAILURE_PRECURSOR,1
2026-04-07T10:00:00,DG-001,83.59,0.335,365.8,72.0,26.0,75.48,25.46,NORMAL,0
2026-04-07T11:00:00,DG-001,81.67,0.293,395.5,78.5,99.4,77.5,25.82,NORMAL,0
2026-04-07T12:00:00,DG-001,82.03,0.233,299.0,57.5,88.4,74.45,26.0,NORMAL,0
2026-04-07T13:00:00,DG-001,83.86,0.306,415.6,83.1,70.1,77.9,26.45,NORMAL,0
2026-04-07T14:00:00,DG-001,81.97,0.214,423.4,83.8,28.2,76.44,26.11,NORMAL,0
2026-04-07T15:00:00,DG-001,98.16,0.478,393.4,80.7,20.9,87.28,25.74,WARNING,0
2026-04-07T16:00:00,DG-001,97.72,0.609,443.7,85.9,76.8,88.52,23.45,WARNING,0
2026-04-07T17:00:00,DG-001,80.83,0.305,327.6,65.9,35.3,76.75,25.22,NORMAL,0
2026-04-07T18:00:00,DG-001,83.17,0.287,410.7,83.1,35.7,77.83,25.22,NORMAL,0
2026-04-07T19:00:00,DG-001,81.64,0.206,361.5,71.9,61.9,75.59,27.14,NORMAL,0
2026-04-07T20:00:00,DG-001,83.65,0.24,404.1,79.6,44.7,74.84,27.07,NORMAL,0
2026-04-07T21:00:00,DG-001,98.02,0.404,368.7,79.3,30.3,87.02,24.52,WARNING,0
2026-04-07T22:00:00,DG-001,98.25,0.696,408.5,79.8,86.8,87.08,25.26,WARNING,0
2026-04-07T23:00:00,DG-001,83.95,0.253,336.9,68.8,96.8,77.96,26.65,NORMAL,0
2026-04-08T00:00:00,DG-001,81.33,0.227,388.8,79.6,67.9,74.59,26.14,NORMAL,0
2026-04-08T01:00:00,DG-001,81.87,0.177,356.0,72.3,23.4,74.8,25.76,NORMAL,0
2026-04-08T02:00:00,DG-001,81.3,0.192,293.5,58.5,44.4,75.52,27.37,NORMAL,0
2026-04-08T03:00:00,DG-001,108.6,0.858,480.7,93.2,13.8,103.49,22.68,FAILURE_PRECURSOR,1
2026-04-08T04:00:00,DG-001,84.99,0.215,330.3,66.4,66.7,75.47,26.26,NORMAL,0
2026-04-08T05:00:00,DG-001,80.89,0.314,274.3,54.7,21.2,73.14,27.74,NORMAL,0
2026-04-08T06:00:00,DG-001,82.25,0.188,267.0,52.6,38.7,72.77,26.23,NORMAL,0
2026-04-08T07:00:00,DG-001,83.23,0.27,395.1,77.9,79.1,75.62,25.64,NORMAL,0
2026-04-08T08:00:00,DG-001,113.75,1.361,360.0,85.3,40.2,101.32,20.08,FAILURE_PRECURSOR,1
2026-04-08T09:00:00,DG-001,81.06,0.305,281.5,54.9,97.9,73.49,27.32,NORMAL,0
2026-04-08T10:00:00,DG-001,84.85,0.26,375.4,74.6,65.0,74.89,26.61,NORMAL,0
2026-04-08T11:00:00,DG-001,84.55,0.278,423.0,84.9,56.6,77.12,25.97,NORMAL,0
2026-04-08T12:00:00,DG-001,81.57,0.292,402.2,80.3,99.1,75.41,25.51,NORMAL,0
2026-04-08T13:00:00,DG-001,80.47,0.168,266.9,51.7,25.1,73.29,27.52,NORMAL,0
2026-04-08T14:00:00,DG-001,80.37,0.223,297.4,60.7,57.9,74.67,26.08,NORMAL,0
2026-04-08T15:00:00,DG-001,83.48,0.271,390.4,78.3,21.7,77.08,25.26,NORMAL,0
2026-04-08T16:00:00,DG-001,84.43,0.192,403.1,80.2,33.8,76.68,27.17,NORMAL,0
2026-04-08T17:00:00,DG-001,80.61,0.312,324.8,64.3,74.6,75.58,25.33,NORMAL,0
2026-04-08T18:00:00,DG-001,114.8,1.497,515.9,107.6,35.5,104.11,23.4,FAILURE_PRECURSOR,1
2026-04-08T19:00:00,DG-001,81.73,0.26,418.4,83.4,27.6,75.87,26.31,NORMAL,0
2026-04-08T20:00:00,DG-001,81.51,0.289,385.7,78.0,51.2,74.63,27.51,NORMAL,0
2026-04-08T21:00:00,DG-001,82.22,0.225,309.6,62.3,20.5,74.6,27.37,NORMAL,0
2026-04-08T22:00:00,DG-001,81.36,0.227,337.4,68.8,98.3,74.67,26.53,NORMAL,0
2026-04-08T23:00:00,DG-001,83.67,0.184,316.5,63.0,63.0,74.56,27.92,NORMAL,0
2026-04-09T00:00:00,DG-001,82.44,0.301,282.1,56.6,67.6,74.57,26.65,NORMAL,0
2026-04-09T01:00:00,DG-001,82.16,0.164,291.9,57.3,93.0,74.92,25.89,NORMAL,0
2026-04-09T02:00:00,DG-001,81.01,0.207,318.7,63.8,35.2,75.3,25.99,NORMAL,0
2026-04-09T03:00:00,DG-001,95.31,0.53,360.1,80.5,76.4,88.22,25.44,WARNING,0
2026-04-09T04:00:00,DG-001,91.3,0.64,385.4,77.0,60.8,87.92,25.97,WARNING,0
2026-04-09T05:00:00,DG-001,81.71,0.228,378.4,76.4,45.2,77.33,25.41,NORMAL,0
2026-04-09T06:00:00,DG-001,83.82,0.362,423.5,83.8,38.4,76.73,26.21,NORMAL,0
2026-04-09T07:00:00,DG-001,85.53,0.247,366.1,73.2,70.6,75.19,25.57,NORMAL,0
2026-04-09T08:00:00,DG-001,83.53,0.171,353.5,70.5,74.5,76.85,25.58,NORMAL,0
2026-04-09T09:00:00,DG-001,106.59,1.389,392.8,90.3,30.1,102.72,23.5,FAILURE_PRECURSOR,1
2026-04-09T10:00:00,DG-001,80.99,0.205,301.2,62.0,74.0,75.55,27.32,NORMAL,0
2026-04-09T11:00:00,DG-001,78.86,0.242,338.5,68.5,71.7,74.28,27.24,NORMAL,0
2026-04-09T12:00:00,DG-001,110.12,1.401,405.4,89.2,22.5,102.29,22.21,FAILURE_PRECURSOR,1
2026-04-09T13:00:00,DG-001,93.26,0.623,362.0,75.1,62.3,87.99,23.46,WARNING,0
2026-04-09T14:00:00,DG-001,83.46,0.272,407.2,79.7,43.3,75.92,26.59,NORMAL,0
2026-04-09T15:00:00,DG-001,111.74,1.387,473.2,106.4,19.6,106.73,23.6,FAILURE_PRECURSOR,1
2026-04-09T16:00:00,DG-001,82.75,0.2,375.8,75.8,68.6,76.66,26.46,NORMAL,0
2026-04-09T17:00:00,DG-001,81.26,0.221,375.8,77.2,90.4,77.53,27.76,NORMAL,0
2026-04-09T18:00:00,DG-001,79.49,0.181,319.8,62.6,35.2,75.21,25.93,NORMAL,0
2026-04-09T19:00:00,DG-001,80.5,0.3,252.5,52.4,27.2,74.16,27.71,NORMAL,0
2026-04-09T20:00:00,DG-001,98.09,0.431,405.0,82.5,25.0,89.02,23.1,WARNING,0
2026-04-09T21:00:00,DG-001,83.71,0.289,370.8,73.2,40.9,77.04,26.73,NORMAL,0
2026-04-09T22:00:00,DG-001,109.95,1.093,369.0,85.5,8.0,106.81,20.1,FAILURE_PRECURSOR,1
2026-04-09T23:00:00,DG-001,83.96,0.417,413.2,83.8,41.8,75.86,25.06,NORMAL,0
2026-04-10T00:00:00,DG-001,81.06,0.191,281.9,56.9,28.8,74.7,27.22,NORMAL,0
2026-04-10T01:00:00,DG-001,84.05,0.309,387.8,77.3,92.4,76.02,25.54,NORMAL,0
2026-04-10T02:00:00,DG-001,79.67,0.246,274.5,54.6,49.2,75.06,27.0,NORMAL,0
2026-04-10T03:00:00,DG-001,82.26,0.203,393.1,79.1,31.2,78.81,25.6,NORMAL,0
2026-04-10T04:00:00,DG-001,82.73,0.253,397.1,80.2,88.1,76.56,26.81,NORMAL,0
2026-04-10T05:00:00,DG-001,81.13,0.239,387.2,78.0,85.4,76.29,26.39,NORMAL,0
2026-04-10T06:00:00,DG-001,83.03,0.263,345.3,67.1,48.4,75.86,26.68,NORMAL,0
2026-04-10T07:00:00,DG-001,78.33,0.195,293.2,59.0,50.5,73.95,27.56,NORMAL,0
2026-04-10T08:00:00,DG-001,79.16,0.203,282.3,56.1,37.1,73.49,26.82,NORMAL,0
2026-04-10T09:00:00,DG-001,82.34,0.268,401.4,80.2,54.4,76.66,26.41,NORMAL,0
2026-04-10T10:00:00,DG-001,80.6,0.238,267.1,53.2,21.4,72.95,25.4,NORMAL,0
2026-04-10T11:00:00,DG-001,80.38,0.262,360.5,72.7,64.3,75.95,26.83,NORMAL,0
2026-04-10T12:00:00,DG-001,82.62,0.272,413.5,81.3,51.8,76.46,25.94,NORMAL,0
2026-04-10T13:00:00,DG-001,82.23,0.315,408.1,82.0,58.2,76.43,25.05,NORMAL,0
2026-04-10T14:00:00,DG-001,81.03,0.271,278.2,56.8,89.4,75.03,27.49,NORMAL,0
2026-04-10T15:00:00,DG-001,83.91,0.3,407.2,81.9,25.3,76.85,25.81,NORMAL,0
2026-04-10T16:00:00,DG-001,80.07,0.235,278.1,55.5,59.8,74.84,25.71,NORMAL,0
2026-04-10T17:00:00,DG-001,83.49,0.272,423.4,84.4,37.5,76.16,26.94,NORMAL,0
2026-04-10T18:00:00,DG-001,95.95,0.691,368.3,76.7,27.0,86.69,24.03,WARNING,0
2026-04-10T19:00:00,DG-001,97.39,0.652,368.1,76.2,42.0,88.23,23.64,WARNING,0
2026-04-10T20:00:00,DG-001,83.05,0.339,359.8,71.2,57.3,75.39,25.24,NORMAL,0
2026-04-10T21:00:00,DG-001,98.2,0.598,374.3,76.2,63.9,85.84,25.89,WARNING,0
2026-04-10T22:00:00,DG-001,82.19,0.221,417.6,82.5,61.4,75.38,27.91,NORMAL,0
2026-04-10T23:00:00,DG-001,96.3,0.658,389.7,81.9,71.4,89.26,25.32,WARNING,0
2026-04-11T00:00:00,DG-001,112.23,1.423,413.9,92.7,40.2,106.44,20.19,FAILURE_PRECURSOR,1
2026-04-11T01:00:00,DG-001,80.5,0.07,298.0,60.0,34.0,77.57,25.99,NORMAL,0
2026-04-11T02:00:00,DG-001,99.99,0.552,409.0,83.0,18.4,88.67,25.12,WARNING,0
2026-04-11T03:00:00,DG-001,100.2,0.564,454.5,94.8,32.2,86.48,24.97,WARNING,0
2026-04-11T04:00:00,DG-001,79.38,0.163,246.9,51.0,43.3,72.29,27.95,NORMAL,0
2026-04-11T05:00:00,DG-001,81.04,0.286,269.9,53.6,87.2,73.78,25.05,NORMAL,0
2026-04-11T06:00:00,DG-001,94.09,0.509,364.3,76.3,41.6,88.38,24.58,WARNING,0
2026-04-11T07:00:00,DG-001,83.2,0.14,419.0,84.2,61.6,78.53,25.04,NORMAL,0
2026-04-11T08:00:00,DG-001,111.69,1.597,434.5,98.1,36.8,108.98,22.16,FAILURE_PRECURSOR,1
2026-04-11T09:00:00,DG-001,84.35,0.229,364.2,73.4,76.2,75.38,27.78,NORMAL,0
2026-04-11T10:00:00,DG-001,82.16,0.182,342.5,70.9,20.9,74.83,25.66,NORMAL,0
2026-04-11T11:00:00,DG-001,80.5,0.228,306.3,61.6,99.9,74.05,26.79,NORMAL,0
2026-04-11T12:00:00,DG-001,108.21,1.436,366.4,85.1,19.5,103.14,21.18,FAILURE_PRECURSOR,1
2026-04-11T13:00:00,DG-001,81.06,0.287,359.8,73.1,100.0,74.76,26.09,NORMAL,0
2026-04-11T14:00:00,DG-001,97.57,0.517,478.4,94.5,49.9,85.48,25.48,WARNING,0
2026-04-11T15:00:00,DG-001,82.17,0.242,391.1,77.1,23.6,75.72,26.59,NORMAL,0
2026-04-11T16:00:00,DG-001,82.4,0.296,352.9,71.5,72.1,75.83,25.34,NORMAL,0
2026-04-11T17:00:00,DG-001,84.48,0.238,344.2,68.0,57.6,75.45,25.35,NORMAL,0
2026-04-11T18:00:00,DG-001,82.5,0.226,364.1,70.9,74.6,75.6,25.24,NORMAL,0
2026-04-11T19:00:00,DG-001,97.29,0.445,489.7,94.2,62.0,91.21,25.77,WARNING,0
2026-04-11T20:00:00,DG-001,83.49,0.281,325.2,65.3,24.7,75.5,27.85,NORMAL,0
2026-04-11T21:00:00,DG-001,114.69,0.858,504.4,106.4,43.7,105.84,20.86,FAILURE_PRECURSOR,1
2026-04-11T22:00:00,DG-001,81.15,0.183,377.3,74.3,66.9,75.2,27.39,NORMAL,0
2026-04-11T23:00:00,DG-001,81.04,0.264,391.7,78.6,80.0,77.95,27.78,NORMAL,0
2026-04-12T00:00:00,DG-001,79.87,0.202,283.3,55.3,23.9,74.62,25.88,NORMAL,0
2026-04-12T01:00:00,DG-001,108.43,1.025,455.2,97.1,36.0,105.39,20.0,FAILURE_PRECURSOR,1
2026-04-12T02:00:00,DG-001,95.11,0.624,379.8,79.2,66.8,88.75,24.04,WARNING,0
2026-04-12T03:00:00,DG-001,84.23,0.372,417.5,82.6,68.8,77.32,27.57,NORMAL,0
2026-04-12T04:00:00,DG-001,115.68,0.937,455.7,99.6,49.3,106.12,22.8,FAILURE_PRECURSOR,1
2026-04-12T05:00:00,DG-001,82.48,0.164,332.3,65.0,74.7,74.97,27.75,NORMAL,0
2026-04-12T06:00:00,DG-001,83.36,0.258,353.2,71.3,30.8,74.95,27.86,NORMAL,0
2026-04-12T07:00:00,DG-001,84.06,0.304,325.9,64.7,51.4,74.95,27.75,NORMAL,0
2026-04-12T08:00:00,DG-001,80.78,0.327,364.0,74.6,56.7,74.96,25.71,NORMAL,0
2026-04-12T09:00:00,DG-001,81.73,0.316,387.1,76.0,57.9,75.96,26.89,NORMAL,0
2026-04-12T10:00:00,DG-001,85.22,0.279,406.2,81.7,65.2,76.62,26.12,NORMAL,0
2026-04-12T11:00:00,DG-001,96.54,0.546,425.2,83.8,54.0,87.43,23.29,WARNING,0
2026-04-12T12:00:00,DG-001,84.19,0.34,393.8,77.9,50.7,76.42,25.48,NORMAL,0
2026-04-12T13:00:00,DG-001,85.29,0.32,381.3,75.4,33.0,77.67,25.43,NORMAL,0
2026-04-12T14:00:00,DG-001,82.35,0.253,398.1,81.2,42.7,76.66,25.63,NORMAL,0
2026-04-12T15:00:00,DG-001,111.73,1.27,364.0,95.7,35.9,103.11,20.89,FAILURE_PRECURSOR,1
2026-04-12T16:00:00,DG-001,81.66,0.238,302.0,59.6,20.3,74.34,25.6,NORMAL,0
2026-04-12T17:00:00,DG-001,94.54,0.654,359.2,81.5,54.5,89.28,24.85,WARNING,0
2026-04-12T18:00:00,DG-001,80.39,0.172,303.2,58.5,53.3,74.66,26.54,NORMAL,0
2026-04-12T19:00:00,DG-001,99.3,0.481,404.9,83.5,60.8,89.91,24.77,WARNING,0
2026-04-12T20:00:00,DG-001,81.68,0.189,303.7,61.0,61.8,74.17,25.19,NORMAL,0
2026-04-12T21:00:00,DG-001,81.54,0.203,286.8,56.0,97.9,74.22,27.78,NORMAL,0
2026-04-12T22:00:00,DG-001,96.94,0.47,391.7,81.3,78.0,88.14,24.19,WARNING,0
2026-04-12T23:00:00,DG-001,82.3,0.154,316.8,64.6,71.2,74.16,25.52,NORMAL,0
2026-04-13T00:00:00,DG-001,107.66,1.038,449.3,97.7,20.7,104.11,23.89,FAILURE_PRECURSOR,1
2026-04-13T01:00:00,DG-001,81.74,0.318,362.3,71.1,33.2,76.54,27.88,NORMAL,0
2026-04-13T02:00:00,DG-001,110.83,1.189,476.3,94.8,27.0,102.81,20.5,FAILURE_PRECURSOR,1
2026-04-13T03:00:00,DG-001,83.09,0.158,283.9,57.1,38.0,72.66,26.47,NORMAL,0
2026-04-13T04:00:00,DG-001,83.26,0.185,392.5,77.3,90.1,74.07,27.23,NORMAL,0
2026-04-13T05:00:00,DG-001,81.0,0.268,320.7,64.3,38.4,74.07,25.55,NORMAL,0
2026-04-13T06:00:00,DG-001,82.03,0.176,291.9,58.1,25.2,76.2,25.87,NORMAL,0
2026-04-13T07:00:00,DG-001,78.35,0.232,277.0,54.4,66.2,74.19,25.84,NORMAL,0
2026-04-13T08:00:00,DG-001,80.73,0.193,332.1,66.8,24.7,75.89,27.83,NORMAL,0
2026-04-13T09:00:00,DG-001,83.06,0.179,383.5,75.4,62.0,76.54,26.09,NORMAL,0
2026-04-13T10:00:00,DG-001,82.03,0.174,320.5,64.6,83.5,75.99,27.74,NORMAL,0
2026-04-13T11:00:00,DG-001,83.29,0.276,392.1,78.6,66.6,77.24,25.26,NORMAL,0
2026-04-13T12:00:00,DG-001,100.23,0.409,465.8,92.2,18.6,90.59,23.32,WARNING,0
2026-04-13T13:00:00,DG-001,97.93,0.655,391.0,82.7,67.6,86.53,23.05,WARNING,0
2026-04-13T14:00:00,DG-001,82.73,0.232,370.4,72.8,94.5,78.02,27.8,NORMAL,0
2026-04-13T15:00:00,DG-001,82.34,0.288,291.8,60.4,85.9,75.77,26.45,NORMAL,0
2026-04-13T16:00:00,DG-001,98.32,0.617,434.2,91.5,78.2,90.7,23.34,WARNING,0
2026-04-13T17:00:00,DG-001,81.7,0.259,274.6,54.5,83.4,73.96,25.84,NORMAL,0
2026-04-13T18:00:00,DG-001,80.25,0.191,378.2,75.6,70.2,76.19,26.3,NORMAL,0
2026-04-13T19:00:00,DG-001,81.06,0.32,334.3,68.0,98.4,76.03,26.41,NORMAL,0
2026-04-13T20:00:00,DG-001,84.71,0.341,361.6,72.3,92.0,78.21,25.05,NORMAL,0
2026-04-13T21:00:00,DG-001,99.64,0.694,369.8,78.5,49.5,87.41,24.18,WARNING,0
2026-04-13T22:00:00,DG-001,82.28,0.132,293.3,59.1,91.6,74.35,27.75,NORMAL,0
2026-04-13T23:00:00,DG-001,111.3,0.886,433.8,103.5,20.0,104.99,23.95,FAILURE_PRECURSOR,1
2026-04-14T00:00:00,DG-001,82.92,0.265,384.4,77.3,27.5,78.18,26.82,NORMAL,0
2026-04-14T01:00:00,DG-001,100.09,0.657,411.7,85.9,49.4,89.37,25.7,WARNING,0
2026-04-14T02:00:00,DG-001,80.09,0.24,275.3,56.1,59.6,70.95,25.49,NORMAL,0
2026-04-14T03:00:00,DG-001,85.29,0.211,407.7,81.2,44.1,76.54,25.7,NORMAL,0
2026-04-14T04:00:00,DG-001,81.36,0.206,364.3,72.8,91.2,77.28,25.24,NORMAL,0
2026-04-14T05:00:00,DG-001,83.53,0.312,426.0,83.3,71.5,76.22,27.82,NORMAL,0
2026-04-14T06:00:00,DG-001,80.09,0.208,250.9,50.7,62.5,74.05,25.92,NORMAL,0
2026-04-14T07:00:00,DG-001,83.72,0.194,253.1,50.7,44.2,74.34,27.99,NORMAL,0
2026-04-14T08:00:00,DG-001,99.08,0.536,428.8,87.1,32.6,87.43,25.71,WARNING,0
2026-04-14T09:00:00,DG-001,81.52,0.166,377.0,74.4,67.1,75.61,27.31,NORMAL,0
2026-04-14T10:00:00,DG-001,83.57,0.269,420.4,82.8,47.0,76.94,27.44,NORMAL,0
2026-04-14T11:00:00,DG-001,111.52,1.25,344.8,85.5,41.7,104.61,22.41,FAILURE_PRECURSOR,1
2026-04-14T12:00:00,DG-001,81.37,0.307,286.4,58.0,83.6,75.21,26.18,NORMAL,0
2026-04-14T13:00:00,DG-001,80.85,0.272,367.8,73.4,74.0,76.78,27.71,NORMAL,0
2026-04-14T14:00:00,DG-001,84.03,0.237,410.0,80.4,96.2,77.14,27.93,NORMAL,0
2026-04-14T15:00:00,DG-001,82.08,0.215,321.5,64.8,73.3,74.87,26.86,NORMAL,0
2026-04-14T16:00:00,DG-001,98.5,0.491,346.3,78.7,77.6,86.67,25.95,WARNING,0
2026-04-14T17:00:00,DG-001,84.82,0.231,407.4,80.8,28.6,75.74,26.37,NORMAL,0
2026-04-14T18:00:00,DG-001,81.13,0.233,326.7,64.1,80.9,76.06,26.96,NORMAL,0
2026-04-14T19:00:00,DG-001,82.28,0.271,360.0,70.5,76.0,76.33,26.0,NORMAL,0
2026-04-14T20:00:00,DG-001,106.81,1.165,396.6,85.3,47.3,104.09,23.57,FAILURE_PRECURSOR,1
2026-04-14T21:00:00,DG-001,82.76,0.166,359.0,73.0,85.1,77.43,26.5,NORMAL,0
2026-04-14T22:00:00,DG-001,79.4,0.153,263.6,50.7,90.8,75.38,26.64,NORMAL,0
2026-04-14T23:00:00,DG-001,81.67,0.163,345.0,69.3,42.3,75.58,26.99,NORMAL,0
2026-04-15T00:00:00,DG-001,81.68,0.211,318.2,61.7,27.2,77.48,27.31,NORMAL,0
2026-04-15T01:00:00,DG-001,98.92,0.601,400.5,86.3,88.4,86.05,23.69,WARNING,0
2026-04-15T02:00:00,DG-001,81.21,0.267,421.4,84.9,85.5,76.8,27.71,NORMAL,0
2026-04-15T03:00:00,DG-001,83.5,0.207,358.6,71.3,99.9,75.77,27.48,NORMAL,0
2026-04-15T04:00:00,DG-001,83.5,0.216,277.8,57.2,32.2,74.6,27.62,NORMAL,0
2026-04-15T05:00:00,DG-001,81.72,0.21,294.9,59.3,60.4,74.53,25.21,NORMAL,0
2026-04-15T06:00:00,DG-001,80.57,0.231,308.7,61.5,94.9,75.24,27.96,NORMAL,0
2026-04-15T07:00:00,DG-001,80.51,0.248,316.2,64.0,64.2,74.76,26.36,NORMAL,0
2026-04-15T08:00:00,DG-001,78.96,0.297,254.4,50.9,88.4,73.37,26.55,NORMAL,0
2026-04-15T09:00:00,DG-001,79.29,0.155,263.3,52.8,61.2,73.21,27.95,NORMAL,0
2026-04-15T10:00:00,DG-001,81.78,0.273,372.0,73.9,47.7,76.24,25.51,NORMAL,0
2026-04-15T11:00:00,DG-001,112.18,1.123,419.1,104.5,35.4,101.01,21.12,FAILURE_PRECURSOR,1
2026-04-15T12:00:00,DG-001,98.56,0.447,435.6,92.5,82.6,90.34,24.28,WARNING,0
2026-04-15T13:00:00,DG-001,80.54,0.152,286.3,56.9,91.6,74.83,27.24,NORMAL,0
2026-04-15T14:00:00,DG-001,84.35,0.256,413.7,82.5,99.8,76.21,27.21,NORMAL,0
2026-04-15T15:00:00,DG-001,93.31,0.459,409.9,82.7,83.0,87.07,24.65,WARNING,0
2026-04-15T16:00:00,DG-001,105.8,0.864,364.2,86.4,22.5,101.94,20.38,FAILURE_PRECURSOR,1
2026-04-15T17:00:00,DG-001,78.99,0.268,355.5,70.2,26.8,76.16,26.04,NORMAL,0
2026-04-15T18:00:00,DG-001,78.67,0.204,266.5,54.8,22.2,74.18,27.22,NORMAL,0
2026-04-15T19:00:00,DG-001,79.57,0.226,285.1,55.9,53.5,76.06,26.42,NORMAL,0
2026-04-15T20:00:00,DG-001,93.68,0.631,368.8,79.9,15.5,89.57,25.95,WARNING,0
2026-04-15T21:00:00,DG-001,83.83,0.241,379.4,75.9,56.1,76.09,26.31,NORMAL,0
2026-04-15T22:00:00,DG-001,82.81,0.312,408.7,82.1,80.9,76.57,26.34,NORMAL,0
2026-04-15T23:00:00,DG-001,82.54,0.209,305.1,61.5,71.0,74.52,25.79,NORMAL,0
2026-04-16T00:00:00,DG-001,108.17,1.541,480.8,102.1,19.6,106.97,21.66,FAILURE_PRECURSOR,1
2026-04-16T01:00:00,DG-001,98.5,0.638,446.6,93.1,83.6,89.43,25.06,WARNING,0
2026-04-16T02:00:00,DG-001,83.86,0.184,332.6,67.6,27.6,75.17,25.49,NORMAL,0
2026-04-16T03:00:00,DG-001,83.73,0.213,342.0,66.3,32.8,75.33,27.72,NORMAL,0
2026-04-16T04:00:00,DG-001,80.33,0.21,356.2,70.8,39.7,75.82,27.54,NORMAL,0
2026-04-16T05:00:00,DG-001,83.59,0.174,379.5,77.3,23.4,75.5,27.21,NORMAL,0
2026-04-16T06:00:00,DG-001,82.73,0.263,371.0,73.2,53.1,76.53,25.58,NORMAL,0
2026-04-16T07:00:00,DG-001,81.81,0.169,381.1,75.0,31.7,76.66,25.7,NORMAL,0
2026-04-16T08:00:00,DG-001,83.37,0.206,324.1,65.8,81.1,74.61,26.64,NORMAL,0
2026-04-16T09:00:00,DG-001,82.4,0.249,389.4,78.9,78.3,77.91,27.09,NORMAL,0
2026-04-16T10:00:00,DG-001,81.82,0.261,271.2,53.3,99.7,74.42,27.6,NORMAL,0
2026-04-16T11:00:00,DG-001,102.04,0.424,432.9,87.3,24.3,90.26,25.33,WARNING,0
2026-04-16T12:00:00,DG-001,79.86,0.26,296.0,60.4,70.7,75.86,25.03,NORMAL,0
2026-04-16T13:00:00,DG-001,83.34,0.217,369.1,73.1,25.9,75.57,27.36,NORMAL,0
2026-04-16T14:00:00,DG-001,80.53,0.292,313.5,61.8,95.0,76.57,27.93,NORMAL,0
2026-04-16T15:00:00,DG-001,82.25,0.23,373.3,75.3,59.7,74.18,25.51,NORMAL,0
2026-04-16T16:00:00,DG-001,80.98,0.245,341.6,67.4,83.8,75.67,25.39,NORMAL,0
2026-04-16T17:00:00,DG-001,82.7,0.141,326.3,64.3,88.9,73.74,26.1,NORMAL,0
2026-04-16T18:00:00,DG-001,82.15,0.193,291.3,57.5,47.8,72.32,26.95,NORMAL,0
2026-04-16T19:00:00,DG-001,80.62,0.187,332.3,66.6,96.9,74.96,25.96,NORMAL,0
2026-04-16T20:00:00,DG-001,83.44,0.313,385.8,77.6,87.5,74.94,26.62,NORMAL,0
2026-04-16T21:00:00,DG-001,81.16,0.284,359.3,70.9,85.6,76.45,27.19,NORMAL,0
2026-04-16T22:00:00,DG-001,108.51,1.002,388.3,87.5,10.7,103.47,23.28,FAILURE_PRECURSOR,1
2026-04-16T23:00:00,DG-001,79.09,0.185,246.7,50.1,61.9,74.4,25.73,NORMAL,0
2026-04-17T00:00:00,DG-001,81.82,0.306,299.8,59.8,54.3,74.51,27.78,NORMAL,0
2026-04-17T01:00:00,DG-001,109.79,1.221,521.8,109.8,16.3,104.63,20.64,FAILURE_PRECURSOR,1
2026-04-17T02:00:00,DG-001,98.7,0.62,384.7,83.7,43.5,87.8,23.66,WARNING,0
2026-04-17T03:00:00,DG-001,97.12,0.599,417.5,89.3,45.8,87.59,23.44,WARNING,0
2026-04-17T04:00:00,DG-001,83.17,0.322,385.3,76.3,45.9,76.59,26.62,NORMAL,0
2026-04-17T05:00:00,DG-001,82.83,0.228,335.4,67.9,75.1,76.24,26.76,NORMAL,0
2026-04-17T06:00:00,DG-001,81.47,0.269,310.8,62.5,63.8,74.71,26.55,NORMAL,0
2026-04-17T07:00:00,DG-001,81.15,0.248,355.3,72.1,81.2,77.37,26.2,NORMAL,0
2026-04-17T08:00:00,DG-001,86.42,0.258,379.9,75.4,83.1,77.43,26.85,NORMAL,0
2026-04-17T09:00:00,DG-001,106.71,1.087,429.4,94.4,37.9,106.78,22.05,FAILURE_PRECURSOR,1
2026-04-17T10:00:00,DG-001,81.16,0.223,332.6,66.3,56.4,75.23,27.11,NORMAL,0
2026-04-17T11:00:00,DG-001,81.65,0.289,363.1,73.4,86.3,75.55,26.97,NORMAL,0
2026-04-17T12:00:00,DG-001,96.24,0.508,425.0,89.4,79.3,88.37,25.59,WARNING,0
2026-04-17T13:00:00,DG-001,114.37,1.369,406.7,86.9,13.1,106.16,21.44,FAILURE_PRECURSOR,1
2026-04-17T14:00:00,DG-001,81.03,0.166,250.8,50.4,87.2,75.09,27.68,NORMAL,0
2026-04-17T15:00:00,DG-001,78.26,0.144,274.5,54.7,40.9,74.03,27.7,NORMAL,0
2026-04-17T16:00:00,DG-001,83.44,0.164,340.3,67.7,82.5,75.75,26.82,NORMAL,0
2026-04-17T17:00:00,DG-001,81.76,0.324,340.1,68.6,47.2,75.51,26.44,NORMAL,0
2026-04-17T18:00:00,DG-001,85.07,0.316,411.3,82.9,69.9,77.54,27.81,NORMAL,0
2026-04-17T19:00:00,DG-001,98.11,0.588,364.8,78.4,73.4,89.18,25.22,WARNING,0
2026-04-17T20:00:00,DG-001,94.87,0.622,406.2,81.3,27.1,91.64,24.25,WARNING,0
2026-04-17T21:00:00,DG-001,78.94,0.258,265.3,52.7,41.7,75.9,25.47,NORMAL,0
2026-04-17T22:00:00,DG-001,80.95,0.195,313.8,64.0,71.0,75.84,25.24,NORMAL,0
2026-04-17T23:00:00,DG-001,85.49,0.316,408.8,82.7,59.3,75.74,27.71,NORMAL,0
2026-04-18T00:00:00,DG-001,81.6,0.238,267.8,55.1,71.2,74.4,26.12,NORMAL,0
2026-04-18T01:00:00,DG-001,76.99,0.152,260.1,50.2,37.9,73.32,25.66,NORMAL,0
2026-04-18T02:00:00,DG-001,108.56,0.834,393.4,95.8,21.7,105.3,21.99,FAILURE_PRECURSOR,1
2026-04-18T03:00:00,DG-001,100.72,0.53,385.8,81.4,52.8,89.06,24.23,WARNING,0
2026-04-18T04:00:00,DG-001,113.56,1.524,454.9,101.5,19.5,102.5,23.63,FAILURE_PRECURSOR,1
2026-04-18T05:00:00,DG-001,107.75,0.859,420.5,87.4,11.1,103.06,20.09,FAILURE_PRECURSOR,1
2026-04-18T06:00:00,DG-001,84.21,0.264,416.2,84.2,39.2,77.3,25.35,NORMAL,0
2026-04-18T07:00:00,DG-001,80.83,0.24,352.1,69.3,30.6,75.64,27.39,NORMAL,0
2026-04-18T08:00:00,DG-001,79.66,0.241,290.4,56.6,97.3,72.9,26.0,NORMAL,0
2026-04-18T09:00:00,DG-001,83.55,0.213,408.9,81.6,89.1,77.17,26.26,NORMAL,0
2026-04-18T10:00:00,DG-001,81.93,0.352,348.8,70.0,45.7,75.11,25.84,NORMAL,0
2026-04-18T11:00:00,DG-001,109.46,1.141,522.9,101.7,37.3,104.46,20.22,FAILURE_PRECURSOR,1
2026-04-18T12:00:00,DG-001,82.15,0.275,265.7,54.9,52.8,74.87,26.86,NORMAL,0
2026-04-18T13:00:00,DG-001,82.05,0.234,373.3,74.1,53.5,76.97,26.89,NORMAL,0
2026-04-18T14:00:00,DG-001,82.53,0.334,377.0,74.2,60.9,75.6,26.63,NORMAL,0
2026-04-18T15:00:00,DG-001,82.27,0.253,347.8,70.1,38.7,76.05,26.08,NORMAL,0
2026-04-18T16:00:00,DG-001,83.38,0.14,342.8,70.3,91.3,75.12,25.29,NORMAL,0
2026-04-18T17:00:00,DG-001,80.44,0.266,250.6,50.1,99.5,73.76,25.07,NORMAL,0
2026-04-18T18:00:00,DG-001,82.7,0.19,374.8,74.9,26.9,75.86,26.75,NORMAL,0
2026-04-18T19:00:00,DG-001,94.68,0.631,411.4,85.9,73.8,89.95,25.51,WARNING,0
2026-04-18T20:00:00,DG-001,80.0,0.215,307.1,64.1,62.5,74.95,26.53,NORMAL,0
2026-04-18T21:00:00,DG-001,95.31,0.469,426.1,85.3,63.4,89.43,23.96,WARNING,0
2026-04-18T22:00:00,DG-001,83.77,0.256,324.1,62.0,25.8,74.49,26.25,NORMAL,0
2026-04-18T23:00:00,DG-001,82.95,0.26,388.6,77.7,36.1,75.56,25.32,NORMAL,0
2026-04-19T00:00:00,DG-001,114.89,0.907,413.2,97.4,48.7,103.8,22.61,FAILURE_PRECURSOR,1
2026-04-19T01:00:00,DG-001,98.8,0.654,457.2,94.5,45.5,91.1,24.55,WARNING,0
2026-04-19T02:00:00,DG-001,95.0,0.609,395.4,78.6,75.3,87.01,25.31,WARNING,0
2026-04-19T03:00:00,DG-001,81.21,0.173,254.4,51.5,90.8,74.25,26.14,NORMAL,0
2026-04-19T04:00:00,DG-001,81.21,0.275,330.9,65.9,44.8,72.98,27.6,NORMAL,0
2026-04-19T05:00:00,DG-001,82.23,0.318,335.7,65.6,55.2,75.06,25.84,NORMAL,0
2026-04-19T06:00:00,DG-001,83.14,0.315,382.3,75.8,77.1,76.35,25.65,NORMAL,0
2026-04-19T07:00:00,DG-001,82.8,0.332,392.3,78.6,25.4,76.43,27.33,NORMAL,0
2026-04-19T08:00:00,DG-001,83.81,0.297,429.6,84.1,59.9,76.29,26.11,NORMAL,0
2026-04-19T09:00:00,DG-001,80.41,0.344,281.6,56.1,57.9,74.98,27.7,NORMAL,0
2026-04-19T10:00:00,DG-001,96.09,0.428,448.2,93.5,46.9,87.98,24.76,WARNING,0
2026-04-19T11:00:00,DG-001,82.48,0.24,360.8,72.4,99.7,75.39,25.7,NORMAL,0
2026-04-19T12:00:00,DG-001,82.81,0.286,363.9,72.4,54.7,75.67,27.68,NORMAL,0
2026-04-19T13:00:00,DG-001,83.33,0.285,417.0,83.9,33.2,77.53,26.12,NORMAL,0
2026-04-19T14:00:00,DG-001,79.94,0.249,356.5,73.0,88.3,74.54,27.96,NORMAL,0
2026-04-19T15:00:00,DG-001,85.13,0.204,409.5,82.0,43.7,76.96,27.04,NORMAL,0
2026-04-19T16:00:00,DG-001,81.95,0.259,347.5,70.1,61.4,74.13,26.93,NORMAL,0
2026-04-19T17:00:00,DG-001,82.9,0.348,420.1,84.8,94.5,77.0,26.49,NORMAL,0
2026-04-19T18:00:00,DG-001,101.05,0.502,396.9,81.7,15.4,88.19,24.8,WARNING,0
2026-04-19T19:00:00,DG-001,79.61,0.243,275.9,57.3,31.6,73.54,27.61,NORMAL,0
2026-04-19T20:00:00,DG-001,81.9,0.339,420.9,83.3,70.6,76.32,26.94,NORMAL,0
2026-04-19T21:00:00,DG-001,81.54,0.127,320.4,66.2,49.2,75.77,27.28,NORMAL,0
2026-04-19T22:00:00,DG-001,81.9,0.283,316.4,62.2,63.1,74.93,26.9,NORMAL,0
2026-04-19T23:00:00,DG-001,82.39,0.264,331.0,66.1,39.4,75.4,26.63,NORMAL,0
2026-04-20T00:00:00,DG-001,80.45,0.19,274.6,55.0,80.8,74.66,27.01,NORMAL,0
2026-04-20T01:00:00,DG-001,81.61,0.262,331.2,66.6,61.1,75.15,26.76,NORMAL,0
2026-04-20T02:00:00,DG-001,94.31,0.513,384.3,79.6,17.2,90.14,24.21,WARNING,0
2026-04-20T03:00:00,DG-001,101.19,0.555,458.4,94.4,67.1,89.3,25.35,WARNING,0
2026-04-20T04:00:00,DG-001,116.18,1.142,434.0,97.8,6.9,101.12,23.49,FAILURE_PRECURSOR,1
2026-04-20T05:00:00,DG-001,106.44,0.978,523.5,109.8,21.7,104.6,22.87,FAILURE_PRECURSOR,1
2026-04-20T06:00:00,DG-001,81.85,0.315,345.1,69.1,88.7,76.03,25.61,NORMAL,0
2026-04-20T07:00:00,DG-001,83.75,0.284,413.7,82.9,59.1,76.34,27.98,NORMAL,0
2026-04-20T08:00:00,DG-001,80.24,0.212,366.5,74.3,40.6,76.21,25.54,NORMAL,0
2026-04-20T09:00:00,DG-001,95.74,0.57,380.8,81.5,45.6,87.9,24.09,WARNING,0
2026-04-20T10:00:00,DG-001,99.79,0.628,382.9,81.5,53.2,87.53,25.46,WARNING,0
2026-04-20T11:00:00,DG-001,83.04,0.196,301.0,60.6,92.1,76.0,25.55,NORMAL,0
2026-04-20T12:00:00,DG-001,80.68,0.183,257.7,52.4,38.9,74.11,25.18,NORMAL,0
2026-04-20T13:00:00,DG-001,83.19,0.231,420.1,84.8,90.0,77.6,26.16,NORMAL,0
2026-04-20T14:00:00,DG-001,81.32,0.265,276.5,56.9,76.1,76.0,25.71,NORMAL,0
2026-04-20T15:00:00,DG-001,79.93,0.325,332.7,66.0,38.7,75.91,27.17,NORMAL,0
2026-04-20T16:00:00,DG-001,108.76,1.162,460.8,101.6,24.3,102.73,20.66,FAILURE_PRECURSOR,1
2026-04-20T17:00:00,DG-001,83.26,0.227,372.9,75.2,70.0,74.11,27.32,NORMAL,0
2026-04-20T18:00:00,DG-001,82.56,0.145,323.7,63.5,31.7,74.18,26.74,NORMAL,0
2026-04-20T19:00:00,DG-001,81.31,0.094,297.0,57.8,95.7,74.66,25.57,NORMAL,0
2026-04-20T20:00:00,DG-001,82.54,0.251,309.5,60.5,81.3,74.16,27.65,NORMAL,0
2026-04-20T21:00:00,DG-001,83.94,0.314,391.2,79.0,23.7,76.2,26.38,NORMAL,0
2026-04-20T22:00:00,DG-001,83.72,0.184,351.2,70.5,26.4,76.89,27.7,NORMAL,0
2026-04-20T23:00:00,DG-001,96.37,0.492,423.9,91.6,59.4,89.83,23.99,WARNING,0
2026-04-21T00:00:00,DG-001,82.27,0.276,338.7,66.4,30.8,75.82,25.9,NORMAL,0
2026-04-21T01:00:00,DG-001,79.48,0.169,259.0,53.2,78.0,74.64,26.33,NORMAL,0
2026-04-21T02:00:00,DG-001,81.88,0.27,315.4,61.9,50.8,76.43,27.05,NORMAL,0
2026-04-21T03:00:00,DG-001,99.71,0.665,363.0,78.2,43.2,87.3,24.8,WARNING,0
2026-04-21T04:00:00,DG-001,95.08,0.463,417.6,83.6,58.4,90.6,24.97,WARNING,0
2026-04-21T05:00:00,DG-001,105.64,1.545,436.5,102.3,28.4,104.4,22.1,FAILURE_PRECURSOR,1
2026-04-21T06:00:00,DG-001,82.1,0.212,376.8,76.1,64.3,75.53,26.63,NORMAL,0
2026-04-21T07:00:00,DG-001,83.83,0.238,363.8,74.9,39.5,76.28,25.76,NORMAL,0
2026-04-21T08:00:00,DG-001,82.48,0.232,392.8,78.6,52.8,76.21,26.72,NORMAL,0
2026-04-21T09:00:00,DG-001,80.47,0.214,305.5,59.6,92.6,75.04,27.09,NORMAL,0
2026-04-21T10:00:00,DG-001,94.75,0.552,431.9,90.8,64.2,92.76,23.56,WARNING,0
2026-04-21T11:00:00,DG-001,82.24,0.224,350.9,71.7,38.0,76.1,26.46,NORMAL,0
2026-04-21T12:00:00,DG-001,81.94,0.156,369.7,73.7,44.7,74.62,27.46,NORMAL,0
2026-04-21T13:00:00,DG-001,112.69,1.476,444.3,100.1,34.5,103.83,22.95,FAILURE_PRECURSOR,1
2026-04-21T14:00:00,DG-001,82.29,0.153,305.8,62.5,52.7,73.93,25.62,NORMAL,0
2026-04-21T15:00:00,DG-001,80.46,0.211,421.7,83.7,57.4,75.42,27.06,NORMAL,0
2026-04-21T16:00:00,DG-001,83.14,0.281,406.0,82.1,26.2,78.74,25.97,NORMAL,0
2026-04-21T17:00:00,DG-001,82.94,0.243,391.8,78.6,81.8,76.66,25.55,NORMAL,0
2026-04-21T18:00:00,DG-001,78.57,0.134,285.1,56.7,62.8,75.48,26.22,NORMAL,0
2026-04-21T19:00:00,DG-001,107.44,0.84,362.2,87.8,26.8,102.56,20.23,FAILURE_PRECURSOR,1
2026-04-21T20:00:00,DG-001,110.02,1.085,430.7,95.7,22.4,104.75,21.5,FAILURE_PRECURSOR,1
2026-04-21T21:00:00,DG-001,79.29,0.214,337.2,67.9,24.7,74.56,26.53,NORMAL,0
2026-04-21T22:00:00,DG-001,82.24,0.27,413.9,83.2,80.0,76.82,27.22,NORMAL,0
2026-04-21T23:00:00,DG-001,82.92,0.23,376.2,75.6,60.2,75.17,27.83,NORMAL,0
2026-04-22T00:00:00,DG-001,105.91,1.304,391.4,87.2,43.1,105.46,20.66,FAILURE_PRECURSOR,1
2026-04-22T01:00:00,DG-001,78.86,0.216,255.9,51.2,36.0,73.28,27.15,NORMAL,0
2026-04-22T02:00:00,DG-001,82.57,0.295,295.0,59.3,41.1,74.84,27.79,NORMAL,0
2026-04-22T03:00:00,DG-001,84.55,0.219,358.1,71.5,84.6,74.12,27.24,NORMAL,0
2026-04-22T04:00:00,DG-001,82.06,0.266,253.9,50.1,43.8,73.77,27.9,NORMAL,0
2026-04-22T05:00:00,DG-001,78.29,0.246,287.3,57.4,70.0,73.02,26.92,NORMAL,0
2026-04-22T06:00:00,DG-001,81.86,0.161,287.6,55.6,48.0,74.48,27.97,NORMAL,0
2026-04-22T07:00:00,DG-001,107.0,1.386,383.2,87.4,31.7,102.59,22.28,FAILURE_PRECURSOR,1
2026-04-22T08:00:00,DG-001,99.69,0.536,421.8,87.3,68.5,87.87,24.2,WARNING,0
2026-04-22T09:00:00,DG-001,79.75,0.219,268.0,54.5,80.9,73.71,26.78,NORMAL,0
2026-04-22T10:00:00,DG-001,81.27,0.242,349.3,70.2,50.9,76.11,26.56,NORMAL,0
2026-04-22T11:00:00,DG-001,85.83,0.252,364.6,72.2,55.7,73.62,26.92,NORMAL,0
2026-04-22T12:00:00,DG-001,81.72,0.269,318.6,63.2,54.3,75.95,27.12,NORMAL,0
2026-04-22T13:00:00,DG-001,86.23,0.361,414.6,83.7,83.4,76.02,27.86,NORMAL,0
2026-04-22T14:00:00,DG-001,83.51,0.259,430.3,84.4,25.9,75.88,26.68,NORMAL,0
2026-04-22T15:00:00,DG-001,82.3,0.258,349.9,69.3,68.5,76.02,26.72,NORMAL,0
2026-04-22T16:00:00,DG-001,82.55,0.252,401.8,80.0,73.5,76.37,25.49,NORMAL,0
2026-04-22T17:00:00,DG-001,82.71,0.162,298.5,60.0,81.1,74.36,27.89,NORMAL,0
2026-04-22T18:00:00,DG-001,81.47,0.235,427.0,83.3,50.9,74.23,25.7,NORMAL,0
2026-04-22T19:00:00,DG-001,80.55,0.203,348.7,68.5,50.8,76.08,27.89,NORMAL,0
2026-04-22T20:00:00,DG-001,115.8,1.31,455.3,105.5,9.8,106.04,23.8,FAILURE_PRECURSOR,1
2026-04-22T21:00:00,DG-001,84.09,0.161,307.3,61.6,67.4,75.8,27.96,NORMAL,0
2026-04-22T22:00:00,DG-001,80.53,0.215,277.3,56.7,80.0,74.47,26.3,NORMAL,0
2026-04-22T23:00:00,DG-001,79.5,0.145,279.3,55.7,25.0,73.75,26.82,NORMAL,0
2026-04-23T00:00:00,DG-001,82.46,0.132,317.6,64.5,33.0,73.36,27.39,NORMAL,0
2026-04-23T01:00:00,DG-001,83.4,0.189,332.5,67.7,84.2,78.12,27.0,NORMAL,0
2026-04-23T02:00:00,DG-001,105.66,0.875,458.0,100.7,35.2,108.39,21.65,FAILURE_PRECURSOR,1
2026-04-23T03:00:00,DG-001,81.85,0.189,319.0,65.3,27.4,76.52,25.35,NORMAL,0
2026-04-23T04:00:00,DG-001,79.91,0.181,344.4,69.1,76.2,76.88,27.67,NORMAL,0
2026-04-23T05:00:00,DG-001,81.72,0.208,361.8,73.5,68.9,76.47,26.95,NORMAL,0
2026-04-23T06:00:00,DG-001,79.84,0.32,287.2,58.3,81.6,75.86,25.86,NORMAL,0
2026-04-23T07:00:00,DG-001,83.19,0.279,367.0,73.5,33.8,76.41,26.73,NORMAL,0
2026-04-23T08:00:00,DG-001,81.32,0.238,387.8,78.0,87.6,76.78,26.6,NORMAL,0
2026-04-23T09:00:00,DG-001,80.67,0.287,389.6,79.1,23.6,77.49,26.14,NORMAL,0
2026-04-23T10:00:00,DG-001,83.66,0.295,421.0,82.5,57.3,75.57,27.57,NORMAL,0
2026-04-23T11:00:00,DG-001,83.76,0.284,388.0,76.4,41.7,77.11,25.31,NORMAL,0
2026-04-23T12:00:00,DG-001,82.37,0.153,273.1,54.8,84.2,74.3,27.46,NORMAL,0
2026-04-23T13:00:00,DG-001,111.06,1.581,449.8,109.9,18.5,104.92,23.03,FAILURE_PRECURSOR,1
2026-04-23T14:00:00,DG-001,96.52,0.552,424.4,85.7,85.3,89.55,23.8,WARNING,0
2026-04-23T15:00:00,DG-001,98.63,0.636,408.8,89.6,80.0,89.84,23.57,WARNING,0
2026-04-23T16:00:00,DG-001,79.29,0.322,287.9,57.5,27.7,73.37,25.84,NORMAL,0
2026-04-23T17:00:00,DG-001,81.89,0.214,355.8,70.7,31.8,75.13,26.32,NORMAL,0
2026-04-23T18:00:00,DG-001,80.23,0.28,300.5,60.4,22.4,73.7,26.67,NORMAL,0
2026-04-23T19:00:00,DG-001,82.68,0.299,321.1,63.8,76.0,73.01,26.16,NORMAL,0
2026-04-23T20:00:00,DG-001,82.35,0.258,268.8,52.9,34.0,73.92,27.53,NORMAL,0
2026-04-23T21:00:00,DG-001,111.89,1.204,449.8,96.0,16.6,106.14,20.92,FAILURE_PRECURSOR,1
2026-04-23T22:00:00,DG-001,82.73,0.24,403.5,80.1,22.7,76.49,25.02,NORMAL,0
2026-04-23T23:00:00,DG-001,81.24,0.176,286.4,56.6,37.4,74.61,27.08,NORMAL,0
2026-04-24T00:00:00,DG-001,98.84,0.659,427.7,88.4,63.9,90.4,24.1,WARNING,0
2026-04-24T01:00:00,DG-001,78.58,0.214,294.7,58.3,95.3,74.65,27.52,NORMAL,0
2026-04-24T02:00:00,DG-001,97.6,0.463,399.2,82.1,49.9,88.15,25.56,WARNING,0
2026-04-24T03:00:00,DG-001,80.86,0.182,246.3,50.8,49.2,72.97,27.29,NORMAL,0
2026-04-24T04:00:00,DG-001,97.41,0.604,383.5,77.0,64.9,86.71,24.21,WARNING,0
2026-04-24T05:00:00,DG-001,103.79,1.196,413.4,85.5,31.4,105.95,21.92,FAILURE_PRECURSOR,1
2026-04-24T06:00:00,DG-001,96.63,0.61,384.8,81.2,88.5,88.71,24.07,WARNING,0
2026-04-24T07:00:00,DG-001,108.2,1.118,400.2,90.6,19.9,108.18,23.6,FAILURE_PRECURSOR,1
2026-04-24T08:00:00,DG-001,94.48,0.413,358.3,76.9,82.3,87.7,24.18,WARNING,0
2026-04-24T09:00:00,DG-001,82.23,0.246,379.7,74.7,69.4,76.18,26.23,NORMAL,0
2026-04-24T10:00:00,DG-001,112.57,1.202,446.9,104.7,30.6,105.4,20.51,FAILURE_PRECURSOR,1
2026-04-24T11:00:00,DG-001,84.34,0.137,330.3,68.1,72.0,78.19,27.85,NORMAL,0
2026-04-24T12:00:00,DG-001,85.05,0.31,349.7,68.6,47.0,74.26,25.1,NORMAL,0
2026-04-24T13:00:00,DG-001,80.7,0.178,266.1,52.2,95.0,74.15,25.57,NORMAL,0
2026-04-24T14:00:00,DG-001,80.41,0.22,325.6,64.4,34.8,74.88,26.49,NORMAL,0
2026-04-24T15:00:00,DG-001,82.07,0.233,392.6,79.3,77.3,74.62,27.53,NORMAL,0
2026-04-24T16:00:00,DG-001,83.95,0.228,356.8,71.9,65.1,75.33,26.85,NORMAL,0
2026-04-24T17:00:00,DG-001,82.85,0.226,422.4,84.7,65.8,76.99,27.94,NORMAL,0
2026-04-24T18:00:00,DG-001,106.47,1.149,490.3,96.1,43.9,104.61,21.47,FAILURE_PRECURSOR,1
2026-04-24T19:00:00,DG-001,85.24,0.243,324.3,65.4,75.0,73.58,26.45,NORMAL,0
2026-04-24T20:00:00,DG-001,97.54,0.459,440.9,89.8,73.4,88.25,25.55,WARNING,0
2026-04-24T21:00:00,DG-001,93.27,0.578,377.3,80.4,25.7,87.56,25.05,WARNING,0
2026-04-24T22:00:00,DG-001,81.76,0.26,365.6,72.7,53.7,76.44,26.99,NORMAL,0
2026-04-24T23:00:00,DG-001,84.34,0.277,371.6,75.3,41.2,75.89,26.68,NORMAL,0
2026-04-25T00:00:00,DG-001,81.87,0.178,251.8,50.6,43.3,74.07,26.41,NORMAL,0
2026-04-25T01:00:00,DG-001,82.7,0.251,317.8,64.2,30.0,75.17,26.5,NORMAL,0
2026-04-25T02:00:00,DG-001,102.45,0.691,398.6,77.3,24.6,85.78,23.72,WARNING,0
2026-04-25T03:00:00,DG-001,100.21,0.583,431.3,88.8,37.8,89.03,24.76,WARNING,0
2026-04-25T04:00:00,DG-001,82.05,0.264,278.4,56.2,93.0,74.08,25.23,NORMAL,0
2026-04-25T05:00:00,DG-001,80.25,0.143,313.6,62.0,74.9,75.36,25.55,NORMAL,0
2026-04-25T06:00:00,DG-001,81.64,0.271,421.9,84.3,56.9,76.6,27.2,NORMAL,0
2026-04-25T07:00:00,DG-001,83.79,0.323,338.8,68.8,55.2,76.1,25.81,NORMAL,0
2026-04-25T08:00:00,DG-001,81.13,0.233,381.5,77.1,57.6,75.47,27.19,NORMAL,0
2026-04-25T09:00:00,DG-001,82.73,0.249,326.6,64.6,99.3,75.18,27.49,NORMAL,0
2026-04-25T10:00:00,DG-001,80.23,0.269,390.3,77.3,67.3,75.89,25.17,NORMAL,0
2026-04-25T11:00:00,DG-001,79.05,0.261,305.2,63.5,28.2,74.42,26.06,NORMAL,0
2026-04-25T12:00:00,DG-001,79.15,0.278,299.7,60.6,60.6,74.75,27.98,NORMAL,0
2026-04-25T13:00:00,DG-001,82.41,0.261,340.9,68.9,81.3,75.94,26.97,NORMAL,0
2026-04-25T14:00:00,DG-001,81.72,0.222,407.8,81.2,48.3,77.44,25.0,NORMAL,0
2026-04-25T15:00:00,DG-001,101.9,0.5,377.4,75.5,51.6,88.62,23.32,WARNING,0
2026-04-25T16:00:00,DG-001,79.5,0.339,271.5,53.6,65.6,73.44,25.88,NORMAL,0
2026-04-25T17:00:00,DG-001,110.89,1.589,431.9,90.4,18.5,105.14,20.36,FAILURE_PRECURSOR,1
2026-04-25T18:00:00,DG-001,81.11,0.227,310.5,63.0,47.0,75.67,25.39,NORMAL,0
2026-04-25T19:00:00,DG-001,96.74,0.616,376.6,77.1,24.9,86.31,24.78,WARNING,0
2026-04-25T20:00:00,DG-001,82.59,0.189,350.3,69.9,91.4,75.2,25.38,NORMAL,0
2026-04-25T21:00:00,DG-001,99.67,0.476,431.7,94.9,23.7,89.38,24.87,WARNING,0
2026-04-25T22:00:00,DG-001,80.16,0.302,267.2,52.5,56.9,74.49,27.22,NORMAL,0
2026-04-25T23:00:00,DG-001,109.59,1.047,421.7,96.4,30.1,110.48,20.96,FAILURE_PRECURSOR,1
2026-04-26T00:00:00,DG-001,97.4,0.515,397.4,80.3,80.3,87.18,25.17,WARNING,0
2026-04-26T01:00:00,DG-001,80.97,0.207,264.8,52.6,94.1,74.09,25.11,NORMAL,0
2026-04-26T02:00:00,DG-001,82.24,0.216,397.8,81.9,98.0,76.37,27.0,NORMAL,0
2026-04-26T03:00:00,DG-001,82.87,0.214,381.2,75.3,74.4,75.9,26.16,NORMAL,0
2026-04-26T04:00:00,DG-001,78.68,0.171,295.9,59.1,59.3,74.01,26.51,NORMAL,0
2026-04-26T05:00:00,DG-001,81.05,0.326,305.2,60.0,51.5,74.3,27.18,NORMAL,0
2026-04-26T06:00:00,DG-001,96.06,0.675,451.2,93.4,62.8,91.13,25.77,WARNING,0
2026-04-26T07:00:00,DG-001,105.37,0.849,405.4,87.3,7.3,103.92,22.01,FAILURE_PRECURSOR,1
2026-04-26T08:00:00,DG-001,80.35,0.211,293.0,58.6,25.4,75.6,27.01,NORMAL,0
2026-04-26T09:00:00,DG-001,82.16,0.291,353.6,70.5,36.2,75.87,25.23,NORMAL,0
2026-04-26T10:00:00,DG-001,80.58,0.148,331.9,65.5,42.4,75.13,25.31,NORMAL,0
2026-04-26T11:00:00,DG-001,83.27,0.257,373.6,74.4,56.1,77.35,25.64,NORMAL,0
2026-04-26T12:00:00,DG-001,83.09,0.282,394.8,79.3,32.5,76.37,25.22,NORMAL,0
2026-04-26T13:00:00,DG-001,83.19,0.157,332.0,64.0,42.2,76.0,26.42,NORMAL,0
2026-04-26T14:00:00,DG-001,107.57,1.21,404.0,87.2,30.3,106.9,21.08,FAILURE_PRECURSOR,1
2026-04-26T15:00:00,DG-001,80.66,0.147,318.5,63.6,98.9,75.65,26.11,NORMAL,0
2026-04-26T16:00:00,DG-001,80.41,0.243,312.1,62.3,88.8,75.37,27.27,NORMAL,0
2026-04-26T17:00:00,DG-001,84.51,0.363,365.6,71.7,56.5,75.44,25.62,NORMAL,0
2026-04-26T18:00:00,DG-001,82.95,0.247,341.2,67.4,68.1,75.18,27.7,NORMAL,0
2026-04-26T19:00:00,DG-001,82.56,0.284,361.6,72.2,24.2,73.64,26.88,NORMAL,0
2026-04-26T20:00:00,DG-001,95.56,0.492,324.9,75.1,77.3,87.62,23.92,WARNING,0
2026-04-26T21:00:00,DG-001,114.09,1.537,482.6,106.8,26.6,102.48,20.39,FAILURE_PRECURSOR,1
2026-04-26T22:00:00,DG-001,107.84,1.334,464.5,99.0,44.5,104.8,21.44,FAILURE_PRECURSOR,1
2026-04-26T23:00:00,DG-001,83.72,0.258,367.9,71.6,95.9,78.12,27.53,NORMAL,0
2026-04-27T00:00:00,DG-001,81.84,0.31,413.8,82.5,74.4,77.14,26.24,NORMAL,0
2026-04-27T01:00:00,DG-001,81.63,0.236,265.5,54.0,22.0,75.08,27.87,NORMAL,0
2026-04-27T02:00:00,DG-001,80.74,0.191,300.0,59.1,84.6,75.01,27.97,NORMAL,0
2026-04-27T03:00:00,DG-001,82.35,0.311,376.2,75.3,62.1,77.52,26.16,NORMAL,0
2026-04-27T04:00:00,DG-001,83.97,0.155,373.9,75.4,53.2,75.45,27.03,NORMAL,0
2026-04-27T05:00:00,DG-001,82.04,0.253,294.0,62.1,37.6,74.32,26.74,NORMAL,0
2026-04-27T06:00:00,DG-001,76.92,0.185,257.5,50.4,20.6,75.44,26.14,NORMAL,0
2026-04-27T07:00:00,DG-001,84.11,0.281,360.2,72.2,95.6,73.75,27.84,NORMAL,0
2026-04-27T08:00:00,DG-001,83.35,0.26,399.4,78.3,59.8,76.14,27.3,NORMAL,0
2026-04-27T09:00:00,DG-001,96.64,0.683,370.0,80.2,24.9,91.45,24.87,WARNING,0
2026-04-27T10:00:00,DG-001,82.49,0.207,372.8,74.7,38.4,75.33,26.62,NORMAL,0
2026-04-27T11:00:00,DG-001,80.7,0.251,387.0,77.2,73.8,75.07,27.78,NORMAL,0
2026-04-27T12:00:00,DG-001,98.12,0.58,337.0,76.0,58.5,87.97,23.79,WARNING,0
2026-04-27T13:00:00,DG-001,78.27,0.215,257.5,51.2,55.3,73.1,25.93,NORMAL,0
2026-04-27T14:00:00,DG-001,83.08,0.244,369.9,72.7,60.7,75.02,25.77,NORMAL,0
2026-04-27T15:00:00,DG-001,78.47,0.212,312.7,61.5,52.6,75.67,25.84,NORMAL,0
2026-04-27T16:00:00,DG-001,81.59,0.284,288.2,58.3,36.7,73.86,27.45,NORMAL,0
2026-04-27T17:00:00,DG-001,80.08,0.364,365.4,73.3,32.7,76.11,27.22,NORMAL,0
2026-04-27T18:00:00,DG-001,85.66,0.245,401.0,80.5,93.6,76.67,27.12,NORMAL,0
2026-04-27T19:00:00,DG-001,80.09,0.184,282.7,56.5,37.9,73.56,25.21,NORMAL,0
2026-04-27T20:00:00,DG-001,84.28,0.261,332.4,66.6,79.7,74.66,25.13,NORMAL,0
2026-04-27T21:00:00,DG-001,78.97,0.229,417.9,82.9,94.8,77.57,26.82,NORMAL,0
2026-04-27T22:00:00,DG-001,84.46,0.237,387.1,78.3,37.0,75.26,27.03,NORMAL,0
2026-04-27T23:00:00,DG-001,82.14,0.238,308.2,60.7,25.5,75.37,26.63,NORMAL,0
2026-04-28T00:00:00,DG-001,80.28,0.205,357.2,69.4,84.2,75.14,26.15,NORMAL,0
2026-04-28T01:00:00,DG-001,84.0,0.271,385.5,75.7,67.2,76.44,26.24,NORMAL,0
2026-04-28T02:00:00,DG-001,83.97,0.283,417.8,84.5,89.2,77.34,25.09,NORMAL,0
2026-04-28T03:00:00,DG-001,77.92,0.296,295.0,59.2,88.3,76.91,27.09,NORMAL,0
2026-04-28T04:00:00,DG-001,81.94,0.219,301.0,61.5,53.5,73.41,26.96,NORMAL,0
2026-04-28T05:00:00,DG-001,117.74,0.846,489.3,107.4,14.9,107.92,21.44,FAILURE_PRECURSOR,1
2026-04-28T06:00:00,DG-001,112.44,1.323,428.0,95.7,22.4,103.67,23.27,FAILURE_PRECURSOR,1
2026-04-28T07:00:00,DG-001,81.83,0.208,291.2,57.3,95.5,74.74,27.71,NORMAL,0
2026-04-28T08:00:00,DG-001,98.69,0.521,337.5,75.1,71.8,87.47,24.33,WARNING,0
2026-04-28T09:00:00,DG-001,80.08,0.172,282.7,57.6,49.9,73.92,26.01,NORMAL,0
2026-04-28T10:00:00,DG-001,87.03,0.301,417.4,84.0,40.3,75.85,26.67,NORMAL,0
2026-04-28T11:00:00,DG-001,85.44,0.293,400.4,79.3,80.8,76.04,26.27,NORMAL,0
2026-04-28T12:00:00,DG-001,94.04,0.569,380.3,76.9,54.4,88.71,23.44,WARNING,0
2026-04-28T13:00:00,DG-001,99.86,0.427,385.7,81.4,32.6,87.5,23.0,WARNING,0
2026-04-28T14:00:00,DG-001,81.53,0.156,269.6,53.2,54.7,74.29,26.38,NORMAL,0
2026-04-28T15:00:00,DG-001,82.7,0.194,328.5,65.8,84.0,77.42,25.83,NORMAL,0
2026-04-28T16:00:00,DG-001,82.92,0.271,363.4,72.8,79.6,76.38,25.93,NORMAL,0
2026-04-28T17:00:00,DG-001,77.72,0.189,264.6,51.6,36.1,75.23,27.11,NORMAL,0
2026-04-28T18:00:00,DG-001,80.92,0.18,424.8,83.5,36.5,76.8,25.72,NORMAL,0
2026-04-28T19:00:00,DG-001,85.13,0.198,403.3,80.1,66.6,74.82,25.31,NORMAL,0
2026-04-28T20:00:00,DG-001,84.54,0.248,380.4,73.8,72.4,78.16,27.07,NORMAL,0
2026-04-28T21:00:00,DG-001,81.03,0.177,273.2,55.5,40.2,74.56,26.66,NORMAL,0
2026-04-28T22:00:00,DG-001,83.44,0.25,414.3,81.5,82.4,77.68,26.84,NORMAL,0
2026-04-28T23:00:00,DG-001,79.83,0.165,299.7,61.2,49.4,73.06,26.33,NORMAL,0
2026-04-29T00:00:00,DG-001,82.14,0.185,358.7,71.1,68.2,75.38,25.2,NORMAL,0
2026-04-29T01:00:00,DG-001,106.58,1.457,404.2,87.5,45.6,102.2,22.57,FAILURE_PRECURSOR,1
2026-04-29T02:00:00,DG-001,80.83,0.181,305.5,61.0,62.6,74.97,27.17,NORMAL,0
2026-04-29T03:00:00,DG-001,98.06,0.484,399.6,84.0,69.5,90.69,23.78,WARNING,0
2026-04-29T04:00:00,DG-001,102.12,0.575,459.1,93.4,38.3,90.52,23.77,WARNING,0
2026-04-29T05:00:00,DG-001,79.7,0.107,261.9,50.7,63.7,73.78,27.5,NORMAL,0
2026-04-29T06:00:00,DG-001,80.76,0.21,316.4,63.4,76.3,76.52,27.37,NORMAL,0
2026-04-29T07:00:00,DG-001,78.67,0.159,341.1,67.9,92.3,75.46,27.44,NORMAL,0
2026-04-29T08:00:00,DG-001,80.18,0.191,284.6,54.9,92.3,73.57,26.5,NORMAL,0
2026-04-29T09:00:00,DG-001,108.18,1.163,436.2,89.1,35.2,103.64,23.53,FAILURE_PRECURSOR,1
2026-04-29T10:00:00,DG-001,99.42,0.555,445.1,94.9,37.3,89.03,25.45,WARNING,0
2026-04-29T11:00:00,DG-001,110.1,1.174,422.6,102.6,35.9,111.59,20.12,FAILURE_PRECURSOR,1
2026-04-29T12:00:00,DG-001,81.77,0.227,391.7,77.7,55.7,76.3,27.93,NORMAL,0
2026-04-29T13:00:00,DG-001,80.28,0.162,271.4,55.5,24.1,76.29,25.82,NORMAL,0
2026-04-29T14:00:00,DG-001,81.64,0.287,399.7,79.9,75.6,74.6,25.58,NORMAL,0
2026-04-29T15:00:00,DG-001,82.16,0.283,360.3,71.1,69.0,73.36,26.61,NORMAL,0
2026-04-29T16:00:00,DG-001,82.52,0.169,316.4,64.6,36.5,74.77,27.68,NORMAL,0
2026-04-29T17:00:00,DG-001,79.49,0.193,301.5,60.9,41.8,74.89,25.42,NORMAL,0
2026-04-29T18:00:00,DG-001,80.62,0.208,279.0,54.4,40.6,72.89,26.66,NORMAL,0
2026-04-29T19:00:00,DG-001,83.98,0.263,358.9,72.8,27.7,77.0,26.68,NORMAL,0
2026-04-29T20:00:00,DG-001,95.97,0.454,455.4,94.5,28.2,90.86,25.81,WARNING,0
2026-04-29T21:00:00,DG-001,97.12,0.511,377.1,76.2,42.0,88.37,24.81,WARNING,0
2026-04-29T22:00:00,DG-001,82.16,0.225,393.3,78.9,36.4,76.1,26.05,NORMAL,0
2026-04-29T23:00:00,DG-001,98.44,0.591,376.0,79.4,42.9,89.73,24.97,WARNING,0
2026-04-30T00:00:00,DG-001,80.33,0.161,292.0,58.9,59.8,75.26,27.6,NORMAL,0
2026-04-30T01:00:00,DG-001,80.43,0.181,361.4,73.2,84.6,76.96,25.6,NORMAL,0
2026-04-30T02:00:00,DG-001,101.56,0.553,411.7,85.0,66.5,88.92,25.66,WARNING,0
2026-04-30T03:00:00,DG-001,95.08,0.482,387.5,81.7,26.1,89.77,25.13,WARNING,0
2026-04-30T04:00:00,DG-001,97.81,0.609,386.4,86.0,37.8,86.36,25.26,WARNING,0
2026-04-30T05:00:00,DG-001,81.98,0.258,333.5,66.5,80.7,75.02,25.2,NORMAL,0
2026-04-30T06:00:00,DG-001,80.92,0.294,371.4,74.7,61.1,76.66,25.24,NORMAL,0
2026-04-30T07:00:00,DG-001,98.16,0.407,416.2,87.0,72.5,86.21,24.63,WARNING,0
2026-04-30T08:00:00,DG-001,78.05,0.269,323.9,65.4,84.2,74.78,25.54,NORMAL,0
2026-04-30T09:00:00,DG-001,83.22,0.188,413.2,83.5,47.8,77.28,27.31,NORMAL,0
2026-04-30T10:00:00,DG-001,84.37,0.279,353.9,71.3,73.1,75.91,26.37,NORMAL,0
2026-04-30T11:00:00,DG-001,80.77,0.172,313.2,61.0,92.0,75.09,25.04,NORMAL,0
2026-04-30T12:00:00,DG-001,81.33,0.195,397.6,80.4,82.3,76.78,27.47,NORMAL,0
2026-04-30T13:00:00,DG-001,79.21,0.235,289.6,57.4,91.3,73.42,27.97,NORMAL,0
2026-04-30T14:00:00,DG-001,83.14,0.23,342.7,68.8,27.7,75.3,26.9,NORMAL,0
2026-04-30T15:00:00,DG-001,81.81,0.231,321.3,64.8,68.6,73.9,25.4,NORMAL,0
2026-04-30T16:00:00,DG-001,82.66,0.165,328.0,66.9,54.8,75.5,26.22,NORMAL,0
2026-04-30T17:00:00,DG-001,112.53,1.388,487.7,106.2,12.9,108.89,22.33,FAILURE_PRECURSOR,1
2026-04-30T18:00:00,DG-001,80.68,0.181,299.4,61.1,86.8,76.06,27.23,NORMAL,0
2026-04-30T19:00:00,DG-001,97.6,0.504,401.1,83.3,86.2,88.12,24.13,WARNING,0
2026-04-30T20:00:00,DG-001,81.38,0.204,396.6,78.6,83.7,76.32,27.36,NORMAL,0
2026-04-30T21:00:00,DG-001,79.82,0.186,315.5,63.5,86.6,76.08,26.26,NORMAL,0
2026-04-30T22:00:00,DG-001,81.37,0.235,316.0,62.4,36.3,75.79,25.18,NORMAL,0
2026-04-30T23:00:00,DG-001,83.36,0.204,320.1,62.9,64.4,74.72,25.43,NORMAL,0
2026-05-01T00:00:00,DG-001,82.13,0.217,284.0,58.0,67.4,74.69,26.88,NORMAL,0
2026-05-01T01:00:00,DG-001,79.84,0.123,270.1,53.2,90.1,73.98,26.84,NORMAL,0
2026-05-01T02:00:00,DG-001,82.28,0.199,260.6,53.1,30.8,72.66,25.92,NORMAL,0
2026-05-01T03:00:00,DG-001,84.72,0.181,381.1,73.9,61.7,77.64,25.75,NORMAL,0
2026-05-01T04:00:00,DG-001,79.6,0.245,321.4,65.1,47.8,74.49,25.21,NORMAL,0
2026-05-01T05:00:00,DG-001,115.31,1.319,406.2,93.8,33.1,105.55,23.55,FAILURE_PRECURSOR,1
2026-05-01T06:00:00,DG-001,104.11,1.151,392.0,87.5,6.4,104.23,22.96,FAILURE_PRECURSOR,1
2026-05-01T07:00:00,DG-001,82.92,0.263,410.8,82.7,84.4,76.93,25.16,NORMAL,0
2026-05-01T08:00:00,DG-001,98.61,0.558,360.9,77.4,53.2,87.7,25.03,WARNING,0
2026-05-01T09:00:00,DG-001,111.04,0.984,453.8,95.0,20.9,103.63,21.99,FAILURE_PRECURSOR,1
2026-05-01T10:00:00,DG-001,82.79,0.248,281.0,54.7,24.6,73.81,25.22,NORMAL,0
2026-05-01T11:00:00,DG-001,80.54,0.185,322.0,65.7,53.0,76.62,26.67,NORMAL,0
2026-05-01T12:00:00,DG-001,82.13,0.23,257.4,52.6,37.8,72.63,27.45,NORMAL,0
2026-05-01T13:00:00,DG-001,83.48,0.319,336.6,67.5,39.1,75.51,26.28,NORMAL,0
2026-05-01T14:00:00,DG-001,97.85,0.476,439.7,92.5,88.0,88.78,24.61,WARNING,0
2026-05-01T15:00:00,DG-001,79.74,0.197,286.6,57.7,99.8,75.22,25.18,NORMAL,0
2026-05-01T16:00:00,DG-001,80.85,0.307,340.1,69.0,94.1,73.49,25.8,NORMAL,0
2026-05-01T17:00:00,DG-001,81.02,0.197,325.2,65.3,52.5,74.73,27.08,NORMAL,0
2026-05-01T18:00:00,DG-001,97.37,0.458,452.2,89.2,60.0,89.54,24.9,WARNING,0
2026-05-01T19:00:00,DG-001,78.82,0.251,252.3,52.0,58.4,74.58,27.52,NORMAL,0
2026-05-01T20:00:00,DG-001,83.23,0.281,389.3,77.8,68.8,76.16,26.86,NORMAL,0
2026-05-01T21:00:00,DG-001,108.93,1.401,362.1,91.2,32.5,108.28,21.81,FAILURE_PRECURSOR,1
2026-05-01T22:00:00,DG-001,95.15,0.609,373.3,78.6,16.0,90.02,23.97,WARNING,0
2026-05-01T23:00:00,DG-001,94.48,0.55,373.5,81.6,64.7,89.66,24.18,WARNING,0
2026-05-02T00:00:00,DG-001,82.16,0.277,308.7,60.4,96.6,75.99,27.92,NORMAL,0
2026-05-02T01:00:00,DG-001,96.72,0.666,372.4,75.2,72.8,85.26,23.11,WARNING,0
2026-05-02T02:00:00,DG-001,82.29,0.275,322.4,64.4,72.4,74.88,27.91,NORMAL,0
2026-05-02T03:00:00,DG-001,78.17,0.288,314.6,62.4,72.8,75.36,26.02,NORMAL,0
2026-05-02T04:00:00,DG-001,81.41,0.133,300.5,59.7,27.6,74.38,25.21,NORMAL,0
2026-05-02T05:00:00,DG-001,76.75,0.179,267.1,54.1,51.4,74.89,27.81,NORMAL,0
2026-05-02T06:00:00,DG-001,82.31,0.214,328.0,64.8,83.8,73.38,25.72,NORMAL,0
2026-05-02T07:00:00,DG-001,99.46,0.569,404.0,80.9,65.3,90.19,23.25,WARNING,0
2026-05-02T08:00:00,DG-001,84.37,0.204,325.0,65.3,98.8,74.44,26.81,NORMAL,0
2026-05-02T09:00:00,DG-001,83.48,0.314,392.4,79.7,45.5,76.07,26.36,NORMAL,0
2026-05-02T10:00:00,DG-001,83.49,0.169,396.2,80.1,61.6,75.07,25.69,NORMAL,0
2026-05-02T11:00:00,DG-001,81.78,0.222,298.3,60.3,68.0,75.18,25.71,NORMAL,0
2026-05-02T12:00:00,DG-001,98.11,0.68,398.0,83.2,28.5,88.49,23.78,WARNING,0
2026-05-02T13:00:00,DG-001,85.24,0.364,416.8,81.8,33.6,75.22,27.84,NORMAL,0
2026-05-02T14:00:00,DG-001,77.99,0.143,256.5,51.2,51.4,71.28,27.27,NORMAL,0
2026-05-02T15:00:00,DG-001,82.24,0.286,399.4,78.9,46.1,75.78,25.24,NORMAL,0
2026-05-02T16:00:00,DG-001,80.21,0.15,286.0,56.5,25.9,75.01,27.94,NORMAL,0
2026-05-02T17:00:00,DG-001,79.67,0.276,379.1,76.5,34.2,75.23,26.29,NORMAL,0
2026-05-02T18:00:00,DG-001,112.89,1.337,379.4,87.7,33.7,102.5,22.05,FAILURE_PRECURSOR,1
2026-05-02T19:00:00,DG-001,79.96,0.229,318.0,66.6,70.6,76.78,27.66,NORMAL,0
2026-05-02T20:00:00,DG-001,78.63,0.293,363.8,70.9,27.8,75.58,25.32,NORMAL,0
2026-05-02T21:00:00,DG-001,96.7,0.64,386.9,83.5,61.2,87.05,23.75,WARNING,0
2026-05-02T22:00:00,DG-001,98.19,0.435,402.3,84.0,35.1,84.55,23.29,WARNING,0
2026-05-02T23:00:00,DG-001,82.51,0.322,405.5,80.7,92.6,78.92,27.1,NORMAL,0
2026-05-03T00:00:00,DG-001,81.96,0.211,307.0,61.6,94.7,74.83,25.58,NORMAL,0
2026-05-03T01:00:00,DG-001,83.51,0.214,378.8,75.5,58.2,75.12,26.81,NORMAL,0
2026-05-03T02:00:00,DG-001,82.77,0.205,416.8,84.1,43.6,76.18,28.0,NORMAL,0
2026-05-03T03:00:00,DG-001,82.37,0.195,409.6,80.5,71.5,76.7,25.68,NORMAL,0
2026-05-03T04:00:00,DG-001,110.87,1.387,430.6,97.4,17.4,103.94,22.38,FAILURE_PRECURSOR,1
2026-05-03T05:00:00,DG-001,114.8,1.219,416.4,95.1,44.0,103.13,22.39,FAILURE_PRECURSOR,1
2026-05-03T06:00:00,DG-001,81.05,0.237,315.6,63.4,52.9,74.92,27.19,NORMAL,0
2026-05-03T07:00:00,DG-001,83.81,0.262,392.2,79.3,22.2,75.7,26.93,NORMAL,0
2026-05-03T08:00:00,DG-001,79.29,0.176,301.7,59.9,92.9,75.6,27.91,NORMAL,0
2026-05-03T09:00:00,DG-001,82.06,0.257,263.1,51.0,32.1,74.89,27.72,NORMAL,0
2026-05-03T10:00:00,DG-001,80.4,0.284,256.6,51.5,50.5,74.12,25.29,NORMAL,0
2026-05-03T11:00:00,DG-001,113.04,1.056,434.0,90.7,22.5,105.88,23.65,FAILURE_PRECURSOR,1
2026-05-03T12:00:00,DG-001,81.4,0.24,330.2,66.4,24.8,76.7,25.07,NORMAL,0
2026-05-03T13:00:00,DG-001,81.9,0.257,313.5,63.0,89.8,73.73,26.87,NORMAL,0
2026-05-03T14:00:00,DG-001,82.2,0.326,401.0,78.3,91.3,76.27,25.09,NORMAL,0
2026-05-03T15:00:00,DG-001,96.49,0.629,392.9,80.0,35.2,90.52,23.47,WARNING,0
2026-05-03T16:00:00,DG-001,82.56,0.313,395.9,80.3,20.7,77.05,27.19,NORMAL,0
2026-05-03T17:00:00,DG-001,80.51,0.274,335.3,67.2,97.1,75.93,26.38,NORMAL,0
2026-05-03T18:00:00,DG-001,82.63,0.268,390.6,79.0,78.1,75.88,26.87,NORMAL,0
2026-05-03T19:00:00,DG-001,80.7,0.198,343.5,68.6,80.8,77.33,25.16,NORMAL,0
2026-05-03T20:00:00,DG-001,82.93,0.286,393.4,79.2,90.1,76.14,25.6,NORMAL,0
2026-05-03T21:00:00,DG-001,78.84,0.22,249.5,50.9,72.7,74.53,27.86,NORMAL,0
2026-05-03T22:00:00,DG-001,81.51,0.213,331.9,62.6,28.7,75.47,27.66,NORMAL,0
2026-05-03T23:00:00,DG-001,83.07,0.231,399.8,79.2,36.1,77.22,26.42,NORMAL,0
2026-05-04T00:00:00,DG-001,100.67,0.451,440.5,88.6,31.7,90.17,25.66,WARNING,0
2026-05-04T01:00:00,DG-001,113.34,1.135,431.9,88.8,27.4,105.86,22.58,FAILURE_PRECURSOR,1
2026-05-04T02:00:00,DG-001,79.93,0.203,250.7,50.3,42.4,73.23,26.7,NORMAL,0
2026-05-04T03:00:00,DG-001,81.95,0.211,353.7,73.0,87.4,76.18,25.11,NORMAL,0
2026-05-04T04:00:00,DG-001,82.58,0.132,278.0,56.0,21.5,74.84,25.68,NORMAL,0
2026-05-04T05:00:00,DG-001,79.82,0.193,294.9,60.9,61.4,75.94,27.81,NORMAL,0
2026-05-04T06:00:00,DG-001,83.08,0.186,289.4,57.5,93.4,71.9,26.97,NORMAL,0
2026-05-04T07:00:00,DG-001,107.47,1.009,403.8,89.2,37.0,106.66,21.81,FAILURE_PRECURSOR,1
2026-05-04T08:00:00,DG-001,81.93,0.389,426.7,84.0,71.8,76.91,26.84,NORMAL,0
2026-05-04T09:00:00,DG-001,114.61,1.328,423.7,100.5,27.5,105.0,22.97,FAILURE_PRECURSOR,1
2026-05-04T10:00:00,DG-001,96.96,0.695,395.3,84.0,55.6,88.0,24.29,WARNING,0
2026-05-04T11:00:00,DG-001,79.23,0.292,298.7,58.5,50.0,75.27,27.28,NORMAL,0
2026-05-04T12:00:00,DG-001,80.55,0.218,326.5,65.7,72.5,74.19,26.69,NORMAL,0
2026-05-04T13:00:00,DG-001,82.61,0.273,368.2,73.4,89.7,74.71,26.63,NORMAL,0
2026-05-04T14:00:00,DG-001,82.39,0.352,318.9,64.8,72.9,75.35,25.95,NORMAL,0
2026-05-04T15:00:00,DG-001,82.56,0.288,304.8,60.8,40.2,74.02,25.44,NORMAL,0
2026-05-04T16:00:00,DG-001,81.24,0.232,269.1,53.8,96.6,74.36,27.62,NORMAL,0
2026-05-04T17:00:00,DG-001,81.92,0.204,327.2,66.8,23.0,75.71,27.39,NORMAL,0
2026-05-04T18:00:00,DG-001,95.11,0.475,366.0,75.5,83.6,86.11,24.53,WARNING,0
2026-05-04T19:00:00,DG-001,84.3,0.32,394.9,78.4,81.8,75.15,26.3,NORMAL,0
2026-05-04T20:00:00,DG-001,96.23,0.452,375.6,79.6,37.4,87.65,24.44,WARNING,0
2026-05-04T21:00:00,DG-001,81.45,0.187,369.4,73.3,73.1,77.07,25.98,NORMAL,0
2026-05-04T22:00:00,DG-001,99.05,0.609,424.1,86.8,44.2,88.91,25.46,WARNING,0
2026-05-04T23:00:00,DG-001,80.93,0.326,358.6,70.6,30.4,77.31,26.89,NORMAL,0
2026-05-05T00:00:00,DG-001,83.87,0.185,362.0,71.7,57.0,76.56,25.78,NORMAL,0
2026-05-05T01:00:00,DG-001,116.45,1.304,394.2,95.7,12.6,103.24,22.99,FAILURE_PRECURSOR,1
2026-05-05T02:00:00,DG-001,82.85,0.142,320.1,65.1,90.8,73.58,27.59,NORMAL,0
2026-05-05T03:00:00,DG-001,102.68,0.567,456.7,92.3,75.7,89.62,23.33,WARNING,0
2026-05-05T04:00:00,DG-001,101.62,0.457,424.8,91.4,25.0,87.58,24.52,WARNING,0
2026-05-05T05:00:00,DG-001,81.99,0.161,279.4,56.4,76.4,74.58,25.26,NORMAL,0
2026-05-05T06:00:00,DG-001,84.56,0.253,389.9,78.5,83.8,75.6,25.4,NORMAL,0
2026-05-05T07:00:00,DG-001,79.52,0.221,270.2,55.4,84.9,74.74,25.7,NORMAL,0
2026-05-05T08:00:00,DG-001,80.1,0.235,372.6,74.4,52.5,76.4,25.39,NORMAL,0
2026-05-05T09:00:00,DG-001,79.91,0.158,283.8,57.5,76.0,75.26,26.77,NORMAL,0
2026-05-05T10:00:00,DG-001,83.72,0.233,374.3,74.7,87.7,75.56,25.3,NORMAL,0
2026-05-05T11:00:00,DG-001,81.17,0.223,254.2,51.0,78.6,74.14,27.57,NORMAL,0
2026-05-05T12:00:00,DG-001,82.81,0.22,305.4,61.5,22.1,74.66,27.59,NORMAL,0
2026-05-05T13:00:00,DG-001,105.57,1.522,417.6,92.6,13.3,104.69,22.73,FAILURE_PRECURSOR,1
2026-05-05T14:00:00,DG-001,81.89,0.269,336.1,67.0,32.2,76.88,27.88,NORMAL,0
2026-05-05T15:00:00,DG-001,95.78,0.62,385.4,83.4,87.9,86.48,23.08,WARNING,0
2026-05-05T16:00:00,DG-001,99.72,0.432,353.4,76.9,37.5,83.37,23.65,WARNING,0
2026-05-05T17:00:00,DG-001,107.16,0.971,475.2,92.2,38.9,105.07,22.9,FAILURE_PRECURSOR,1
2026-05-05T18:00:00,DG-001,81.75,0.236,316.1,63.8,25.9,75.23,26.19,NORMAL,0
2026-05-05T19:00:00,DG-001,79.72,0.141,249.4,52.2,77.1,73.24,26.39,NORMAL,0
2026-05-05T20:00:00,DG-001,80.4,0.171,344.8,69.2,64.8,77.96,27.17,NORMAL,0
2026-05-05T21:00:00,DG-001,101.73,0.466,400.9,83.9,47.8,90.69,23.09,WARNING,0
2026-05-05T22:00:00,DG-001,81.28,0.249,422.5,83.9,82.0,76.02,25.72,NORMAL,0
2026-05-05T23:00:00,DG-001,80.92,0.241,296.8,59.0,55.5,74.2,26.55,NORMAL,0
2026-05-06T00:00:00,DG-001,83.43,0.223,395.7,79.2,71.8,75.43,27.66,NORMAL,0
2026-05-06T01:00:00,DG-001,80.64,0.298,342.3,67.7,99.6,76.12,27.93,NORMAL,0
2026-05-06T02:00:00,DG-001,83.39,0.318,411.8,82.6,46.7,76.28,25.48,NORMAL,0
2026-05-06T03:00:00,DG-001,99.3,0.543,412.4,79.7,64.6,89.86,25.81,WARNING,0
2026-05-06T04:00:00,DG-001,96.96,0.463,426.8,86.6,50.0,88.98,25.01,WARNING,0
2026-05-06T05:00:00,DG-001,82.65,0.233,342.1,69.4,96.6,77.46,26.9,NORMAL,0
2026-05-06T06:00:00,DG-001,79.76,0.365,409.2,80.9,63.5,74.64,27.4,NORMAL,0
2026-05-06T07:00:00,DG-001,101.98,0.444,477.8,94.4,35.0,87.88,23.92,WARNING,0
2026-05-06T08:00:00,DG-001,99.46,0.533,477.2,94.6,30.3,86.4,24.51,WARNING,0
2026-05-06T09:00:00,DG-001,117.1,1.345,466.2,103.9,42.2,105.55,20.32,FAILURE_PRECURSOR,1
2026-05-06T10:00:00,DG-001,110.14,1.022,424.0,99.5,18.5,104.75,23.59,FAILURE_PRECURSOR,1
2026-05-06T11:00:00,DG-001,84.58,0.284,409.0,83.1,55.0,77.99,25.39,NORMAL,0
2026-05-06T12:00:00,DG-001,80.61,0.235,319.7,64.2,93.6,74.84,26.84,NORMAL,0
2026-05-06T13:00:00,DG-001,82.07,0.227,354.2,70.7,32.9,75.62,27.37,NORMAL,0
2026-05-06T14:00:00,DG-001,97.39,0.5,431.0,88.1,52.5,88.84,23.65,WARNING,0
2026-05-06T15:00:00,DG-001,79.69,0.199,273.6,54.8,30.7,73.7,25.08,NORMAL,0
2026-05-06T16:00:00,DG-001,81.16,0.258,310.7,63.8,91.9,75.08,25.0,NORMAL,0
2026-05-06T17:00:00,DG-001,83.8,0.218,425.9,83.7,75.2,76.31,25.1,NORMAL,0
2026-05-06T18:00:00,DG-001,78.17,0.267,286.6,58.3,68.1,74.43,27.24,NORMAL,0
2026-05-06T19:00:00,DG-001,82.67,0.235,283.4,56.0,21.1,73.43,27.97,NORMAL,0
2026-05-06T20:00:00,DG-001,78.93,0.121,258.3,52.2,61.1,75.53,27.43,NORMAL,0
2026-05-06T21:00:00,DG-001,83.58,0.228,422.0,83.1,77.9,76.86,27.96,NORMAL,0
2026-05-06T22:00:00,DG-001,84.01,0.302,373.9,74.5,57.3,75.15,27.86,NORMAL,0
2026-05-06T23:00:00,DG-001,111.97,1.05,506.1,108.5,44.8,105.73,20.57,FAILURE_PRECURSOR,1
2026-05-07T00:00:00,DG-001,84.63,0.249,363.0,74.5,25.6,75.57,27.93,NORMAL,0
2026-05-07T01:00:00,DG-001,83.74,0.286,406.8,82.1,64.8,76.55,27.39,NORMAL,0
2026-05-07T02:00:00,DG-001,80.82,0.244,338.8,67.0,40.5,74.45,25.57,NORMAL,0
2026-05-07T03:00:00,DG-001,82.84,0.31,300.9,59.8,73.8,74.05,27.25,NORMAL,0
2026-05-07T04:00:00,DG-001,80.98,0.142,268.1,52.1,69.5,74.38,27.82,NORMAL,0
2026-05-07T05:00:00,DG-001,83.62,0.166,300.8,59.9,26.0,74.36,25.65,NORMAL,0
2026-05-07T06:00:00,DG-001,82.82,0.314,395.5,79.5,93.8,76.49,25.71,NORMAL,0
2026-05-07T07:00:00,DG-001,85.64,0.198,380.9,74.1,86.9,75.52,27.62,NORMAL,0
2026-05-07T08:00:00,DG-001,104.34,1.11,388.7,92.7,28.7,100.89,23.63,FAILURE_PRECURSOR,1
2026-05-07T09:00:00,DG-001,81.88,0.212,272.8,56.2,46.9,74.88,25.09,NORMAL,0
2026-05-07T10:00:00,DG-001,80.91,0.323,258.0,51.5,97.2,75.63,26.11,NORMAL,0
2026-05-07T11:00:00,DG-001,82.35,0.138,340.4,68.9,70.8,75.63,26.98,NORMAL,0
2026-05-07T12:00:00,DG-001,98.49,0.441,348.8,76.8,78.5,87.06,24.0,WARNING,0
2026-05-07T13:00:00,DG-001,98.52,0.661,424.5,87.9,67.1,91.57,25.94,WARNING,0
2026-05-07T14:00:00,DG-001,81.0,0.257,319.9,64.3,72.1,74.44,27.48,NORMAL,0
2026-05-07T15:00:00,DG-001,88.18,0.315,392.7,77.6,27.5,75.86,25.95,NORMAL,0
2026-05-07T16:00:00,DG-001,80.9,0.277,376.8,75.0,49.3,75.23,27.03,NORMAL,0
2026-05-07T17:00:00,DG-001,99.9,0.402,433.5,94.6,71.4,88.47,23.58,WARNING,0
2026-05-07T18:00:00,DG-001,99.86,0.412,387.6,77.2,56.0,85.49,25.38,WARNING,0
2026-05-07T19:00:00,DG-001,86.32,0.286,395.2,78.0,41.1,76.28,25.71,NORMAL,0
2026-05-07T20:00:00,DG-001,80.22,0.206,391.8,78.7,51.3,77.02,25.04,NORMAL,0
2026-05-07T21:00:00,DG-001,82.36,0.215,261.4,53.8,93.8,73.05,26.02,NORMAL,0
2026-05-07T22:00:00,DG-001,82.31,0.216,327.0,65.6,91.1,74.39,26.22,NORMAL,0
2026-05-07T23:00:00,DG-001,84.86,0.309,353.3,72.6,68.3,75.0,25.64,NORMAL,0
2026-05-08T00:00:00,DG-001,108.55,1.104,439.1,94.0,26.6,107.96,22.88,FAILURE_PRECURSOR,1
2026-05-08T01:00:00,DG-001,79.65,0.15,248.7,51.1,77.4,75.97,27.13,NORMAL,0
2026-05-08T02:00:00,DG-001,85.55,0.268,382.3,77.0,22.9,73.57,27.07,NORMAL,0
2026-05-08T03:00:00,DG-001,83.84,0.225,363.1,71.6,53.6,75.86,26.87,NORMAL,0
2026-05-08T04:00:00,DG-001,94.42,0.411,406.3,85.5,31.5,86.31,25.09,WARNING,0
2026-05-08T05:00:00,DG-001,107.8,1.508,419.1,93.0,19.2,103.08,23.73,FAILURE_PRECURSOR,1
2026-05-08T06:00:00,DG-001,83.73,0.274,394.3,78.7,78.6,75.72,26.91,NORMAL,0
2026-05-08T07:00:00,DG-001,78.87,0.136,260.5,52.6,64.3,74.74,25.28,NORMAL,0
2026-05-08T08:00:00,DG-001,81.36,0.304,301.1,59.7,44.1,74.6,27.24,NORMAL,0
2026-05-08T09:00:00,DG-001,82.49,0.196,282.3,56.6,25.9,75.44,26.94,NORMAL,0
2026-05-08T10:00:00,DG-001,80.04,0.2,340.9,69.9,96.7,74.9,25.38,NORMAL,0
2026-05-08T11:00:00,DG-001,81.19,0.27,339.7,68.4,80.6,75.13,26.12,NORMAL,0
2026-05-08T12:00:00,DG-001,81.87,0.175,263.3,54.1,61.1,74.3,27.22,NORMAL,0
2026-05-08T13:00:00,DG-001,80.55,0.217,327.7,65.4,94.8,75.07,25.58,NORMAL,0
2026-05-08T14:00:00,DG-001,80.16,0.175,307.6,60.1,24.2,74.44,26.93,NORMAL,0
2026-05-08T15:00:00,DG-001,79.95,0.246,281.4,57.3,93.3,75.13,26.94,NORMAL,0
2026-05-08T16:00:00,DG-001,81.83,0.122,273.3,55.9,60.7,73.11,25.45,NORMAL,0
2026-05-08T17:00:00,DG-001,108.08,0.835,395.4,94.8,19.6,106.53,20.98,FAILURE_PRECURSOR,1
2026-05-08T18:00:00,DG-001,80.28,0.3,389.6,78.7,71.1,75.92,27.8,NORMAL,0
2026-05-08T19:00:00,DG-001,82.99,0.244,363.8,73.2,58.8,76.27,27.16,NORMAL,0
2026-05-08T20:00:00,DG-001,81.73,0.251,378.8,74.5,47.9,77.37,25.43,NORMAL,0
2026-05-08T21:00:00,DG-001,83.94,0.237,266.3,54.9,25.5,73.66,27.43,NORMAL,0
2026-05-08T22:00:00,DG-001,79.2,0.162,254.9,51.4,74.0,74.48,27.34,NORMAL,0
2026-05-08T23:00:00,DG-001,80.33,0.23,346.4,69.1,85.9,76.39,27.64,NORMAL,0
2026-05-09T00:00:00,DG-001,81.08,0.202,286.7,57.3,30.8,75.71,25.31,NORMAL,0
2026-05-09T01:00:00,DG-001,98.87,0.648,448.7,93.6,40.9,92.72,24.23,WARNING,0
2026-05-09T02:00:00,DG-001,82.5,0.204,391.8,77.0,54.8,76.33,26.54,NORMAL,0
2026-05-09T03:00:00,DG-001,96.56,0.515,413.8,85.1,21.9,87.93,24.73,WARNING,0
2026-05-09T04:00:00,DG-001,83.76,0.263,324.8,64.9,59.7,74.53,27.27,NORMAL,0
2026-05-09T05:00:00,DG-001,84.53,0.29,409.3,81.5,76.1,77.5,27.5,NORMAL,0
2026-05-09T06:00:00,DG-001,81.84,0.22,375.3,76.7,33.5,75.22,25.96,NORMAL,0
2026-05-09T07:00:00,DG-001,82.41,0.193,254.6,50.7,78.4,74.33,26.25,NORMAL,0
2026-05-09T08:00:00,DG-001,81.9,0.271,262.1,51.9,88.3,75.39,25.47,NORMAL,0
2026-05-09T09:00:00,DG-001,81.72,0.306,390.3,78.3,92.5,75.93,26.38,NORMAL,0
2026-05-09T10:00:00,DG-001,96.84,0.64,434.8,89.4,26.1,88.58,25.12,WARNING,0
2026-05-09T11:00:00,DG-001,81.09,0.225,249.9,50.8,74.0,74.97,26.43,NORMAL,0
2026-05-09T12:00:00,DG-001,101.88,0.667,462.5,94.3,24.0,90.91,24.72,WARNING,0
2026-05-09T13:00:00,DG-001,83.57,0.319,391.4,78.7,53.7,76.24,25.98,NORMAL,0
2026-05-09T14:00:00,DG-001,83.32,0.216,411.7,82.5,61.1,77.7,28.0,NORMAL,0
2026-05-09T15:00:00,DG-001,82.88,0.176,342.6,69.5,42.9,74.51,25.21,NORMAL,0
2026-05-09T16:00:00,DG-001,83.26,0.277,336.5,67.5,28.3,74.92,25.86,NORMAL,0
2026-05-09T17:00:00,DG-001,82.34,0.236,310.6,60.5,91.6,74.54,25.44,NORMAL,0
2026-05-09T18:00:00,DG-001,80.19,0.18,285.0,56.7,50.4,74.57,27.38,NORMAL,0
2026-05-09T19:00:00,DG-001,83.02,0.282,368.4,71.8,30.7,76.51,27.24,NORMAL,0
2026-05-09T20:00:00,DG-001,81.98,0.303,361.4,74.1,42.8,74.68,27.79,NORMAL,0
2026-05-09T21:00:00,DG-001,82.39,0.217,287.5,56.6,25.8,73.93,27.73,NORMAL,0
2026-05-09T22:00:00,DG-001,97.75,0.612,366.7,80.1,69.8,87.32,25.73,WARNING,0
2026-05-09T23:00:00,DG-001,81.58,0.233,336.5,67.4,82.1,77.45,25.62,NORMAL,0
2026-05-10T00:00:00,DG-001,86.07,0.214,343.4,70.3,21.3,76.18,26.28,NORMAL,0
2026-05-10T01:00:00,DG-001,79.83,0.25,326.2,66.5,62.3,77.06,27.86,NORMAL,0
2026-05-10T02:00:00,DG-001,96.44,0.677,440.7,90.1,44.5,88.27,25.72,WARNING,0
2026-05-10T03:00:00,DG-001,81.23,0.342,413.3,83.3,63.5,77.65,25.53,NORMAL,0
2026-05-10T04:00:00,DG-001,84.89,0.249,398.0,78.9,50.8,74.55,25.63,NORMAL,0
2026-05-10T05:00:00,DG-001,95.69,0.41,393.7,79.3,64.1,88.39,23.79,WARNING,0
2026-05-10T06:00:00,DG-001,80.49,0.101,307.2,62.1,49.2,74.82,25.55,NORMAL,0
2026-05-10T07:00:00,DG-001,82.97,0.23,363.1,74.4,55.6,76.26,26.01,NORMAL,0
2026-05-10T08:00:00,DG-001,97.69,0.544,382.7,82.2,83.5,86.51,24.06,WARNING,0
2026-05-10T09:00:00,DG-001,109.8,1.358,469.3,104.4,26.6,108.6,22.43,FAILURE_PRECURSOR,1
2026-05-10T10:00:00,DG-001,103.88,1.37,433.5,85.6,5.5,102.2,22.7,FAILURE_PRECURSOR,1
2026-05-10T11:00:00,DG-001,81.45,0.175,282.3,56.6,66.4,72.93,25.74,NORMAL,0
2026-05-10T12:00:00,DG-001,82.93,0.242,309.3,61.6,29.8,74.4,25.97,NORMAL,0
2026-05-10T13:00:00,DG-001,80.87,0.169,297.4,57.9,87.3,75.24,25.78,NORMAL,0
2026-05-10T14:00:00,DG-001,110.08,0.856,486.7,97.5,15.3,103.52,23.96,FAILURE_PRECURSOR,1
2026-05-10T15:00:00,DG-001,80.61,0.162,302.8,60.0,87.2,74.49,27.69,NORMAL,0
2026-05-10T16:00:00,DG-001,80.57,0.226,260.0,52.4,66.1,72.46,25.67,NORMAL,0
2026-05-10T17:00:00,DG-001,81.0,0.095,278.1,54.9,54.9,73.9,26.86,NORMAL,0
2026-05-10T18:00:00,DG-001,81.25,0.276,284.9,58.1,41.5,74.74,26.19,NORMAL,0
2026-05-10T19:00:00,DG-001,112.19,1.332,493.9,102.1,17.7,104.71,22.85,FAILURE_PRECURSOR,1
2026-05-10T20:00:00,DG-001,81.55,0.177,319.1,65.1,99.8,73.93,26.43,NORMAL,0
2026-05-10T21:00:00,DG-001,78.59,0.242,281.6,56.4,34.8,74.13,26.28,NORMAL,0
2026-05-10T22:00:00,DG-001,96.97,0.408,384.3,77.6,51.4,85.12,25.19,WARNING,0
2026-05-10T23:00:00,DG-001,79.75,0.161,272.2,53.6,42.3,74.29,27.41,NORMAL,0
2026-05-11T00:00:00,DG-001,81.22,0.276,390.7,79.2,95.9,76.16,25.43,NORMAL,0
2026-05-11T01:00:00,DG-001,107.34,1.336,395.0,90.9,5.5,105.28,20.75,FAILURE_PRECURSOR,1
2026-05-11T02:00:00,DG-001,82.53,0.197,410.0,81.5,67.4,77.84,26.54,NORMAL,0
2026-05-11T03:00:00,DG-001,78.85,0.242,345.3,66.7,88.2,76.61,26.73,NORMAL,0
2026-05-11T04:00:00,DG-001,82.95,0.207,336.9,68.1,44.8,75.12,25.36,NORMAL,0
2026-05-11T05:00:00,DG-001,81.94,0.161,338.4,67.9,25.0,74.34,26.79,NORMAL,0
2026-05-11T06:00:00,DG-001,81.91,0.151,311.8,60.6,42.9,76.05,25.48,NORMAL,0
2026-05-11T07:00:00,DG-001,78.89,0.215,343.9,68.9,29.3,75.61,27.92,NORMAL,0
2026-05-11T08:00:00,DG-001,94.36,0.698,378.3,82.4,27.6,89.14,23.46,WARNING,0
2026-05-11T09:00:00,DG-001,116.08,0.901,412.4,96.3,20.1,102.91,22.04,FAILURE_PRECURSOR,1
2026-05-11T10:00:00,DG-001,79.81,0.201,278.4,55.8,48.0,74.66,27.27,NORMAL,0
2026-05-11T11:00:00,DG-001,82.27,0.244,296.1,60.2,35.6,74.01,27.04,NORMAL,0
2026-05-11T12:00:00,DG-001,80.73,0.325,268.1,53.3,37.4,73.45,26.34,NORMAL,0
2026-05-11T13:00:00,DG-001,80.65,0.249,333.5,67.2,42.2,76.35,26.79,NORMAL,0
2026-05-11T14:00:00,DG-001,80.18,0.266,373.2,75.3,47.0,74.62,25.44,NORMAL,0
2026-05-11T15:00:00,DG-001,81.18,0.222,393.5,79.1,82.7,76.25,27.08,NORMAL,0
2026-05-11T16:00:00,DG-001,79.42,0.306,351.9,70.8,61.4,77.22,27.03,NORMAL,0
2026-05-11T17:00:00,DG-001,81.2,0.234,351.8,71.2,90.4,75.32,27.51,NORMAL,0
2026-05-11T18:00:00,DG-001,81.01,0.163,292.4,56.5,52.2,74.59,25.92,NORMAL,0
2026-05-11T19:00:00,DG-001,83.31,0.236,350.8,71.4,92.4,77.38,25.79,NORMAL,0
2026-05-11T20:00:00,DG-001,81.39,0.247,300.1,61.4,36.3,75.07,27.5,NORMAL,0
2026-05-11T21:00:00,DG-001,83.17,0.275,267.1,56.7,56.4,75.69,25.19,NORMAL,0
2026-05-11T22:00:00,DG-001,79.94,0.163,291.3,59.6,94.6,73.73,27.94,NORMAL,0
2026-05-11T23:00:00,DG-001,84.27,0.265,415.2,84.3,36.5,77.24,27.07,NORMAL,0
2026-05-12T00:00:00,DG-001,80.25,0.25,290.7,58.0,28.0,74.66,25.44,NORMAL,0
2026-05-12T01:00:00,DG-001,80.41,0.185,339.7,69.7,23.4,74.86,27.75,NORMAL,0
2026-05-12T02:00:00,DG-001,82.33,0.17,387.5,78.3,66.4,75.8,25.87,NORMAL,0
2026-05-12T03:00:00,DG-001,96.45,0.593,363.2,82.3,44.2,87.03,24.76,WARNING,0
2026-05-12T04:00:00,DG-001,82.31,0.188,270.9,55.8,28.3,74.64,27.9,NORMAL,0
2026-05-12T05:00:00,DG-001,82.89,0.291,325.3,64.7,95.9,75.64,26.92,NORMAL,0
2026-05-12T06:00:00,DG-001,84.31,0.257,399.9,79.1,66.9,75.57,25.48,NORMAL,0
2026-05-12T07:00:00,DG-001,83.74,0.236,328.2,66.0,26.9,74.42,26.22,NORMAL,0
2026-05-12T08:00:00,DG-001,80.47,0.244,400.1,81.4,75.9,76.54,27.19,NORMAL,0
2026-05-12T09:00:00,DG-001,95.65,0.453,435.8,84.1,20.3,87.66,24.83,WARNING,0
2026-05-12T10:00:00,DG-001,82.68,0.228,416.5,83.8,57.4,78.13,25.54,NORMAL,0
2026-05-12T11:00:00,DG-001,81.25,0.253,325.4,65.8,79.3,75.59,26.18,NORMAL,0
2026-05-12T12:00:00,DG-001,85.1,0.255,351.1,70.6,33.6,75.35,25.61,NORMAL,0
2026-05-12T13:00:00,DG-001,79.12,0.251,388.9,77.9,41.9,76.72,25.5,NORMAL,0
2026-05-12T14:00:00,DG-001,81.96,0.142,342.9,67.5,36.4,76.08,27.13,NORMAL,0
2026-05-12T15:00:00,DG-001,78.86,0.254,341.0,69.0,80.7,76.61,27.94,NORMAL,0
2026-05-12T16:00:00,DG-001,84.48,0.264,320.8,67.8,41.7,74.94,26.1,NORMAL,0
2026-05-12T17:00:00,DG-001,109.73,1.423,450.6,92.9,13.0,105.26,22.2,FAILURE_PRECURSOR,1
2026-05-12T18:00:00,DG-001,82.7,0.284,340.3,70.1,22.6,78.13,25.1,NORMAL,0
2026-05-12T19:00:00,DG-001,80.62,0.245,294.0,56.8,50.9,76.32,25.35,NORMAL,0
2026-05-12T20:00:00,DG-001,80.18,0.178,358.7,71.8,68.9,75.11,27.46,NORMAL,0
2026-05-12T21:00:00,DG-001,81.41,0.223,255.8,51.4,71.8,74.41,26.4,NORMAL,0
2026-05-12T22:00:00,DG-001,84.16,0.289,360.3,72.6,59.0,74.77,27.49,NORMAL,0
2026-05-12T23:00:00,DG-001,82.11,0.243,265.7,52.7,27.5,74.77,25.42,NORMAL,0
2026-05-13T00:00:00,DG-001,84.63,0.281,407.1,79.9,42.1,76.44,27.42,NORMAL,0
2026-05-13T01:00:00,DG-001,95.97,0.423,387.1,79.7,74.8,87.53,24.25,WARNING,0
2026-05-13T02:00:00,DG-001,81.19,0.299,341.1,66.8,37.9,76.29,27.7,NORMAL,0
2026-05-13T03:00:00,DG-001,80.24,0.218,326.3,65.2,50.6,75.11,27.25,NORMAL,0
2026-05-13T04:00:00,DG-001,98.39,0.652,372.6,76.6,78.0,89.71,24.28,WARNING,0
2026-05-13T05:00:00,DG-001,81.61,0.262,380.1,76.8,93.4,78.31,27.09,NORMAL,0
2026-05-13T06:00:00,DG-001,98.89,0.648,385.5,79.4,22.6,86.57,25.65,WARNING,0
2026-05-13T07:00:00,DG-001,94.72,0.522,437.2,91.0,72.2,87.9,23.65,WARNING,0
2026-05-13T08:00:00,DG-001,83.68,0.453,423.4,84.5,53.2,76.91,26.19,NORMAL,0
2026-05-13T09:00:00,DG-001,80.38,0.246,359.8,73.2,45.1,75.58,25.5,NORMAL,0
2026-05-13T10:00:00,DG-001,82.57,0.246,261.0,54.4,97.1,74.52,27.98,NORMAL,0
2026-05-13T11:00:00,DG-001,95.66,0.407,388.8,80.3,77.5,85.9,23.54,WARNING,0
2026-05-13T12:00:00,DG-001,97.43,0.619,441.8,90.1,67.9,91.06,23.37,WARNING,0
2026-05-13T13:00:00,DG-001,104.36,0.875,381.8,86.1,41.3,101.58,21.16,FAILURE_PRECURSOR,1
2026-05-13T14:00:00,DG-001,80.38,0.303,341.1,67.0,21.2,74.64,27.34,NORMAL,0
2026-05-13T15:00:00,DG-001,78.75,0.167,292.2,57.5,65.0,75.1,25.58,NORMAL,0
2026-05-13T16:00:00,DG-001,83.03,0.248,331.8,67.7,29.4,77.03,25.49,NORMAL,0
2026-05-13T17:00:00,DG-001,81.88,0.159,302.4,60.5,56.3,73.2,26.45,NORMAL,0
2026-05-13T18:00:00,DG-001,97.03,0.5,382.2,79.3,56.8,87.08,24.0,WARNING,0
2026-05-13T19:00:00,DG-001,81.96,0.25,407.4,82.0,69.2,76.26,27.51,NORMAL,0
2026-05-13T20:00:00,DG-001,82.32,0.293,406.3,80.5,49.9,76.8,26.5,NORMAL,0
2026-05-13T21:00:00,DG-001,83.52,0.25,352.1,69.5,71.9,75.34,27.09,NORMAL,0
2026-05-13T22:00:00,DG-001,83.24,0.22,360.9,72.6,82.6,73.33,26.08,NORMAL,0
2026-05-13T23:00:00,DG-001,81.57,0.325,398.3,81.7,42.4,76.89,27.24,NORMAL,0
2026-05-14T00:00:00,DG-001,81.61,0.114,300.8,61.1,48.9,74.75,26.73,NORMAL,0
2026-05-14T01:00:00,DG-001,82.3,0.275,345.1,69.8,72.2,74.51,26.51,NORMAL,0
2026-05-14T02:00:00,DG-001,80.39,0.225,307.9,60.2,74.1,73.65,27.48,NORMAL,0
2026-05-14T03:00:00,DG-001,84.01,0.195,407.4,82.0,47.5,77.41,26.01,NORMAL,0
2026-05-14T04:00:00,DG-001,83.8,0.268,307.5,60.2,42.7,72.74,26.1,NORMAL,0
2026-05-14T05:00:00,DG-001,79.13,0.244,287.3,59.4,86.2,74.23,27.83,NORMAL,0
2026-05-14T06:00:00,DG-001,115.13,1.293,451.2,106.9,32.0,106.22,22.89,FAILURE_PRECURSOR,1
2026-05-14T07:00:00,DG-001,84.13,0.115,379.1,74.3,87.3,75.22,27.63,NORMAL,0
2026-05-14T08:00:00,DG-001,95.81,0.666,367.9,75.3,63.0,87.12,25.25,WARNING,0
2026-05-14T09:00:00,DG-001,80.33,0.161,370.6,73.8,20.2,74.74,27.08,NORMAL,0
2026-05-14T10:00:00,DG-001,82.26,0.236,310.6,64.0,77.4,75.43,27.5,NORMAL,0
2026-05-14T11:00:00,DG-001,81.51,0.223,317.1,63.7,41.7,74.75,26.38,NORMAL,0
2026-05-14T12:00:00,DG-001,81.8,0.155,271.5,52.2,80.1,75.15,27.4,NORMAL,0
2026-05-14T13:00:00,DG-001,102.17,0.506,404.0,85.0,15.6,86.8,24.84,WARNING,0
2026-05-14T14:00:00,DG-001,77.95,0.212,341.5,69.6,43.2,75.64,25.33,NORMAL,0
2026-05-14T15:00:00,DG-001,86.05,0.204,343.8,70.6,91.7,76.21,25.29,NORMAL,0
2026-05-14T16:00:00,DG-001,84.85,0.238,369.1,74.4,44.4,76.07,27.67,NORMAL,0
2026-05-14T17:00:00,DG-001,81.76,0.259,268.0,53.1,64.9,74.49,26.05,NORMAL,0
2026-05-14T18:00:00,DG-001,83.75,0.264,423.6,84.3,85.4,76.17,26.9,NORMAL,0
2026-05-14T19:00:00,DG-001,80.5,0.171,267.7,52.7,25.4,74.43,26.4,NORMAL,0
2026-05-14T20:00:00,DG-001,80.97,0.228,253.8,50.3,29.7,74.12,25.31,NORMAL,0
2026-05-14T21:00:00,DG-001,83.44,0.217,361.5,73.4,74.9,75.32,26.58,NORMAL,0
2026-05-14T22:00:00,DG-001,81.92,0.243,365.1,73.1,35.2,75.08,26.91,NORMAL,0
2026-05-14T23:00:00,DG-001,81.22,0.22,339.5,68.7,79.0,76.62,25.73,NORMAL,0
2026-05-15T00:00:00,DG-001,81.54,0.257,294.0,59.7,36.9,72.9,27.18,NORMAL,0
2026-05-15T01:00:00,DG-001,85.7,0.287,357.4,72.9,62.6,76.04,26.23,NORMAL,0
2026-05-15T02:00:00,DG-001,99.01,0.432,421.8,88.1,61.9,87.9,23.69,WARNING,0
2026-05-15T03:00:00,DG-001,78.94,0.264,275.3,56.2,65.2,74.75,25.55,NORMAL,0
2026-05-15T04:00:00,DG-001,81.56,0.212,311.2,60.9,51.5,74.67,25.59,NORMAL,0
2026-05-15T05:00:00,DG-001,79.5,0.229,314.7,62.2,59.8,75.45,26.98,NORMAL,0
2026-05-15T06:00:00,DG-001,83.07,0.201,355.8,71.5,49.9,77.38,27.89,NORMAL,0
2026-05-15T07:00:00,DG-001,82.39,0.215,396.9,79.8,46.3,76.92,25.48,NORMAL,0
2026-05-15T08:00:00,DG-001,82.52,0.254,401.6,79.6,82.7,75.01,26.46,NORMAL,0
2026-05-15T09:00:00,DG-001,98.93,0.571,443.4,92.3,71.9,90.9,24.82,WARNING,0
2026-05-15T10:00:00,DG-001,82.12,0.13,260.9,52.6,22.6,73.86,25.88,NORMAL,0
2026-05-15T11:00:00,DG-001,81.47,0.183,298.3,59.1,37.4,74.57,25.82,NORMAL,0
2026-05-15T12:00:00,DG-001,80.95,0.253,262.5,53.0,71.3,74.78,26.16,NORMAL,0
2026-05-15T13:00:00,DG-001,98.04,0.615,442.0,88.2,80.8,88.88,24.93,WARNING,0
2026-05-15T14:00:00,DG-001,82.65,0.21,323.4,64.7,27.0,73.3,27.78,NORMAL,0
2026-05-15T15:00:00,DG-001,83.27,0.281,418.7,83.2,27.2,75.05,26.1,NORMAL,0
2026-05-15T16:00:00,DG-001,98.53,0.6,383.0,81.5,75.1,84.93,24.67,WARNING,0
2026-05-15T17:00:00,DG-001,79.55,0.249,314.2,64.0,29.6,75.22,25.16,NORMAL,0
2026-05-15T18:00:00,DG-001,80.9,0.266,360.9,73.4,84.1,77.59,26.39,NORMAL,0
2026-05-15T19:00:00,DG-001,80.07,0.229,280.9,55.1,84.0,73.38,27.05,NORMAL,0
2026-05-15T20:00:00,DG-001,81.41,0.172,316.8,62.3,24.8,73.86,25.0,NORMAL,0
2026-05-15T21:00:00,DG-001,82.51,0.262,423.1,83.5,44.0,75.49,25.41,NORMAL,0
2026-05-15T22:00:00,DG-001,79.01,0.18,341.3,66.6,83.3,75.58,25.34,NORMAL,0
2026-05-15T23:00:00,DG-001,82.34,0.236,321.7,65.5,51.7,75.49,26.55,NORMAL,0
2026-05-16T00:00:00,DG-001,78.9,0.214,287.4,56.9,91.2,76.05,25.24,NORMAL,0
2026-05-16T01:00:00,DG-001,81.3,0.2,309.1,61.1,23.1,74.65,25.1,NORMAL,0
2026-05-16T02:00:00,DG-001,113.52,1.495,461.3,109.1,7.0,105.44,20.1,FAILURE_PRECURSOR,1
2026-05-16T03:00:00,DG-001,82.26,0.253,380.6,78.0,20.9,76.22,26.29,NORMAL,0
2026-05-16T04:00:00,DG-001,82.67,0.17,276.1,54.4,41.4,75.49,26.85,NORMAL,0
2026-05-16T05:00:00,DG-001,85.06,0.32,403.1,80.2,25.2,77.79,26.67,NORMAL,0
2026-05-16T06:00:00,DG-001,80.95,0.21,401.3,78.5,48.9,75.98,25.78,NORMAL,0
2026-05-16T07:00:00,DG-001,79.88,0.147,314.4,62.6,60.6,75.99,25.67,NORMAL,0
2026-05-16T08:00:00,DG-001,82.54,0.31,342.2,69.8,21.6,75.5,26.6,NORMAL,0
2026-05-16T09:00:00,DG-001,81.87,0.224,366.0,72.9,90.5,74.52,26.72,NORMAL,0
2026-05-16T10:00:00,DG-001,81.24,0.184,357.8,73.2,35.3,76.85,26.08,NORMAL,0
2026-05-16T11:00:00,DG-001,81.43,0.218,405.5,79.9,75.1,77.43,26.94,NORMAL,0
2026-05-16T12:00:00,DG-001,100.21,0.587,389.4,79.1,19.4,88.09,23.7,WARNING,0
2026-05-16T13:00:00,DG-001,83.42,0.168,379.1,75.9,79.6,75.51,25.29,NORMAL,0
2026-05-16T14:00:00,DG-001,96.17,0.516,386.8,80.2,24.8,86.55,24.93,WARNING,0
2026-05-16T15:00:00,DG-001,96.75,0.613,419.8,88.3,68.7,93.33,24.01,WARNING,0
2026-05-16T16:00:00,DG-001,82.1,0.212,418.2,82.7,56.5,76.01,25.3,NORMAL,0
2026-05-16T17:00:00,DG-001,80.84,0.076,262.9,52.6,98.3,73.46,27.88,NORMAL,0
2026-05-16T18:00:00,DG-001,81.26,0.15,340.7,68.0,65.8,75.24,26.68,NORMAL,0
2026-05-16T19:00:00,DG-001,83.87,0.27,393.8,78.5,89.9,74.72,26.61,NORMAL,0
2026-05-16T20:00:00,DG-001,80.3,0.246,315.5,64.9,55.2,75.98,26.15,NORMAL,0
2026-05-16T21:00:00,DG-001,81.24,0.303,375.5,73.2,40.8,74.33,25.83,NORMAL,0
2026-05-16T22:00:00,DG-001,80.49,0.313,351.8,71.1,33.5,76.02,26.4,NORMAL,0
2026-05-16T23:00:00,DG-001,81.76,0.173,304.8,61.8,83.4,75.39,25.07,NORMAL,0
2026-05-17T00:00:00,DG-001,83.22,0.223,312.7,62.0,77.6,75.72,25.74,NORMAL,0
2026-05-17T01:00:00,DG-001,83.64,0.24,289.9,57.5,54.3,74.97,26.81,NORMAL,0
2026-05-17T02:00:00,DG-001,94.91,0.459,441.7,89.6,53.7,86.47,24.02,WARNING,0
2026-05-17T03:00:00,DG-001,81.87,0.253,385.2,78.2,58.0,76.16,26.08,NORMAL,0
2026-05-17T04:00:00,DG-001,102.58,0.589,478.0,94.8,36.5,90.16,24.54,WARNING,0
2026-05-17T05:00:00,DG-001,101.68,0.657,430.9,86.9,88.5,87.41,24.4,WARNING,0
2026-05-17T06:00:00,DG-001,84.31,0.293,419.4,82.8,54.6,75.3,26.93,NORMAL,0
2026-05-17T07:00:00,DG-001,96.48,0.494,432.2,90.2,46.0,91.87,23.97,WARNING,0
2026-05-17T08:00:00,DG-001,95.47,0.464,374.6,82.2,31.9,86.48,25.45,WARNING,0
2026-05-17T09:00:00,DG-001,80.66,0.207,273.9,54.4,86.2,74.89,27.14,NORMAL,0
2026-05-17T10:00:00,DG-001,83.34,0.29,365.3,73.7,29.8,75.61,26.09,NORMAL,0
2026-05-17T11:00:00,DG-001,80.05,0.228,318.1,63.5,96.5,74.53,26.99,NORMAL,0
2026-05-17T12:00:00,DG-001,83.66,0.217,261.4,52.3,31.3,75.6,25.32,NORMAL,0
2026-05-17T13:00:00,DG-001,93.75,0.492,394.7,81.0,76.4,87.96,23.25,WARNING,0
2026-05-17T14:00:00,DG-001,82.1,0.281,394.6,79.7,25.9,75.72,26.07,NORMAL,0
2026-05-17T15:00:00,DG-001,102.38,0.593,421.9,92.2,62.3,89.43,24.53,WARNING,0
2026-05-17T16:00:00,DG-001,83.7,0.164,306.2,62.1,52.5,72.89,26.62,NORMAL,0
2026-05-17T17:00:00,DG-001,97.92,0.572,338.5,76.5,75.0,89.5,24.26,WARNING,0
2026-05-17T18:00:00,DG-001,83.48,0.299,405.3,80.5,97.3,77.78,26.58,NORMAL,0
2026-05-17T19:00:00,DG-001,81.75,0.136,282.5,55.4,45.1,74.15,25.75,NORMAL,0
2026-05-17T20:00:00,DG-001,81.91,0.217,303.1,59.0,23.7,73.46,26.28,NORMAL,0
2026-05-17T21:00:00,DG-001,80.71,0.229,269.1,52.3,76.2,72.88,25.34,NORMAL,0
2026-05-17T22:00:00,DG-001,96.74,0.556,425.4,91.4,34.6,90.98,25.76,WARNING,0
2026-05-17T23:00:00,DG-001,95.83,0.503,386.2,80.4,54.6,85.9,25.53,WARNING,0
2026-05-18T00:00:00,DG-001,83.88,0.293,290.2,58.8,92.8,74.84,27.26,NORMAL,0
2026-05-18T01:00:00,DG-001,82.87,0.285,381.7,75.2,66.6,76.95,25.78,NORMAL,0
2026-05-18T02:00:00,DG-001,97.64,0.527,400.8,80.9,51.2,86.08,25.51,WARNING,0
2026-05-18T03:00:00,DG-001,114.71,1.328,420.6,97.7,31.8,105.61,23.36,FAILURE_PRECURSOR,1
2026-05-18T04:00:00,DG-001,112.34,0.935,554.2,106.6,44.3,106.03,20.2,FAILURE_PRECURSOR,1
2026-05-18T05:00:00,DG-001,96.5,0.405,436.4,90.7,40.7,88.16,25.98,WARNING,0
2026-05-18T06:00:00,DG-001,82.18,0.277,273.1,54.7,59.5,73.43,27.0,NORMAL,0
2026-05-18T07:00:00,DG-001,84.3,0.334,387.1,78.6,37.1,75.89,27.45,NORMAL,0
2026-05-18T08:00:00,DG-001,108.32,1.42,407.8,85.6,47.3,102.06,20.21,FAILURE_PRECURSOR,1
2026-05-18T09:00:00,DG-001,81.06,0.285,370.0,73.6,80.1,76.61,27.13,NORMAL,0
2026-05-18T10:00:00,DG-001,83.25,0.198,265.9,53.8,46.5,76.73,27.87,NORMAL,0
2026-05-18T11:00:00,DG-001,97.76,0.466,416.7,85.6,53.0,88.7,23.37,WARNING,0
2026-05-18T12:00:00,DG-001,82.73,0.241,304.8,61.2,44.2,76.62,27.73,NORMAL,0
2026-05-18T13:00:00,DG-001,97.85,0.67,407.3,84.5,70.7,89.42,25.22,WARNING,0
2026-05-18T14:00:00,DG-001,78.38,0.158,246.2,50.4,96.0,74.23,25.31,NORMAL,0
2026-05-18T15:00:00,DG-001,81.76,0.252,320.7,64.5,34.7,74.41,27.05,NORMAL,0
2026-05-18T16:00:00,DG-001,83.23,0.251,314.3,63.2,21.4,73.89,25.73,NORMAL,0
2026-05-18T17:00:00,DG-001,83.27,0.285,336.9,68.4,41.0,73.77,27.82,NORMAL,0
2026-05-18T18:00:00,DG-001,80.11,0.189,313.4,63.4,74.5,75.83,27.3,NORMAL,0
2026-05-18T19:00:00,DG-001,81.16,0.22,338.0,67.8,27.1,75.37,25.17,NORMAL,0
2026-05-18T20:00:00,DG-001,78.16,0.179,312.9,62.8,46.1,74.29,25.2,NORMAL,0
2026-05-18T21:00:00,DG-001,81.18,0.171,367.9,74.6,98.8,75.64,25.7,NORMAL,0
2026-05-18T22:00:00,DG-001,95.4,0.585,354.6,75.3,24.9,87.11,25.12,WARNING,0
2026-05-18T23:00:00,DG-001,82.8,0.246,364.0,72.1,20.7,76.47,26.07,NORMAL,0
2026-05-19T00:00:00,DG-001,83.81,0.268,422.8,85.0,58.0,76.03,25.51,NORMAL,0
2026-05-19T01:00:00,DG-001,97.47,0.54,406.1,81.8,33.2,87.86,25.32,WARNING,0
2026-05-19T02:00:00,DG-001,82.33,0.251,359.3,71.0,86.2,76.88,25.78,NORMAL,0
2026-05-19T03:00:00,DG-001,81.58,0.15,277.0,56.1,73.4,73.74,25.54,NORMAL,0
2026-05-19T04:00:00,DG-001,80.86,0.305,360.0,72.7,62.2,76.02,25.83,NORMAL,0
2026-05-19T05:00:00,DG-001,81.2,0.27,390.8,77.7,55.0,75.66,27.76,NORMAL,0
2026-05-19T06:00:00,DG-001,106.83,1.561,433.2,94.8,23.0,105.63,20.04,FAILURE_PRECURSOR,1
2026-05-19T07:00:00,DG-001,109.88,1.468,445.1,107.1,45.8,107.99,23.31,FAILURE_PRECURSOR,1
2026-05-19T08:00:00,DG-001,80.89,0.173,275.2,55.1,78.8,73.29,27.43,NORMAL,0
2026-05-19T09:00:00,DG-001,78.06,0.2,254.1,50.8,20.8,73.48,25.24,NORMAL,0
2026-05-19T10:00:00,DG-001,82.46,0.24,359.3,72.0,40.4,75.39,27.53,NORMAL,0
2026-05-19T11:00:00,DG-001,104.85,1.109,433.3,93.9,33.3,102.87,20.97,FAILURE_PRECURSOR,1
2026-05-19T12:00:00,DG-001,82.01,0.26,319.6,63.6,27.2,74.0,26.89,NORMAL,0
2026-05-19T13:00:00,DG-001,83.19,0.209,288.2,59.1,56.7,74.12,26.91,NORMAL,0
2026-05-19T14:00:00,DG-001,113.57,1.46,429.1,90.5,24.6,107.39,21.21,FAILURE_PRECURSOR,1
2026-05-19T15:00:00,DG-001,97.43,0.616,468.3,94.0,22.7,88.73,23.08,WARNING,0
2026-05-19T16:00:00,DG-001,80.89,0.25,310.1,60.2,58.0,74.09,27.3,NORMAL,0
2026-05-19T17:00:00,DG-001,81.27,0.228,381.6,77.1,70.6,76.4,27.91,NORMAL,0
2026-05-19T18:00:00,DG-001,106.5,1.21,418.5,93.5,12.3,101.97,22.54,FAILURE_PRECURSOR,1
2026-05-19T19:00:00,DG-001,95.5,0.674,421.9,86.6,69.6,88.76,23.08,WARNING,0
2026-05-19T20:00:00,DG-001,99.07,0.568,370.3,76.1,76.3,87.87,23.18,WARNING,0
2026-05-19T21:00:00,DG-001,79.89,0.251,267.1,54.8,57.4,74.02,27.51,NORMAL,0
2026-05-19T22:00:00,DG-001,80.49,0.208,340.7,69.6,80.8,76.63,27.77,NORMAL,0
2026-05-19T23:00:00,DG-001,80.89,0.253,335.5,67.7,80.8,76.26,25.6,NORMAL,0
2026-05-20T00:00:00,DG-001,81.23,0.247,297.6,59.3,89.8,74.97,25.14,NORMAL,0
2026-05-20T01:00:00,DG-001,81.72,0.214,303.7,60.9,23.5,74.45,25.51,NORMAL,0
2026-05-20T02:00:00,DG-001,78.67,0.253,364.7,73.8,28.1,75.56,26.18,NORMAL,0
2026-05-20T03:00:00,DG-001,80.62,0.283,307.1,62.2,85.8,75.54,25.93,NORMAL,0
2026-05-20T04:00:00,DG-001,81.44,0.235,270.6,54.4,93.9,74.81,27.71,NORMAL,0
2026-05-20T05:00:00,DG-001,82.65,0.254,403.2,80.3,80.3,78.06,25.9,NORMAL,0
2026-05-20T06:00:00,DG-001,80.92,0.218,338.2,68.3,84.7,76.16,25.58,NORMAL,0
2026-05-20T07:00:00,DG-001,96.75,0.47,404.9,85.0,54.9,86.2,23.03,WARNING,0
2026-05-20T08:00:00,DG-001,109.86,1.488,402.3,88.9,45.1,104.49,21.24,FAILURE_PRECURSOR,1
2026-05-20T09:00:00,DG-001,110.59,1.084,385.4,97.4,32.8,102.92,20.85,FAILURE_PRECURSOR,1
2026-05-20T10:00:00,DG-001,79.58,0.315,330.1,66.2,69.2,74.77,27.32,NORMAL,0
2026-05-20T11:00:00,DG-001,81.94,0.228,289.1,56.7,77.4,75.05,26.56,NORMAL,0
2026-05-20T12:00:00,DG-001,98.28,0.671,446.9,90.5,64.3,90.47,23.12,WARNING,0
2026-05-20T13:00:00,DG-001,97.4,0.599,368.5,78.5,57.7,89.11,24.22,WARNING,0
2026-05-20T14:00:00,DG-001,78.82,0.162,259.2,51.4,25.6,75.69,27.29,NORMAL,0
2026-05-20T15:00:00,DG-001,81.83,0.262,308.3,61.3,60.6,76.67,27.48,NORMAL,0
2026-05-20T16:00:00,DG-001,78.36,0.249,258.5,51.8,96.8,74.5,27.6,NORMAL,0
2026-05-20T17:00:00,DG-001,110.12,0.921,499.3,107.0,35.5,105.32,20.39,FAILURE_PRECURSOR,1
2026-05-20T18:00:00,DG-001,86.4,0.325,410.6,80.2,31.1,74.92,27.86,NORMAL,0
2026-05-20T19:00:00,DG-001,78.73,0.161,362.1,73.0,89.7,74.87,26.03,NORMAL,0
2026-05-20T20:00:00,DG-001,79.68,0.174,290.8,58.4,47.8,74.48,27.94,NORMAL,0
2026-05-20T21:00:00,DG-001,98.71,0.423,385.9,80.1,48.3,87.42,23.93,WARNING,0
2026-05-20T22:00:00,DG-001,98.69,0.548,376.8,80.0,27.5,87.36,24.2,WARNING,0
2026-05-20T23:00:00,DG-001,114.45,1.587,519.9,107.4,25.4,105.0,21.66,FAILURE_PRECURSOR,1
2026-05-21T00:00:00,DG-001,95.39,0.636,361.2,78.5,43.8,85.66,26.0,WARNING,0
2026-05-21T01:00:00,DG-001,80.21,0.224,359.6,71.8,57.4,74.06,25.92,NORMAL,0
2026-05-21T02:00:00,DG-001,110.96,1.549,475.7,102.8,49.2,104.77,22.57,FAILURE_PRECURSOR,1
2026-05-21T03:00:00,DG-001,78.92,0.165,300.1,60.4,44.9,73.23,26.93,NORMAL,0
2026-05-21T04:00:00,DG-001,85.89,0.167,378.9,74.8,93.9,75.87,26.68,NORMAL,0
2026-05-21T05:00:00,DG-001,81.53,0.111,310.9,60.2,72.7,75.13,25.67,NORMAL,0
2026-05-21T06:00:00,DG-001,98.79,0.521,424.8,88.5,16.3,89.88,23.54,WARNING,0
2026-05-21T07:00:00,DG-001,79.93,0.221,315.3,63.2,87.3,75.81,27.45,NORMAL,0
2026-05-21T08:00:00,DG-001,84.15,0.141,412.4,80.4,54.4,75.52,27.37,NORMAL,0
2026-05-21T09:00:00,DG-001,81.46,0.16,267.3,54.2,73.4,73.84,27.77,NORMAL,0
2026-05-21T10:00:00,DG-001,99.02,0.607,429.9,86.1,59.2,89.21,25.51,WARNING,0
2026-05-21T11:00:00,DG-001,83.54,0.291,408.0,82.3,66.1,75.87,26.8,NORMAL,0
2026-05-21T12:00:00,DG-001,82.44,0.241,289.7,57.3,37.4,75.48,27.66,NORMAL,0
2026-05-21T13:00:00,DG-001,82.63,0.305,356.0,71.5,82.8,75.88,25.32,NORMAL,0
2026-05-21T14:00:00,DG-001,81.12,0.168,261.7,51.0,46.1,74.71,25.03,NORMAL,0
2026-05-21T15:00:00,DG-001,82.09,0.355,425.6,85.0,85.3,76.07,26.93,NORMAL,0
2026-05-21T16:00:00,DG-001,80.78,0.242,423.1,84.3,78.8,74.59,27.81,NORMAL,0
2026-05-21T17:00:00,DG-001,80.58,0.152,283.1,55.7,28.0,75.29,25.68,NORMAL,0
2026-05-21T18:00:00,DG-001,80.32,0.289,406.6,82.1,83.3,76.18,26.42,NORMAL,0
2026-05-21T19:00:00,DG-001,111.15,1.405,411.4,97.5,37.1,104.54,22.24,FAILURE_PRECURSOR,1
2026-05-21T20:00:00,DG-001,81.98,0.183,260.7,50.6,79.9,75.56,26.02,NORMAL,0
2026-05-21T21:00:00,DG-001,81.7,0.237,315.6,63.2,42.1,76.02,26.85,NORMAL,0
2026-05-21T22:00:00,DG-001,78.51,0.216,283.8,57.4,31.5,75.17,27.84,NORMAL,0
2026-05-21T23:00:00,DG-001,77.18,0.297,261.8,52.7,44.8,74.04,26.06,NORMAL,0
2026-05-22T00:00:00,DG-001,86.18,0.268,354.0,71.4,97.0,74.1,26.5,NORMAL,0
2026-05-22T01:00:00,DG-001,81.49,0.317,281.1,57.0,86.3,75.43,25.99,NORMAL,0
2026-05-22T02:00:00,DG-001,81.38,0.215,297.6,58.8,20.6,74.72,27.27,NORMAL,0
2026-05-22T03:00:00,DG-001,82.9,0.225,381.3,75.8,55.4,74.35,25.31,NORMAL,0
2026-05-22T04:00:00,DG-001,93.71,0.53,411.5,81.0,68.7,88.95,25.28,WARNING,0
2026-05-22T05:00:00,DG-001,82.44,0.213,263.3,52.1,95.2,75.04,26.24,NORMAL,0
2026-05-22T06:00:00,DG-001,99.09,0.626,464.6,94.4,26.5,90.98,25.36,WARNING,0
2026-05-22T07:00:00,DG-001,81.77,0.242,298.9,59.3,45.0,77.44,27.48,NORMAL,0
2026-05-22T08:00:00,DG-001,81.46,0.204,333.6,66.9,54.0,76.41,26.99,NORMAL,0
2026-05-22T09:00:00,DG-001,83.84,0.218,405.7,81.9,21.6,77.72,25.96,NORMAL,0
2026-05-22T10:00:00,DG-001,84.29,0.246,345.4,70.5,89.9,78.12,25.98,NORMAL,0
2026-05-22T11:00:00,DG-001,82.88,0.206,374.1,74.5,90.5,76.84,27.7,NORMAL,0
2026-05-22T12:00:00,DG-001,83.48,0.286,270.3,52.9,27.7,73.54,26.29,NORMAL,0
2026-05-22T13:00:00,DG-001,79.25,0.111,272.3,53.1,52.9,73.22,25.62,NORMAL,0
2026-05-22T14:00:00,DG-001,80.72,0.274,376.8,74.4,44.9,75.41,25.73,NORMAL,0
2026-05-22T15:00:00,DG-001,79.02,0.133,251.7,51.0,54.1,74.24,26.55,NORMAL,0
2026-05-22T16:00:00,DG-001,82.8,0.168,383.5,77.5,32.7,75.4,26.16,NORMAL,0
2026-05-22T17:00:00,DG-001,84.41,0.262,379.8,76.1,81.4,77.06,27.86,NORMAL,0
2026-05-22T18:00:00,DG-001,84.03,0.361,430.9,84.2,70.2,77.05,25.18,NORMAL,0
2026-05-22T19:00:00,DG-001,81.79,0.201,346.2,68.5,65.8,76.01,27.28,NORMAL,0
2026-05-22T20:00:00,DG-001,81.3,0.261,327.1,64.9,21.9,75.95,25.29,NORMAL,0
2026-05-22T21:00:00,DG-001,78.99,0.225,287.5,57.9,78.4,76.08,26.99,NORMAL,0
2026-05-22T22:00:00,DG-001,80.91,0.154,298.2,59.2,70.0,74.84,25.68,NORMAL,0
2026-05-22T23:00:00,DG-001,112.11,0.887,388.5,87.1,30.6,103.04,21.87,FAILURE_PRECURSOR,1
2026-05-23T00:00:00,DG-001,81.91,0.262,402.8,82.0,59.3,75.96,25.68,NORMAL,0
2026-05-23T01:00:00,DG-001,80.18,0.193,378.6,73.6,76.6,73.91,25.43,NORMAL,0
2026-05-23T02:00:00,DG-001,98.19,0.455,376.5,80.6,27.9,88.23,23.72,WARNING,0
2026-05-23T03:00:00,DG-001,107.5,1.523,428.6,92.3,8.5,103.34,22.01,FAILURE_PRECURSOR,1
2026-05-23T04:00:00,DG-001,83.89,0.224,414.0,81.2,22.1,76.16,27.14,NORMAL,0
2026-05-23T05:00:00,DG-001,81.36,0.26,336.2,66.5,92.4,76.88,27.15,NORMAL,0
2026-05-23T06:00:00,DG-001,82.37,0.266,290.4,59.2,73.3,75.46,25.65,NORMAL,0
2026-05-23T07:00:00,DG-001,78.67,0.238,367.1,73.2,64.9,75.74,26.52,NORMAL,0
2026-05-23T08:00:00,DG-001,108.88,1.448,483.9,101.3,37.7,104.25,21.64,FAILURE_PRECURSOR,1
2026-05-23T09:00:00,DG-001,83.68,0.281,374.0,76.4,59.0,75.77,26.21,NORMAL,0
2026-05-23T10:00:00,DG-001,82.25,0.363,393.0,81.1,33.1,76.96,26.61,NORMAL,0
2026-05-23T11:00:00,DG-001,78.29,0.239,256.3,52.3,66.0,73.08,25.4,NORMAL,0
2026-05-23T12:00:00,DG-001,80.42,0.274,376.1,73.7,92.2,75.96,25.76,NORMAL,0
2026-05-23T13:00:00,DG-001,94.15,0.69,377.9,84.9,55.8,89.29,23.29,WARNING,0
2026-05-23T14:00:00,DG-001,95.71,0.595,466.3,92.3,66.0,88.5,24.43,WARNING,0
2026-05-23T15:00:00,DG-001,101.54,0.407,430.3,90.8,82.9,90.77,24.75,WARNING,0
2026-05-23T16:00:00,DG-001,112.73,0.881,444.9,104.6,29.8,107.63,23.11,FAILURE_PRECURSOR,1
2026-05-23T17:00:00,DG-001,84.87,0.172,368.5,74.7,62.1,75.98,27.13,NORMAL,0
2026-05-23T18:00:00,DG-001,98.56,0.597,432.1,90.0,74.8,89.11,25.12,WARNING,0
2026-05-23T19:00:00,DG-001,81.34,0.127,325.1,66.0,42.2,74.41,27.46,NORMAL,0
2026-05-23T20:00:00,DG-001,83.82,0.29,381.3,78.8,43.9,76.31,26.67,NORMAL,0
2026-05-23T21:00:00,DG-001,81.99,0.168,313.4,61.7,76.4,75.44,27.62,NORMAL,0
2026-05-23T22:00:00,DG-001,80.21,0.203,256.6,52.0,35.6,72.92,25.44,NORMAL,0
2026-05-23T23:00:00,DG-001,94.69,0.603,382.6,80.2,33.0,86.79,25.35,WARNING,0
2026-05-24T00:00:00,DG-001,84.59,0.239,375.6,75.5,35.6,75.13,27.71,NORMAL,0
2026-05-24T01:00:00,DG-001,105.5,1.505,475.3,105.3,24.7,105.71,23.16,FAILURE_PRECURSOR,1
2026-05-24T02:00:00,DG-001,82.59,0.259,415.3,82.6,26.0,78.11,27.44,NORMAL,0
2026-05-24T03:00:00,DG-001,82.56,0.143,292.4,58.7,88.4,73.63,25.61,NORMAL,0
2026-05-24T04:00:00,DG-001,82.33,0.236,313.4,62.5,92.9,75.16,25.93,NORMAL,0
2026-05-24T05:00:00,DG-001,79.63,0.154,350.6,72.2,70.7,76.45,27.38,NORMAL,0
2026-05-24T06:00:00,DG-001,80.89,0.225,293.6,58.1,25.1,73.89,25.52,NORMAL,0
2026-05-24T07:00:00,DG-001,81.14,0.184,346.4,69.4,99.4,75.73,25.47,NORMAL,0
2026-05-24T08:00:00,DG-001,82.81,0.171,371.2,73.8,66.7,75.8,26.3,NORMAL,0
2026-05-24T09:00:00,DG-001,115.57,1.1,442.7,109.7,29.6,103.73,22.29,FAILURE_PRECURSOR,1
2026-05-24T10:00:00,DG-001,81.41,0.281,344.6,69.0,34.5,74.45,26.64,NORMAL,0
2026-05-24T11:00:00,DG-001,99.59,0.508,423.7,94.3,74.6,87.02,23.86,WARNING,0
2026-05-24T12:00:00,DG-001,79.65,0.225,261.0,52.2,26.2,74.38,26.85,NORMAL,0
2026-05-24T13:00:00,DG-001,84.18,0.254,394.1,78.1,56.3,76.38,27.95,NORMAL,0
2026-05-24T14:00:00,DG-001,83.64,0.24,404.0,79.2,81.3,76.98,25.24,NORMAL,0
2026-05-24T15:00:00,DG-001,80.14,0.26,396.9,78.2,23.1,77.85,27.06,NORMAL,0
2026-05-24T16:00:00,DG-001,83.96,0.259,414.2,81.8,92.6,77.27,26.19,NORMAL,0
2026-05-24T17:00:00,DG-001,82.75,0.21,368.7,73.8,22.0,76.02,27.21,NORMAL,0
2026-05-24T18:00:00,DG-001,109.07,1.327,484.3,109.6,26.3,105.92,21.09,FAILURE_PRECURSOR,1
2026-05-24T19:00:00,DG-001,79.44,0.205,258.5,51.8,90.7,72.63,26.94,NORMAL,0
2026-05-24T20:00:00,DG-001,83.42,0.248,396.0,79.1,43.0,76.48,27.2,NORMAL,0
2026-05-24T21:00:00,DG-001,103.27,1.098,414.6,102.1,37.7,98.22,23.07,FAILURE_PRECURSOR,1
2026-05-24T22:00:00,DG-001,81.99,0.228,351.4,70.8,98.1,77.08,27.51,NORMAL,0
2026-05-24T23:00:00,DG-001,82.3,0.229,281.6,55.1,88.1,74.97,27.4,NORMAL,0
2026-05-25T00:00:00,DG-001,81.1,0.309,408.3,80.5,53.3,76.69,25.78,NORMAL,0
2026-05-25T01:00:00,DG-001,79.59,0.235,337.2,68.2,50.8,75.8,25.19,NORMAL,0
2026-05-25T02:00:00,DG-001,79.89,0.161,304.3,61.2,38.0,73.75,27.71,NORMAL,0
2026-05-25T03:00:00,DG-001,78.45,0.154,274.2,55.0,68.2,75.08,27.07,NORMAL,0
2026-05-25T04:00:00,DG-001,82.72,0.259,409.3,82.9,69.6,75.38,25.28,NORMAL,0
2026-05-25T05:00:00,DG-001,82.93,0.194,356.0,72.0,32.2,76.3,25.34,NORMAL,0
2026-05-25T06:00:00,DG-001,79.37,0.301,276.4,55.9,33.6,74.52,27.58,NORMAL,0
2026-05-25T07:00:00,DG-001,80.84,0.162,268.0,52.5,96.2,75.39,26.66,NORMAL,0
2026-05-25T08:00:00,DG-001,80.99,0.219,319.2,65.7,36.5,75.75,26.57,NORMAL,0
2026-05-25T09:00:00,DG-001,101.06,0.662,448.9,95.0,67.9,88.32,24.87,WARNING,0
2026-05-25T10:00:00,DG-001,81.84,0.202,291.9,57.3,97.4,74.8,27.59,NORMAL,0
2026-05-25T11:00:00,DG-001,77.81,0.188,246.9,50.2,69.2,73.24,27.65,NORMAL,0
2026-05-25T12:00:00,DG-001,96.71,0.523,386.3,82.4,52.0,85.47,24.83,WARNING,0
2026-05-25T13:00:00,DG-001,95.76,0.684,443.6,93.0,20.7,90.49,25.24,WARNING,0
2026-05-25T14:00:00,DG-001,82.54,0.198,271.2,55.4,49.5,74.6,26.73,NORMAL,0
2026-05-25T15:00:00,DG-001,81.82,0.258,350.8,70.7,82.9,75.86,25.45,NORMAL,0
2026-05-25T16:00:00,DG-001,82.86,0.256,288.7,57.8,26.7,75.18,25.16,NORMAL,0
2026-05-25T17:00:00,DG-001,80.25,0.173,281.3,56.7,76.2,73.31,27.21,NORMAL,0
2026-05-25T18:00:00,DG-001,107.66,1.356,484.9,103.1,18.5,106.02,21.18,FAILURE_PRECURSOR,1
2026-05-25T19:00:00,DG-001,80.91,0.259,295.0,58.0,97.1,73.91,25.94,NORMAL,0
2026-05-25T20:00:00,DG-001,109.27,1.212,441.5,101.7,8.4,104.53,20.42,FAILURE_PRECURSOR,1
2026-05-25T21:00:00,DG-001,83.63,0.307,407.5,81.0,51.8,77.05,25.39,NORMAL,0
2026-05-25T22:00:00,DG-001,113.3,1.282,497.6,109.7,11.2,106.09,21.8,FAILURE_PRECURSOR,1
2026-05-25T23:00:00,DG-001,84.79,0.298,413.7,83.6,98.6,76.52,25.51,NORMAL,0
2026-05-26T00:00:00,DG-001,80.04,0.231,253.0,50.4,69.2,75.26,25.31,NORMAL,0
2026-05-26T01:00:00,DG-001,106.48,1.115,404.5,85.9,25.1,105.19,22.02,FAILURE_PRECURSOR,1
2026-05-26T02:00:00,DG-001,95.88,0.426,380.6,76.0,31.6,87.71,24.5,WARNING,0
2026-05-26T03:00:00,DG-001,97.08,0.415,369.1,80.9,15.7,88.08,23.65,WARNING,0
2026-05-26T04:00:00,DG-001,80.85,0.183,332.1,66.7,51.5,77.01,27.03,NORMAL,0
2026-05-26T05:00:00,DG-001,82.7,0.231,342.3,67.5,34.2,74.26,27.69,NORMAL,0
2026-05-26T06:00:00,DG-001,80.94,0.226,374.3,75.0,85.2,76.28,26.57,NORMAL,0
2026-05-26T07:00:00,DG-001,83.01,0.264,419.6,83.0,59.9,77.56,27.02,NORMAL,0
2026-05-26T08:00:00,DG-001,93.53,0.5,361.1,78.7,87.3,89.08,24.32,WARNING,0
2026-05-26T09:00:00,DG-001,84.77,0.314,410.8,83.2,40.2,76.93,26.56,NORMAL,0
2026-05-26T10:00:00,DG-001,110.56,1.209,373.1,91.7,25.9,104.02,20.58,FAILURE_PRECURSOR,1
2026-05-26T11:00:00,DG-001,82.84,0.21,291.2,57.8,89.0,73.97,26.23,NORMAL,0
2026-05-26T12:00:00,DG-001,83.17,0.122,353.5,69.9,85.2,75.17,25.06,NORMAL,0
2026-05-26T13:00:00,DG-001,84.93,0.317,334.5,66.2,72.3,76.85,25.39,NORMAL,0
2026-05-26T14:00:00,DG-001,97.75,0.574,432.0,92.8,55.5,88.53,24.04,WARNING,0
2026-05-26T15:00:00,DG-001,85.46,0.282,417.5,83.3,35.7,75.04,26.22,NORMAL,0
2026-05-26T16:00:00,DG-001,84.69,0.166,427.8,84.8,34.3,76.42,27.59,NORMAL,0
2026-05-26T17:00:00,DG-001,97.24,0.516,363.9,78.0,37.0,90.98,23.16,WARNING,0
2026-05-26T18:00:00,DG-001,81.57,0.196,293.5,59.3,88.4,75.14,25.9,NORMAL,0
2026-05-26T19:00:00,DG-001,83.54,0.297,417.0,83.5,77.8,78.46,27.41,NORMAL,0
2026-05-26T20:00:00,DG-001,77.8,0.23,322.3,64.6,91.6,75.54,27.4,NORMAL,0
2026-05-26T21:00:00,DG-001,100.18,0.689,432.7,89.3,32.9,89.38,23.26,WARNING,0
2026-05-26T22:00:00,DG-001,81.62,0.236,379.5,74.8,93.0,75.25,27.63,NORMAL,0
2026-05-26T23:00:00,DG-001,78.71,0.161,309.3,63.0,55.1,76.43,25.06,NORMAL,0
2026-05-27T00:00:00,DG-001,77.94,0.195,246.4,51.0,99.3,73.71,26.81,NORMAL,0
2026-05-27T01:00:00,DG-001,81.95,0.28,360.6,72.6,71.6,75.01,26.21,NORMAL,0
2026-05-27T02:00:00,DG-001,82.46,0.275,394.7,79.9,45.3,77.04,27.69,NORMAL,0
2026-05-27T03:00:00,DG-001,85.78,0.231,417.3,82.1,29.7,77.74,27.64,NORMAL,0
2026-05-27T04:00:00,DG-001,81.36,0.355,375.3,75.4,54.1,75.22,25.35,NORMAL,0
2026-05-27T05:00:00,DG-001,82.3,0.303,389.5,77.3,99.6,76.2,26.61,NORMAL,0
2026-05-27T06:00:00,DG-001,82.37,0.26,403.3,80.2,74.4,76.29,25.42,NORMAL,0
2026-05-27T07:00:00,DG-001,80.02,0.282,296.8,58.6,87.4,73.61,25.58,NORMAL,0
2026-05-27T08:00:00,DG-001,82.83,0.159,318.5,63.8,90.7,74.15,26.0,NORMAL,0
2026-05-27T09:00:00,DG-001,82.7,0.253,396.7,79.0,56.9,76.34,25.1,NORMAL,0
2026-05-27T10:00:00,DG-001,82.27,0.208,306.1,61.9,44.4,73.55,26.26,NORMAL,0
2026-05-27T11:00:00,DG-001,81.73,0.18,272.0,54.0,90.7,73.72,25.87,NORMAL,0
2026-05-27T12:00:00,DG-001,83.35,0.302,282.5,56.0,86.4,74.34,27.53,NORMAL,0
2026-05-27T13:00:00,DG-001,110.09,1.105,424.4,96.4,12.7,104.49,23.7,FAILURE_PRECURSOR,1
2026-05-27T14:00:00,DG-001,94.74,0.441,384.8,83.4,76.1,86.71,24.17,WARNING,0
2026-05-27T15:00:00,DG-001,79.67,0.297,293.3,57.8,95.8,74.26,27.75,NORMAL,0
2026-05-27T16:00:00,DG-001,82.15,0.288,408.1,81.9,78.7,76.63,27.13,NORMAL,0
2026-05-27T17:00:00,DG-001,94.51,0.684,383.3,78.5,64.8,86.87,23.56,WARNING,0
2026-05-27T18:00:00,DG-001,83.0,0.297,372.5,75.8,70.3,76.24,27.87,NORMAL,0
2026-05-27T19:00:00,DG-001,81.52,0.294,419.2,84.6,34.2,74.92,25.53,NORMAL,0
2026-05-27T20:00:00,DG-001,99.45,0.54,401.5,92.5,42.4,88.35,24.22,WARNING,0
2026-05-27T21:00:00,DG-001,83.54,0.238,359.6,71.2,80.3,73.93,25.9,NORMAL,0
2026-05-27T22:00:00,DG-001,79.86,0.238,284.6,56.6,35.0,74.61,26.57,NORMAL,0
2026-05-27T23:00:00,DG-001,84.85,0.214,394.1,78.8,45.4,77.84,27.35,NORMAL,0
2026-05-28T00:00:00,DG-001,81.61,0.209,376.7,74.0,83.6,77.2,26.48,NORMAL,0
2026-05-28T01:00:00,DG-001,81.76,0.318,412.4,80.8,34.3,75.45,27.68,NORMAL,0
2026-05-28T02:00:00,DG-001,81.85,0.152,271.9,54.2,97.5,73.74,27.7,NORMAL,0
2026-05-28T03:00:00,DG-001,83.78,0.245,376.4,76.2,46.1,76.16,26.35,NORMAL,0
2026-05-28T04:00:00,DG-001,78.04,0.121,351.4,69.0,45.4,75.44,27.47,NORMAL,0
2026-05-28T05:00:00,DG-001,82.58,0.277,409.6,81.9,97.1,76.08,25.29,NORMAL,0
2026-05-28T06:00:00,DG-001,97.83,0.512,415.5,88.0,47.7,86.88,24.73,WARNING,0
2026-05-28T07:00:00,DG-001,111.04,1.252,460.0,108.4,45.5,106.58,20.89,FAILURE_PRECURSOR,1
2026-05-28T08:00:00,DG-001,81.72,0.219,277.8,56.6,56.9,74.0,27.83,NORMAL,0
2026-05-28T09:00:00,DG-001,80.33,0.215,290.3,59.4,51.4,74.53,25.43,NORMAL,0
2026-05-28T10:00:00,DG-001,83.17,0.24,420.0,83.5,63.7,75.8,25.24,NORMAL,0
2026-05-28T11:00:00,DG-001,97.9,0.427,455.7,94.0,88.2,88.11,24.34,WARNING,0
2026-05-28T12:00:00,DG-001,100.19,0.658,462.3,91.9,89.9,90.22,24.08,WARNING,0
2026-05-28T13:00:00,DG-001,81.17,0.225,343.6,70.7,64.7,76.54,26.75,NORMAL,0
2026-05-28T14:00:00,DG-001,82.42,0.196,268.7,54.3,89.0,72.48,26.48,NORMAL,0
2026-05-28T15:00:00,DG-001,80.58,0.215,266.4,53.5,58.3,75.9,27.27,NORMAL,0
2026-05-28T16:00:00,DG-001,82.91,0.31,404.6,80.8,32.2,75.53,26.96,NORMAL,0
2026-05-28T17:00:00,DG-001,81.92,0.222,262.9,53.3,73.0,75.67,27.98,NORMAL,0
2026-05-28T18:00:00,DG-001,93.72,0.605,429.3,88.4,47.2,91.48,24.03,WARNING,0
2026-05-28T19:00:00,DG-001,84.78,0.236,398.4,79.4,96.2,77.54,27.12,NORMAL,0
2026-05-28T20:00:00,DG-001,101.87,0.999,392.9,86.4,18.9,102.61,22.84,FAILURE_PRECURSOR,1
2026-05-28T21:00:00,DG-001,96.95,0.408,393.7,84.1,46.1,89.41,25.85,WARNING,0
2026-05-28T22:00:00,DG-001,108.65,1.133,434.2,100.7,34.5,106.92,21.06,FAILURE_PRECURSOR,1
2026-05-28T23:00:00,DG-001,79.18,0.296,272.8,54.8,92.7,75.27,27.13,NORMAL,0
2026-05-29T00:00:00,DG-001,96.13,0.594,435.0,85.2,17.9,87.88,23.63,WARNING,0
2026-05-29T01:00:00,DG-001,80.62,0.361,398.9,80.3,47.9,77.76,25.11,NORMAL,0
2026-05-29T02:00:00,DG-001,80.58,0.22,265.0,54.6,25.8,71.85,27.69,NORMAL,0
2026-05-29T03:00:00,DG-001,82.49,0.194,389.2,79.6,85.6,77.52,27.22,NORMAL,0
2026-05-29T04:00:00,DG-001,80.03,0.297,382.4,75.1,58.9,74.67,25.37,NORMAL,0
2026-05-29T05:00:00,DG-001,82.22,0.259,361.8,70.2,72.2,75.41,26.91,NORMAL,0
2026-05-29T06:00:00,DG-001,83.08,0.233,414.3,82.2,85.4,73.62,26.05,NORMAL,0
2026-05-29T07:00:00,DG-001,79.95,0.175,310.2,64.5,69.4,74.8,25.31,NORMAL,0
2026-05-29T08:00:00,DG-001,80.96,0.134,261.2,52.6,64.8,72.88,25.28,NORMAL,0
2026-05-29T09:00:00,DG-001,82.23,0.332,413.9,83.8,86.6,76.1,27.25,NORMAL,0
2026-05-29T10:00:00,DG-001,84.75,0.238,426.6,84.7,57.9,77.57,27.88,NORMAL,0
2026-05-29T11:00:00,DG-001,110.62,0.975,494.3,95.3,30.5,104.93,21.83,FAILURE_PRECURSOR,1
2026-05-29T12:00:00,DG-001,81.84,0.268,346.0,68.4,85.3,74.67,26.01,NORMAL,0
2026-05-29T13:00:00,DG-001,79.46,0.302,308.4,61.6,77.7,76.02,25.89,NORMAL,0
2026-05-29T14:00:00,DG-001,81.24,0.278,384.8,78.0,93.7,77.85,26.39,NORMAL,0
2026-05-29T15:00:00,DG-001,81.02,0.23,368.3,71.4,51.3,74.64,26.22,NORMAL,0
2026-05-29T16:00:00,DG-001,98.15,0.676,353.9,75.6,31.6,88.95,23.6,WARNING,0
2026-05-29T17:00:00,DG-001,98.54,0.467,459.7,93.1,49.2,88.12,24.53,WARNING,0
2026-05-29T18:00:00,DG-001,83.52,0.234,408.3,81.2,38.5,77.35,25.04,NORMAL,0
2026-05-29T19:00:00,DG-001,79.41,0.243,332.0,67.6,49.5,76.29,26.17,NORMAL,0
2026-05-29T20:00:00,DG-001,79.42,0.177,264.9,53.2,78.6,74.01,26.82,NORMAL,0
2026-05-29T21:00:00,DG-001,82.4,0.185,334.4,66.6,45.3,75.87,25.65,NORMAL,0
2026-05-29T22:00:00,DG-001,84.36,0.28,354.0,71.4,71.1,76.14,26.04,NORMAL,0
2026-05-29T23:00:00,DG-001,80.46,0.205,268.6,54.0,69.0,74.0,27.49,NORMAL,0
2026-05-30T00:00:00,DG-001,84.62,0.3,337.0,66.8,49.2,77.35,25.33,NORMAL,0
2026-05-30T01:00:00,DG-001,81.34,0.238,309.0,61.6,61.4,74.92,27.2,NORMAL,0
2026-05-30T02:00:00,DG-001,98.75,0.567,403.4,89.1,36.1,86.96,23.67,WARNING,0
2026-05-30T03:00:00,DG-001,82.91,0.321,416.0,82.1,50.8,78.34,27.95,NORMAL,0
2026-05-30T04:00:00,DG-001,82.28,0.188,310.9,62.6,77.9,74.7,25.77,NORMAL,0
2026-05-30T05:00:00,DG-001,78.38,0.237,393.9,79.9,87.7,77.78,25.23,NORMAL,0
2026-05-30T06:00:00,DG-001,85.46,0.268,407.7,80.4,92.9,76.31,25.64,NORMAL,0
2026-05-30T07:00:00,DG-001,82.96,0.284,293.8,59.9,79.7,73.95,25.42,NORMAL,0
2026-05-30T08:00:00,DG-001,81.71,0.274,342.9,67.8,49.8,76.94,25.45,NORMAL,0
2026-05-30T09:00:00,DG-001,100.23,0.536,448.1,93.9,32.9,88.94,23.7,WARNING,0
2026-05-30T10:00:00,DG-001,84.09,0.325,351.1,70.4,61.3,76.0,25.72,NORMAL,0
2026-05-30T11:00:00,DG-001,80.16,0.31,288.5,57.9,46.8,76.59,27.93,NORMAL,0
2026-05-30T12:00:00,DG-001,106.56,1.458,447.2,86.6,42.0,104.89,20.38,FAILURE_PRECURSOR,1
2026-05-30T13:00:00,DG-001,80.98,0.196,247.0,50.9,71.7,73.24,25.34,NORMAL,0
2026-05-30T14:00:00,DG-001,112.14,1.353,493.5,100.0,29.5,105.63,23.9,FAILURE_PRECURSOR,1
2026-05-30T15:00:00,DG-001,85.06,0.279,388.5,80.1,41.6,77.29,26.97,NORMAL,0
2026-05-30T16:00:00,DG-001,84.83,0.286,426.4,84.7,43.0,77.88,27.52,NORMAL,0
2026-05-30T17:00:00,DG-001,80.41,0.262,348.5,70.7,97.8,74.65,26.81,NORMAL,0
2026-05-30T18:00:00,DG-001,112.04,1.533,397.7,90.7,20.8,102.5,20.88,FAILURE_PRECURSOR,1
2026-05-30T19:00:00,DG-001,96.42,0.636,398.9,87.9,15.7,89.59,23.68,WARNING,0
2026-05-30T20:00:00,DG-001,98.51,0.543,427.2,91.9,32.0,90.03,23.46,WARNING,0
2026-05-30T21:00:00,DG-001,81.91,0.259,267.0,54.3,45.8,74.99,26.41,NORMAL,0
2026-05-30T22:00:00,DG-001,81.74,0.238,374.2,74.8,25.8,76.18,26.52,NORMAL,0
2026-05-30T23:00:00,DG-001,85.03,0.258,391.0,77.2,42.3,75.66,27.05,NORMAL,0
2026-05-31T00:00:00,DG-001,82.07,0.231,366.5,73.3,89.3,76.2,25.19,NORMAL,0
2026-05-31T01:00:00,DG-001,79.33,0.214,273.5,53.1,73.0,73.45,25.06,NORMAL,0
2026-05-31T02:00:00,DG-001,80.02,0.323,381.2,75.0,51.2,76.54,26.26,NORMAL,0
2026-05-31T03:00:00,DG-001,84.55,0.215,390.4,77.3,21.4,76.44,26.44,NORMAL,0
2026-05-31T04:00:00,DG-001,83.82,0.241,357.7,72.4,96.6,77.49,25.13,NORMAL,0
2026-05-31T05:00:00,DG-001,117.53,0.879,442.2,102.1,14.4,104.16,22.08,FAILURE_PRECURSOR,1
2026-05-31T06:00:00,DG-001,82.61,0.216,338.6,69.1,99.0,74.31,25.04,NORMAL,0
2026-05-31T07:00:00,DG-001,81.91,0.2,319.2,64.8,97.8,74.33,25.22,NORMAL,0
2026-05-31T08:00:00,DG-001,82.08,0.326,399.8,80.0,66.8,74.95,26.37,NORMAL,0
2026-05-31T09:00:00,DG-001,98.21,0.5,389.2,82.5,83.6,89.71,25.8,WARNING,0
2026-05-31T10:00:00,DG-001,80.59,0.204,335.1,67.6,85.3,74.71,26.46,NORMAL,0
2026-05-31T11:00:00,DG-001,81.01,0.22,272.3,54.6,62.6,76.23,26.12,NORMAL,0
2026-05-31T12:00:00,DG-001,109.72,1.34,435.3,93.2,12.1,105.18,22.67,FAILURE_PRECURSOR,1
2026-05-31T13:00:00,DG-001,84.48,0.235,410.8,81.9,23.5,76.42,27.74,NORMAL,0
2026-05-31T14:00:00,DG-001,96.34,0.573,354.2,78.4,16.7,89.01,23.51,WARNING,0
2026-05-31T15:00:00,DG-001,79.1,0.289,347.2,68.1,70.5,75.35,25.03,NORMAL,0
2026-05-31T16:00:00,DG-001,83.24,0.181,347.2,68.3,56.5,75.89,25.74,NORMAL,0
2026-05-31T17:00:00,DG-001,80.3,0.214,333.9,66.7,73.8,74.03,25.24,NORMAL,0
2026-05-31T18:00:00,DG-001,80.33,0.283,281.5,58.0,37.5,75.8,27.59,NORMAL,0
2026-05-31T19:00:00,DG-001,82.4,0.318,274.1,53.5,31.9,73.78,27.48,NORMAL,0
2026-05-31T20:00:00,DG-001,81.29,0.355,413.4,82.6,80.7,76.14,25.65,NORMAL,0
2026-05-31T21:00:00,DG-001,97.48,0.497,383.3,76.2,84.4,87.08,24.27,WARNING,0
2026-05-31T22:00:00,DG-001,107.54,0.854,518.7,104.5,35.9,101.64,21.4,FAILURE_PRECURSOR,1
2026-05-31T23:00:00,DG-001,84.14,0.198,380.0,76.3,36.5,76.73,27.4,NORMAL,0
2026-06-01T00:00:00,DG-001,83.17,0.247,409.6,82.5,26.4,77.08,26.23,NORMAL,0
2026-06-01T01:00:00,DG-001,77.94,0.215,279.7,53.5,54.5,73.52,26.92,NORMAL,0
2026-06-01T02:00:00,DG-001,82.07,0.234,354.6,70.9,66.1,75.33,27.03,NORMAL,0
2026-06-01T03:00:00,DG-001,97.5,0.656,408.5,89.8,32.8,87.18,25.49,WARNING,0
2026-06-01T04:00:00,DG-001,80.42,0.253,287.4,56.8,95.5,73.53,25.73,NORMAL,0
2026-06-01T05:00:00,DG-001,83.96,0.219,367.1,73.3,28.2,76.09,27.55,NORMAL,0
2026-06-01T06:00:00,DG-001,111.27,0.961,476.2,100.6,23.4,103.49,22.78,FAILURE_PRECURSOR,1
2026-06-01T07:00:00,DG-001,83.74,0.302,426.4,84.3,90.5,75.98,27.7,NORMAL,0
2026-06-01T08:00:00,DG-001,83.69,0.168,422.1,82.5,49.8,76.56,26.92,NORMAL,0
2026-06-01T09:00:00,DG-001,83.27,0.264,387.7,75.2,20.6,77.0,27.73,NORMAL,0
2026-06-01T10:00:00,DG-001,78.37,0.22,273.9,54.2,83.4,74.44,26.39,NORMAL,0
2026-06-01T11:00:00,DG-001,82.19,0.133,315.2,63.3,46.8,74.39,25.59,NORMAL,0
2026-06-01T12:00:00,DG-001,96.38,0.504,378.9,78.6,79.9,86.79,24.83,WARNING,0
2026-06-01T13:00:00,DG-001,97.12,0.413,387.7,80.7,75.3,88.0,23.62,WARNING,0
2026-06-01T14:00:00,DG-001,80.45,0.16,355.9,71.4,60.4,77.32,26.11,NORMAL,0
2026-06-01T15:00:00,DG-001,98.02,0.564,394.1,78.0,65.3,86.32,23.06,WARNING,0
2026-06-01T16:00:00,DG-001,81.49,0.272,261.6,52.3,76.6,75.15,26.59,NORMAL,0
2026-06-01T17:00:00,DG-001,79.01,0.164,258.7,51.3,94.9,73.94,27.41,NORMAL,0
2026-06-01T18:00:00,DG-001,110.36,1.505,386.6,95.8,23.9,105.6,20.54,FAILURE_PRECURSOR,1
2026-06-01T19:00:00,DG-001,76.39,0.228,314.8,62.3,90.6,74.07,26.96,NORMAL,0
2026-06-01T20:00:00,DG-001,81.33,0.166,269.8,54.4,73.4,74.68,25.64,NORMAL,0
2026-06-01T21:00:00,DG-001,96.77,0.436,393.9,88.0,38.9,90.79,24.03,WARNING,0
2026-06-01T22:00:00,DG-001,110.32,1.055,432.7,103.6,26.6,103.14,22.4,FAILURE_PRECURSOR,1
2026-06-01T23:00:00,DG-001,80.29,0.307,359.0,73.1,60.7,77.37,27.0,NORMAL,0
2026-06-02T00:00:00,DG-001,80.29,0.229,330.2,66.1,85.6,74.4,25.28,NORMAL,0
2026-06-02T01:00:00,DG-001,83.7,0.2,326.9,65.8,65.5,76.27,25.57,NORMAL,0
2026-06-02T02:00:00,DG-001,109.81,1.152,479.0,100.9,44.2,106.2,22.36,FAILURE_PRECURSOR,1
2026-06-02T03:00:00,DG-001,82.91,0.29,403.1,79.1,85.8,77.84,27.34,NORMAL,0
2026-06-02T04:00:00,DG-001,83.61,0.301,384.8,75.7,38.4,75.82,27.8,NORMAL,0
2026-06-02T05:00:00,DG-001,83.79,0.325,394.5,78.2,54.5,77.17,27.3,NORMAL,0
2026-06-02T06:00:00,DG-001,112.73,1.527,473.0,104.3,19.8,105.96,22.11,FAILURE_PRECURSOR,1
2026-06-02T07:00:00,DG-001,83.75,0.16,342.0,67.9,54.9,75.54,26.58,NORMAL,0
2026-06-02T08:00:00,DG-001,84.27,0.316,397.5,80.9,34.5,77.88,26.58,NORMAL,0
2026-06-02T09:00:00,DG-001,84.52,0.22,348.8,68.3,74.0,74.61,25.38,NORMAL,0
2026-06-02T10:00:00,DG-001,84.52,0.257,338.1,67.8,45.5,75.0,27.88,NORMAL,0
2026-06-02T11:00:00,DG-001,78.94,0.236,301.2,61.1,68.7,74.79,26.88,NORMAL,0
2026-06-02T12:00:00,DG-001,83.41,0.208,350.6,71.5,70.8,76.81,26.04,NORMAL,0
2026-06-02T13:00:00,DG-001,80.62,0.28,297.7,58.8,30.9,72.68,27.73,NORMAL,0
2026-06-02T14:00:00,DG-001,81.72,0.269,371.7,74.2,51.3,75.0,26.06,NORMAL,0
2026-06-02T15:00:00,DG-001,84.8,0.274,407.6,82.0,78.0,77.28,26.66,NORMAL,0
2026-06-02T16:00:00,DG-001,83.34,0.288,379.1,76.1,82.1,75.59,26.5,NORMAL,0
2026-06-02T17:00:00,DG-001,79.38,0.193,282.9,57.4,73.0,77.49,26.29,NORMAL,0
2026-06-02T18:00:00,DG-001,81.5,0.303,408.7,83.1,49.2,75.15,26.24,NORMAL,0
2026-06-02T19:00:00,DG-001,82.82,0.175,331.5,66.7,30.5,73.15,25.39,NORMAL,0
2026-06-02T20:00:00,DG-001,80.37,0.363,376.6,74.7,98.9,77.28,27.06,NORMAL,0
2026-06-02T21:00:00,DG-001,79.57,0.195,262.3,52.0,32.2,72.27,25.74,NORMAL,0
2026-06-02T22:00:00,DG-001,82.97,0.246,359.9,71.5,23.6,75.19,27.52,NORMAL,0
2026-06-02T23:00:00,DG-001,109.88,0.935,447.5,98.5,17.1,104.82,21.22,FAILURE_PRECURSOR,1
2026-06-03T00:00:00,DG-001,82.33,0.23,355.2,70.9,65.8,74.72,25.29,NORMAL,0
2026-06-03T01:00:00,DG-001,98.39,0.483,416.5,85.8,45.4,86.46,25.81,WARNING,0
2026-06-03T02:00:00,DG-001,81.72,0.289,382.4,75.6,67.8,77.05,26.65,NORMAL,0
2026-06-03T03:00:00,DG-001,79.2,0.209,297.1,59.0,36.7,73.41,25.42,NORMAL,0
2026-06-03T04:00:00,DG-001,82.83,0.205,405.0,82.2,50.2,74.61,27.73,NORMAL,0
2026-06-03T05:00:00,DG-001,83.19,0.254,350.6,68.7,84.1,75.0,27.81,NORMAL,0
2026-06-03T06:00:00,DG-001,82.37,0.284,406.5,78.8,83.7,76.94,25.05,NORMAL,0
2026-06-03T07:00:00,DG-001,79.56,0.18,288.8,58.3,66.4,72.84,27.98,NORMAL,0
2026-06-03T08:00:00,DG-001,80.53,0.166,287.5,57.7,49.7,73.88,27.26,NORMAL,0
2026-06-03T09:00:00,DG-001,111.86,0.801,418.1,89.3,8.9,104.16,22.59,FAILURE_PRECURSOR,1
2026-06-03T10:00:00,DG-001,83.33,0.22,414.9,81.8,93.4,77.59,27.38,NORMAL,0
2026-06-03T11:00:00,DG-001,82.27,0.146,260.5,51.5,20.8,73.56,25.66,NORMAL,0
2026-06-03T12:00:00,DG-001,84.43,0.213,370.9,75.4,76.8,75.8,25.27,NORMAL,0
2026-06-03T13:00:00,DG-001,80.07,0.292,405.3,81.9,66.6,76.19,26.78,NORMAL,0
2026-06-03T14:00:00,DG-001,95.75,0.489,375.0,79.0,73.7,88.65,24.96,WARNING,0
2026-06-03T15:00:00,DG-001,80.39,0.167,271.0,55.1,99.1,72.61,27.57,NORMAL,0
2026-06-03T16:00:00,DG-001,83.88,0.195,376.2,74.7,56.4,75.15,26.1,NORMAL,0
2026-06-03T17:00:00,DG-001,99.22,0.416,364.5,77.8,72.0,87.58,25.06,WARNING,0
2026-06-03T18:00:00,DG-001,98.84,0.681,435.9,89.9,66.1,88.99,25.98,WARNING,0
2026-06-03T19:00:00,DG-001,93.55,0.662,349.7,75.6,34.5,88.35,23.08,WARNING,0
2026-06-03T20:00:00,DG-001,109.94,1.549,482.0,101.7,49.7,102.32,20.61,FAILURE_PRECURSOR,1
2026-06-03T21:00:00,DG-001,80.29,0.216,283.0,55.6,87.1,75.11,26.54,NORMAL,0
2026-06-03T22:00:00,DG-001,83.73,0.279,419.1,84.2,45.0,75.67,26.17,NORMAL,0
2026-06-03T23:00:00,DG-001,82.88,0.242,353.1,70.5,61.1,75.08,25.42,NORMAL,0
2026-06-04T00:00:00,DG-001,111.2,1.072,546.8,106.9,36.0,109.26,22.74,FAILURE_PRECURSOR,1
2026-06-04T01:00:00,DG-001,97.99,0.546,361.7,75.5,39.7,86.32,24.27,WARNING,0
2026-06-04T02:00:00,DG-001,96.89,0.605,394.5,77.2,60.7,85.17,23.62,WARNING,0
2026-06-04T03:00:00,DG-001,80.63,0.216,263.0,52.5,21.0,73.55,26.78,NORMAL,0
2026-06-04T04:00:00,DG-001,84.49,0.272,420.6,83.9,30.2,76.33,26.66,NORMAL,0
2026-06-04T05:00:00,DG-001,81.61,0.297,390.1,78.4,32.9,76.98,27.47,NORMAL,0
2026-06-04T06:00:00,DG-001,78.28,0.238,283.6,56.3,71.5,74.93,25.3,NORMAL,0
2026-06-04T07:00:00,DG-001,81.32,0.277,379.6,75.1,42.3,75.53,27.7,NORMAL,0
2026-06-04T08:00:00,DG-001,80.74,0.206,395.5,80.1,65.3,74.61,26.13,NORMAL,0
2026-06-04T09:00:00,DG-001,83.92,0.309,418.6,84.0,99.5,76.05,26.51,NORMAL,0
2026-06-04T10:00:00,DG-001,80.46,0.265,342.1,68.4,94.8,76.22,25.83,NORMAL,0
2026-06-04T11:00:00,DG-001,84.0,0.259,335.0,66.9,88.8,75.89,27.05,NORMAL,0
2026-06-04T12:00:00,DG-001,82.35,0.359,425.0,84.7,83.7,78.79,25.33,NORMAL,0
2026-06-04T13:00:00,DG-001,82.99,0.196,392.6,77.9,35.8,75.74,25.51,NORMAL,0
2026-06-04T14:00:00,DG-001,83.66,0.183,399.0,80.0,33.3,77.38,26.64,NORMAL,0
2026-06-04T15:00:00,DG-001,82.95,0.127,277.3,54.7,29.6,73.9,27.94,NORMAL,0
2026-06-04T16:00:00,DG-001,81.97,0.2,392.0,77.6,23.2,76.02,26.98,NORMAL,0
2026-06-04T17:00:00,DG-001,80.44,0.114,282.5,57.0,46.3,75.45,26.13,NORMAL,0
2026-06-04T18:00:00,DG-001,82.7,0.231,417.0,83.4,28.1,75.58,27.8,NORMAL,0
2026-06-04T19:00:00,DG-001,81.05,0.264,252.6,50.8,52.8,75.95,27.72,NORMAL,0
2026-06-04T20:00:00,DG-001,80.37,0.253,368.6,74.3,68.8,75.67,26.3,NORMAL,0
2026-06-04T21:00:00,DG-001,81.75,0.281,361.9,72.1,28.4,75.54,27.08,NORMAL,0
2026-06-04T22:00:00,DG-001,85.23,0.307,374.8,73.6,76.7,76.2,25.96,NORMAL,0
2026-06-04T23:00:00,DG-001,107.21,1.026,449.3,94.7,33.3,104.29,21.61,FAILURE_PRECURSOR,1
2026-06-05T00:00:00,DG-001,77.99,0.226,251.0,52.5,39.7,76.24,26.65,NORMAL,0
2026-06-05T01:00:00,DG-001,99.01,0.46,355.1,76.8,39.5,89.12,24.48,WARNING,0
2026-06-05T02:00:00,DG-001,82.49,0.238,315.4,62.1,59.7,76.94,26.71,NORMAL,0
2026-06-05T03:00:00,DG-001,96.83,0.655,379.1,76.0,66.1,88.14,24.25,WARNING,0
2026-06-05T04:00:00,DG-001,79.64,0.122,279.2,55.7,61.3,76.09,25.24,NORMAL,0
2026-06-05T05:00:00,DG-001,81.66,0.222,304.8,60.3,22.5,72.63,25.58,NORMAL,0
2026-06-05T06:00:00,DG-001,83.19,0.257,349.5,71.0,32.5,75.8,25.63,NORMAL,0
2026-06-05T07:00:00,DG-001,82.4,0.222,361.2,71.7,56.3,77.92,26.34,NORMAL,0
2026-06-05T08:00:00,DG-001,83.0,0.395,413.1,84.5,36.2,76.84,25.77,NORMAL,0
2026-06-05T09:00:00,DG-001,77.74,0.102,256.6,50.1,47.2,74.44,27.41,NORMAL,0
2026-06-05T10:00:00,DG-001,81.13,0.213,340.9,67.8,74.3,74.19,27.11,NORMAL,0
2026-06-05T11:00:00,DG-001,81.79,0.311,375.3,74.4,54.4,75.54,25.45,NORMAL,0
2026-06-05T12:00:00,DG-001,80.15,0.198,376.6,74.2,47.5,74.76,27.83,NORMAL,0
2026-06-05T13:00:00,DG-001,84.79,0.246,385.6,76.3,72.3,75.13,25.97,NORMAL,0
2026-06-05T14:00:00,DG-001,102.44,1.249,430.3,88.2,28.1,103.78,23.6,FAILURE_PRECURSOR,1
2026-06-05T15:00:00,DG-001,78.88,0.219,270.6,53.7,87.4,73.75,27.25,NORMAL,0
2026-06-05T16:00:00,DG-001,81.48,0.253,285.0,56.9,65.6,75.67,25.93,NORMAL,0
2026-06-05T17:00:00,DG-001,80.8,0.232,314.4,61.7,61.4,74.93,25.26,NORMAL,0
2026-06-05T18:00:00,DG-001,83.69,0.292,403.7,81.3,67.1,75.58,26.49,NORMAL,0
2026-06-05T19:00:00,DG-001,96.83,0.447,365.5,79.5,19.8,88.98,25.22,WARNING,0
2026-06-05T20:00:00,DG-001,112.98,1.06,374.2,85.0,8.5,103.72,20.33,FAILURE_PRECURSOR,1
2026-06-05T21:00:00,DG-001,86.32,0.32,409.2,81.4,49.0,75.57,27.85,NORMAL,0
2026-06-05T22:00:00,DG-001,79.77,0.193,308.6,62.3,99.9,75.73,25.85,NORMAL,0
2026-06-05T23:00:00,DG-001,83.11,0.207,318.6,64.8,76.1,74.43,26.27,NORMAL,0
2026-06-06T00:00:00,DG-001,79.46,0.189,308.9,63.1,60.3,76.0,26.82,NORMAL,0
2026-06-06T01:00:00,DG-001,83.23,0.272,298.6,59.3,26.0,73.63,27.95,NORMAL,0
2026-06-06T02:00:00,DG-001,81.92,0.308,378.2,75.7,61.8,74.89,25.21,NORMAL,0
2026-06-06T03:00:00,DG-001,78.04,0.207,374.9,75.5,78.8,74.88,25.55,NORMAL,0
2026-06-06T04:00:00,DG-001,83.52,0.179,346.2,71.6,53.3,76.96,27.02,NORMAL,0
2026-06-06T05:00:00,DG-001,100.53,0.649,431.7,89.6,41.6,87.82,24.7,WARNING,0
2026-06-06T06:00:00,DG-001,82.35,0.314,369.0,72.6,70.4,75.11,25.58,NORMAL,0
2026-06-06T07:00:00,DG-001,83.16,0.243,382.2,76.7,52.7,76.17,25.8,NORMAL,0
2026-06-06T08:00:00,DG-001,84.52,0.211,252.2,51.3,76.7,73.7,25.1,NORMAL,0
2026-06-06T09:00:00,DG-001,97.9,0.516,377.2,77.8,88.9,87.9,25.03,WARNING,0
2026-06-06T10:00:00,DG-001,82.7,0.251,402.5,81.4,73.7,77.96,25.95,NORMAL,0
2026-06-06T11:00:00,DG-001,83.48,0.205,352.0,70.0,83.3,73.67,25.07,NORMAL,0
2026-06-06T12:00:00,DG-001,79.62,0.171,290.6,56.7,75.5,76.75,25.82,NORMAL,0
2026-06-06T13:00:00,DG-001,99.91,0.576,340.8,75.9,27.0,87.75,24.94,WARNING,0
2026-06-06T14:00:00,DG-001,80.13,0.199,310.3,61.5,73.3,76.39,27.49,NORMAL,0
2026-06-06T15:00:00,DG-001,83.26,0.301,399.2,78.8,86.5,76.62,27.32,NORMAL,0
2026-06-06T16:00:00,DG-001,81.27,0.28,308.2,60.7,23.2,75.23,26.1,NORMAL,0
2026-06-06T17:00:00,DG-001,108.8,1.358,389.1,89.0,19.9,105.4,23.32,FAILURE_PRECURSOR,1
2026-06-06T18:00:00,DG-001,99.07,0.547,383.9,76.4,87.1,88.4,25.2,WARNING,0
2026-06-06T19:00:00,DG-001,82.19,0.229,340.0,68.5,49.4,74.62,27.75,NORMAL,0
2026-06-06T20:00:00,DG-001,104.75,1.484,371.5,95.6,24.1,105.01,21.8,FAILURE_PRECURSOR,1
2026-06-06T21:00:00,DG-001,80.2,0.168,293.7,60.1,99.0,76.35,27.14,NORMAL,0
2026-06-06T22:00:00,DG-001,81.08,0.176,326.5,66.2,50.1,76.01,25.55,NORMAL,0
2026-06-06T23:00:00,DG-001,99.19,0.555,383.1,87.5,52.7,87.42,24.09,WARNING,0
2026-06-07T00:00:00,DG-001,80.16,0.205,343.7,67.7,77.3,76.88,27.79,NORMAL,0
2026-06-07T01:00:00,DG-001,96.78,0.496,443.6,90.0,55.3,90.04,24.6,WARNING,0
2026-06-07T02:00:00,DG-001,100.86,0.644,429.7,91.3,22.0,90.3,23.56,WARNING,0
2026-06-07T03:00:00,DG-001,81.75,0.321,409.1,81.8,44.3,77.13,25.53,NORMAL,0
2026-06-07T04:00:00,DG-001,83.28,0.235,378.1,76.0,31.1,76.45,27.63,NORMAL,0
2026-06-07T05:00:00,DG-001,82.0,0.181,298.4,59.9,76.3,72.8,25.14,NORMAL,0
2026-06-07T06:00:00,DG-001,84.62,0.284,396.0,79.2,20.2,76.44,26.33,NORMAL,0
2026-06-07T07:00:00,DG-001,83.24,0.247,352.1,69.8,83.7,75.46,25.45,NORMAL,0
2026-06-07T08:00:00,DG-001,97.53,0.629,366.4,79.2,84.8,88.22,24.51,WARNING,0
2026-06-07T09:00:00,DG-001,82.76,0.289,394.1,77.6,34.1,74.86,27.75,NORMAL,0
2026-06-07T10:00:00,DG-001,85.29,0.198,276.7,55.5,90.8,75.06,26.7,NORMAL,0
2026-06-07T11:00:00,DG-001,81.21,0.305,368.0,73.6,41.3,74.63,26.07,NORMAL,0
2026-06-07T12:00:00,DG-001,108.65,1.552,450.5,97.6,26.9,105.91,21.56,FAILURE_PRECURSOR,1
2026-06-07T13:00:00,DG-001,83.59,0.193,390.1,77.6,85.2,76.41,27.45,NORMAL,0
2026-06-07T14:00:00,DG-001,84.09,0.276,356.1,71.2,31.9,74.75,27.69,NORMAL,0
2026-06-07T15:00:00,DG-001,80.06,0.32,308.3,60.5,51.3,75.22,25.4,NORMAL,0
2026-06-07T16:00:00,DG-001,82.11,0.202,359.5,72.1,55.7,75.65,26.03,NORMAL,0
2026-06-07T17:00:00,DG-001,81.25,0.195,266.2,53.5,70.3,73.93,26.87,NORMAL,0
2026-06-07T18:00:00,DG-001,81.24,0.334,405.2,82.2,46.1,76.98,25.48,NORMAL,0
2026-06-07T19:00:00,DG-001,81.45,0.196,354.7,70.8,67.3,76.43,27.62,NORMAL,0
2026-06-07T20:00:00,DG-001,80.18,0.176,265.7,53.9,30.1,76.06,26.38,NORMAL,0
2026-06-07T21:00:00,DG-001,80.44,0.177,281.0,55.7,26.1,76.39,25.68,NORMAL,0
2026-06-07T22:00:00,DG-001,79.93,0.278,262.1,51.9,57.7,74.01,27.79,NORMAL,0
2026-06-07T23:00:00,DG-001,102.14,1.367,426.0,88.9,17.6,104.6,20.37,FAILURE_PRECURSOR,1
2026-06-08T00:00:00,DG-001,84.53,0.258,409.8,82.7,67.8,76.23,25.89,NORMAL,0
2026-06-08T01:00:00,DG-001,97.07,0.608,401.1,82.7,42.4,86.92,23.08,WARNING,0
2026-06-08T02:00:00,DG-001,84.57,0.217,411.7,81.5,52.8,78.39,27.34,NORMAL,0
2026-06-08T03:00:00,DG-001,83.69,0.319,388.2,77.8,79.5,74.78,25.51,NORMAL,0
2026-06-08T04:00:00,DG-001,80.94,0.378,318.4,64.2,51.1,74.5,25.88,NORMAL,0
2026-06-08T05:00:00,DG-001,78.59,0.133,273.0,56.1,87.2,74.69,25.52,NORMAL,0
2026-06-08T06:00:00,DG-001,107.4,1.459,409.8,95.0,20.4,103.68,21.26,FAILURE_PRECURSOR,1
2026-06-08T07:00:00,DG-001,83.75,0.192,300.6,63.1,30.7,74.46,25.18,NORMAL,0
2026-06-08T08:00:00,DG-001,80.75,0.219,290.9,58.2,70.7,74.28,27.96,NORMAL,0
2026-06-08T09:00:00,DG-001,77.88,0.197,258.0,50.6,25.5,75.86,25.8,NORMAL,0
2026-06-08T10:00:00,DG-001,97.03,0.596,426.6,86.7,76.9,88.13,24.97,WARNING,0
2026-06-08T11:00:00,DG-001,81.81,0.199,396.4,78.0,59.7,76.26,26.94,NORMAL,0
2026-06-08T12:00:00,DG-001,84.57,0.26,398.5,79.7,26.3,75.24,27.03,NORMAL,0
2026-06-08T13:00:00,DG-001,79.58,0.188,265.4,53.0,34.0,75.71,26.46,NORMAL,0
2026-06-08T14:00:00,DG-001,82.74,0.33,302.2,61.0,87.4,74.42,26.03,NORMAL,0
2026-06-08T15:00:00,DG-001,102.71,0.512,440.3,94.7,61.9,85.87,24.32,WARNING,0
2026-06-08T16:00:00,DG-001,84.38,0.266,402.4,80.3,38.2,73.79,27.23,NORMAL,0
2026-06-08T17:00:00,DG-001,80.09,0.256,358.5,74.6,20.2,74.82,27.07,NORMAL,0
2026-06-08T18:00:00,DG-001,82.85,0.258,346.2,71.2,46.9,74.96,25.31,NORMAL,0
2026-06-08T19:00:00,DG-001,82.28,0.321,387.8,78.1,90.2,75.91,27.55,NORMAL,0
2026-06-08T20:00:00,DG-001,80.92,0.207,359.1,71.8,21.0,75.4,25.45,NORMAL,0
2026-06-08T21:00:00,DG-001,79.49,0.252,303.2,61.0,37.4,75.5,25.99,NORMAL,0
2026-06-08T22:00:00,DG-001,81.39,0.184,266.7,52.6,56.4,74.58,25.31,NORMAL,0
2026-06-08T23:00:00,DG-001,82.49,0.248,375.2,75.2,52.0,75.63,25.91,NORMAL,0
2026-06-09T00:00:00,DG-001,82.51,0.247,390.5,77.0,88.2,78.09,25.46,NORMAL,0
2026-06-09T01:00:00,DG-001,78.62,0.186,303.8,62.8,92.4,76.11,25.78,NORMAL,0
2026-06-09T02:00:00,DG-001,81.21,0.152,376.1,74.4,21.8,75.15,27.21,NORMAL,0
2026-06-09T03:00:00,DG-001,83.25,0.315,418.3,82.3,72.3,76.55,25.42,NORMAL,0
2026-06-09T04:00:00,DG-001,82.72,0.232,386.1,76.0,90.4,76.28,27.03,NORMAL,0
2026-06-09T05:00:00,DG-001,98.17,0.662,384.8,83.2,17.0,88.47,23.34,WARNING,0
2026-06-09T06:00:00,DG-001,81.22,0.3,370.8,73.9,79.1,75.92,25.82,NORMAL,0
2026-06-09T07:00:00,DG-001,100.57,0.638,411.4,88.8,61.1,87.36,25.59,WARNING,0
2026-06-09T08:00:00,DG-001,80.26,0.271,340.0,68.3,73.9,75.59,25.91,NORMAL,0
2026-06-09T09:00:00,DG-001,81.31,0.254,281.5,57.8,65.9,74.62,26.02,NORMAL,0
2026-06-09T10:00:00,DG-001,80.72,0.108,341.3,66.9,29.4,74.99,26.97,NORMAL,0
2026-06-09T11:00:00,DG-001,83.36,0.312,301.9,61.0,65.7,75.95,25.65,NORMAL,0
2026-06-09T12:00:00,DG-001,79.21,0.341,314.8,63.5,48.1,76.66,27.67,NORMAL,0
2026-06-09T13:00:00,DG-001,81.34,0.202,360.6,72.2,91.6,74.48,25.28,NORMAL,0
2026-06-09T14:00:00,DG-001,83.78,0.215,349.2,71.6,25.3,77.13,27.95,NORMAL,0
2026-06-09T15:00:00,DG-001,85.11,0.313,419.4,84.6,49.6,76.32,25.99,NORMAL,0
2026-06-09T16:00:00,DG-001,84.17,0.325,405.5,80.3,46.9,77.29,26.43,NORMAL,0
2026-06-09T17:00:00,DG-001,82.52,0.274,371.1,73.8,94.7,76.27,26.89,NORMAL,0
2026-06-09T18:00:00,DG-001,81.27,0.144,299.0,58.4,29.3,75.21,25.35,NORMAL,0
2026-06-09T19:00:00,DG-001,80.11,0.191,299.4,59.6,76.2,73.79,27.06,NORMAL,0
2026-06-09T20:00:00,DG-001,84.74,0.253,413.1,83.4,74.6,77.86,25.32,NORMAL,0
2026-06-09T21:00:00,DG-001,84.06,0.221,302.2,60.3,44.8,75.54,27.01,NORMAL,0
2026-06-09T22:00:00,DG-001,81.06,0.283,314.1,65.3,96.3,74.05,27.43,NORMAL,0
2026-06-09T23:00:00,DG-001,82.56,0.249,328.2,66.6,64.0,75.31,26.11,NORMAL,0
2026-06-10T00:00:00,DG-001,80.69,0.21,287.1,56.5,69.8,75.0,25.77,NORMAL,0
2026-06-10T01:00:00,DG-001,84.67,0.258,370.4,74.8,27.9,76.83,27.63,NORMAL,0
2026-06-10T02:00:00,DG-001,82.0,0.234,382.2,75.2,87.3,76.22,25.81,NORMAL,0
2026-06-10T03:00:00,DG-001,97.27,0.51,417.3,86.6,41.6,87.64,24.17,WARNING,0
2026-06-10T04:00:00,DG-001,81.4,0.245,351.2,70.9,50.0,72.27,26.09,NORMAL,0
2026-06-10T05:00:00,DG-001,82.61,0.202,248.5,50.6,27.8,74.46,25.82,NORMAL,0
2026-06-10T06:00:00,DG-001,80.47,0.166,307.0,62.5,29.9,75.46,25.58,NORMAL,0
2026-06-10T07:00:00,DG-001,83.41,0.335,387.9,78.2,59.1,75.09,25.22,NORMAL,0
2026-06-10T08:00:00,DG-001,84.07,0.286,381.4,75.8,50.6,75.84,27.08,NORMAL,0
2026-06-10T09:00:00,DG-001,79.3,0.257,336.3,68.3,28.9,76.81,27.07,NORMAL,0
2026-06-10T10:00:00,DG-001,82.06,0.25,365.3,74.6,20.5,76.07,26.27,NORMAL,0
2026-06-10T11:00:00,DG-001,83.02,0.127,350.7,70.3,65.5,75.39,26.61,NORMAL,0
2026-06-10T12:00:00,DG-001,82.53,0.267,332.3,66.7,25.4,76.81,26.97,NORMAL,0
2026-06-10T13:00:00,DG-001,92.68,0.597,416.0,85.3,75.9,89.02,24.18,WARNING,0
2026-06-10T14:00:00,DG-001,81.88,0.214,366.0,73.1,78.9,75.53,25.95,NORMAL,0
2026-06-10T15:00:00,DG-001,78.16,0.147,292.9,57.6,90.2,73.64,25.66,NORMAL,0
2026-06-10T16:00:00,DG-001,87.3,0.358,406.1,81.5,22.9,76.07,27.35,NORMAL,0
2026-06-10T17:00:00,DG-001,81.77,0.238,342.8,68.6,30.1,73.75,27.73,NORMAL,0
2026-06-10T18:00:00,DG-001,84.5,0.174,367.4,73.4,27.4,73.66,27.71,NORMAL,0
2026-06-10T19:00:00,DG-001,80.27,0.3,315.9,63.2,41.3,76.35,27.62,NORMAL,0
2026-06-10T20:00:00,DG-001,78.13,0.234,294.6,58.7,94.8,75.47,27.67,NORMAL,0
2026-06-10T21:00:00,DG-001,82.08,0.286,339.1,68.2,94.8,74.54,26.34,NORMAL,0
2026-06-10T22:00:00,DG-001,81.87,0.315,398.8,80.6,84.5,77.08,26.22,NORMAL,0
2026-06-10T23:00:00,DG-001,84.17,0.216,395.5,78.9,64.5,74.9,26.3,NORMAL,0
2026-06-11T00:00:00,DG-001,82.28,0.321,316.5,62.6,94.8,77.97,27.83,NORMAL,0
2026-06-11T01:00:00,DG-001,79.89,0.231,306.4,62.3,71.1,74.23,25.67,NORMAL,0
2026-06-11T02:00:00,DG-001,80.14,0.262,275.5,56.0,98.9,73.76,27.62,NORMAL,0
2026-06-11T03:00:00,DG-001,101.3,0.684,437.1,89.6,58.8,87.31,23.49,WARNING,0
2026-06-11T04:00:00,DG-001,83.67,0.343,414.3,81.9,76.5,76.55,26.29,NORMAL,0
2026-06-11T05:00:00,DG-001,83.09,0.328,427.3,84.2,56.6,77.28,25.49,NORMAL,0
2026-06-11T06:00:00,DG-001,81.39,0.356,356.4,71.8,87.0,76.77,25.88,NORMAL,0
2026-06-11T07:00:00,DG-001,84.01,0.333,337.2,67.1,38.9,75.03,27.41,NORMAL,0
2026-06-11T08:00:00,DG-001,80.9,0.304,364.9,72.1,78.6,75.47,27.12,NORMAL,0
2026-06-11T09:00:00,DG-001,84.89,0.247,423.0,83.9,89.1,77.9,26.29,NORMAL,0
2026-06-11T10:00:00,DG-001,83.74,0.223,358.3,73.0,26.9,77.48,26.86,NORMAL,0
2026-06-11T11:00:00,DG-001,80.96,0.278,337.1,66.6,40.4,74.29,25.88,NORMAL,0
2026-06-11T12:00:00,DG-001,96.74,0.539,380.1,78.6,86.5,87.96,26.0,WARNING,0
2026-06-11T13:00:00,DG-001,83.44,0.272,380.3,76.1,56.8,76.7,26.25,NORMAL,0
2026-06-11T14:00:00,DG-001,82.52,0.308,382.0,77.1,34.4,75.47,27.15,NORMAL,0
2026-06-11T15:00:00,DG-001,81.46,0.16,297.9,60.2,81.4,72.61,25.59,NORMAL,0
2026-06-11T16:00:00,DG-001,80.57,0.145,319.7,62.0,92.4,72.57,27.9,NORMAL,0
2026-06-11T17:00:00,DG-001,78.97,0.213,252.8,51.4,95.4,75.64,27.51,NORMAL,0
2026-06-11T18:00:00,DG-001,79.66,0.252,330.0,66.1,81.0,76.04,25.5,NORMAL,0
2026-06-11T19:00:00,DG-001,83.33,0.245,284.6,55.0,58.1,75.24,25.35,NORMAL,0
2026-06-11T20:00:00,DG-001,83.27,0.258,410.1,84.1,24.4,77.99,27.42,NORMAL,0
2026-06-11T21:00:00,DG-001,82.43,0.191,338.4,67.1,90.3,76.25,26.32,NORMAL,0
2026-06-11T22:00:00,DG-001,79.83,0.217,294.5,59.1,92.7,73.9,27.83,NORMAL,0
2026-06-11T23:00:00,DG-001,79.85,0.153,279.0,55.0,82.3,76.17,25.87,NORMAL,0
2026-06-12T00:00:00,DG-001,95.38,0.583,418.9,84.8,51.4,91.07,24.42,WARNING,0
2026-06-12T01:00:00,DG-001,80.34,0.211,348.6,71.5,76.3,76.59,25.59,NORMAL,0
2026-06-12T02:00:00,DG-001,94.03,0.595,375.0,77.5,18.9,88.94,24.77,WARNING,0
2026-06-12T03:00:00,DG-001,82.95,0.264,325.1,66.7,32.8,75.51,25.42,NORMAL,0
2026-06-12T04:00:00,DG-001,93.49,0.66,355.5,77.5,78.8,87.98,25.21,WARNING,0
2026-06-12T05:00:00,DG-001,80.88,0.212,288.7,58.9,69.2,73.9,25.39,NORMAL,0
2026-06-12T06:00:00,DG-001,82.47,0.24,332.2,66.8,42.3,77.44,25.83,NORMAL,0
2026-06-12T07:00:00,DG-001,99.58,0.574,417.5,89.4,72.7,89.3,25.57,WARNING,0
2026-06-12T08:00:00,DG-001,83.99,0.219,411.6,82.2,36.3,76.1,26.13,NORMAL,0
2026-06-12T09:00:00,DG-001,95.95,0.621,417.6,89.9,32.1,89.76,24.92,WARNING,0
2026-06-12T10:00:00,DG-001,100.09,0.555,473.4,90.0,70.7,89.69,25.48,WARNING,0
2026-06-12T11:00:00,DG-001,99.79,0.47,414.0,85.1,16.2,91.65,25.75,WARNING,0
2026-06-12T12:00:00,DG-001,79.37,0.157,286.3,58.2,39.3,75.6,26.91,NORMAL,0
2026-06-12T13:00:00,DG-001,98.59,0.466,438.7,87.6,58.2,87.9,25.22,WARNING,0
2026-06-12T14:00:00,DG-001,84.37,0.219,384.1,78.1,30.5,77.06,25.64,NORMAL,0
2026-06-12T15:00:00,DG-001,82.66,0.294,286.6,55.5,93.1,75.53,27.44,NORMAL,0
2026-06-12T16:00:00,DG-001,81.78,0.349,350.7,70.6,89.8,77.16,25.38,NORMAL,0
2026-06-12T17:00:00,DG-001,80.74,0.079,286.3,56.6,58.9,75.8,27.52,NORMAL,0
2026-06-12T18:00:00,DG-001,105.73,1.544,430.6,104.9,30.2,107.48,23.03,FAILURE_PRECURSOR,1
2026-06-12T19:00:00,DG-001,83.38,0.205,306.1,61.2,25.2,76.45,25.49,NORMAL,0
2026-06-12T20:00:00,DG-001,97.34,0.453,427.7,87.3,43.2,90.36,24.0,WARNING,0
2026-06-12T21:00:00,DG-001,87.28,0.281,396.5,79.2,36.9,76.17,26.9,NORMAL,0
2026-06-12T22:00:00,DG-001,80.65,0.221,266.8,55.1,27.2,75.24,26.3,NORMAL,0
2026-06-12T23:00:00,DG-001,114.44,1.203,520.8,103.9,8.2,103.71,22.2,FAILURE_PRECURSOR,1
2026-06-13T00:00:00,DG-001,80.85,0.295,349.5,69.6,23.8,74.54,25.22,NORMAL,0
2026-06-13T01:00:00,DG-001,81.05,0.247,261.3,51.3,35.8,75.02,27.7,NORMAL,0
2026-06-13T02:00:00,DG-001,80.55,0.211,281.3,54.7,34.4,73.85,26.77,NORMAL,0
2026-06-13T03:00:00,DG-001,81.47,0.266,305.2,61.7,21.2,76.34,25.05,NORMAL,0
2026-06-13T04:00:00,DG-001,79.63,0.284,280.4,57.7,29.9,74.92,27.37,NORMAL,0
2026-06-13T05:00:00,DG-001,81.31,0.19,271.9,53.9,35.6,74.56,26.63,NORMAL,0
2026-06-13T06:00:00,DG-001,83.48,0.196,255.8,51.5,21.4,73.6,26.42,NORMAL,0
2026-06-13T07:00:00,DG-001,83.2,0.273,351.6,71.3,56.4,76.2,25.4,NORMAL,0
2026-06-13T08:00:00,DG-001,111.85,0.894,494.0,104.3,42.7,105.44,21.76,FAILURE_PRECURSOR,1
2026-06-13T09:00:00,DG-001,80.53,0.203,275.1,53.7,50.9,75.1,26.86,NORMAL,0
2026-06-13T10:00:00,DG-001,79.13,0.372,410.5,82.4,54.1,76.4,27.93,NORMAL,0
2026-06-13T11:00:00,DG-001,83.71,0.263,332.5,67.5,84.0,76.14,25.56,NORMAL,0
2026-06-13T12:00:00,DG-001,82.88,0.252,398.3,82.1,95.2,76.04,26.46,NORMAL,0
2026-06-13T13:00:00,DG-001,80.57,0.159,311.8,60.2,81.4,73.76,25.8,NORMAL,0
2026-06-13T14:00:00,DG-001,80.1,0.265,350.1,69.6,59.8,76.71,26.94,NORMAL,0
2026-06-13T15:00:00,DG-001,106.28,0.857,442.1,102.3,24.1,106.98,20.68,FAILURE_PRECURSOR,1
2026-06-13T16:00:00,DG-001,107.48,1.275,396.4,87.3,14.9,103.96,22.61,FAILURE_PRECURSOR,1
2026-06-13T17:00:00,DG-001,80.87,0.278,430.0,84.2,77.5,77.42,25.62,NORMAL,0
2026-06-13T18:00:00,DG-001,80.88,0.219,363.4,71.4,43.7,77.51,26.01,NORMAL,0
2026-06-13T19:00:00,DG-001,81.74,0.294,328.5,67.1,53.7,75.5,27.16,NORMAL,0
2026-06-13T20:00:00,DG-001,80.54,0.267,322.8,64.3,29.1,75.01,26.97,NORMAL,0
2026-06-13T21:00:00,DG-001,83.16,0.246,300.9,59.5,36.6,74.37,25.33,NORMAL,0
2026-06-13T22:00:00,DG-001,109.27,0.858,416.9,88.4,23.9,109.09,23.73,FAILURE_PRECURSOR,1
2026-06-13T23:00:00,DG-001,77.01,0.148,272.6,53.9,85.7,73.64,27.1,NORMAL,0
2026-06-14T00:00:00,DG-001,79.72,0.256,277.2,53.7,63.7,74.37,27.45,NORMAL,0
2026-06-14T01:00:00,DG-001,115.92,1.433,395.2,97.1,9.8,100.72,23.4,FAILURE_PRECURSOR,1
2026-06-14T02:00:00,DG-001,83.36,0.325,368.9,75.4,49.6,75.68,27.73,NORMAL,0
2026-06-14T03:00:00,DG-001,94.96,0.601,345.0,75.6,34.4,87.23,23.52,WARNING,0
2026-06-14T04:00:00,DG-001,80.58,0.191,292.8,57.1,94.2,75.0,26.34,NORMAL,0
2026-06-14T05:00:00,DG-001,81.27,0.277,309.0,64.0,59.7,73.61,27.38,NORMAL,0
2026-06-14T06:00:00,DG-001,82.83,0.209,357.3,70.7,71.9,75.48,27.82,NORMAL,0
2026-06-14T07:00:00,DG-001,99.71,0.408,436.1,90.7,49.6,87.96,23.39,WARNING,0
2026-06-14T08:00:00,DG-001,101.64,1.304,408.8,92.4,41.5,103.0,23.44,FAILURE_PRECURSOR,1
2026-06-14T09:00:00,DG-001,96.99,0.538,423.1,90.4,44.5,91.25,23.3,WARNING,0
2026-06-14T10:00:00,DG-001,82.54,0.147,325.3,63.7,93.6,74.16,26.54,NORMAL,0
2026-06-14T11:00:00,DG-001,82.94,0.255,363.1,74.1,41.2,74.96,25.52,NORMAL,0
2026-06-14T12:00:00,DG-001,81.76,0.234,394.1,79.3,89.8,76.06,27.78,NORMAL,0
2026-06-14T13:00:00,DG-001,82.01,0.227,292.5,58.6,93.8,74.69,25.66,NORMAL,0
2026-06-14T14:00:00,DG-001,82.16,0.25,311.2,63.8,41.1,74.97,26.8,NORMAL,0
2026-06-14T15:00:00,DG-001,82.65,0.151,396.2,78.3,70.1,76.97,26.99,NORMAL,0
2026-06-14T16:00:00,DG-001,83.17,0.144,296.7,59.5,62.7,74.4,26.22,NORMAL,0
2026-06-14T17:00:00,DG-001,83.89,0.247,378.1,75.1,44.8,73.69,25.01,NORMAL,0
2026-06-14T18:00:00,DG-001,97.83,0.424,367.5,81.7,74.4,85.32,24.15,WARNING,0
2026-06-14T19:00:00,DG-001,82.02,0.305,330.2,65.6,47.9,74.5,25.9,NORMAL,0
2026-06-14T20:00:00,DG-001,80.92,0.223,249.7,50.4,79.2,72.01,26.83,NORMAL,0
2026-06-14T21:00:00,DG-001,82.51,0.24,328.3,66.3,70.6,74.4,26.27,NORMAL,0
2026-06-14T22:00:00,DG-001,78.56,0.231,323.2,64.8,31.1,75.49,27.94,NORMAL,0
2026-06-14T23:00:00,DG-001,82.54,0.159,340.7,68.9,84.5,75.0,25.38,NORMAL,0
2026-06-15T00:00:00,DG-001,79.91,0.245,268.6,54.5,45.6,72.99,27.58,NORMAL,0
2026-06-15T01:00:00,DG-001,81.42,0.191,309.9,61.5,47.3,74.57,27.48,NORMAL,0
2026-06-15T02:00:00,DG-001,81.9,0.286,354.4,70.3,28.1,76.71,26.39,NORMAL,0
2026-06-15T03:00:00,DG-001,96.84,0.581,414.0,86.0,80.3,89.64,23.02,WARNING,0
2026-06-15T04:00:00,DG-001,80.77,0.188,334.4,67.6,85.9,77.2,26.88,NORMAL,0
2026-06-15T05:00:00,DG-001,83.08,0.287,338.3,69.9,54.7,76.36,26.22,NORMAL,0
2026-06-15T06:00:00,DG-001,81.37,0.298,370.8,74.5,40.7,75.78,27.75,NORMAL,0
2026-06-15T07:00:00,DG-001,79.46,0.222,262.2,52.1,23.0,76.07,27.87,NORMAL,0
2026-06-15T08:00:00,DG-001,80.6,0.253,256.7,52.4,51.9,74.3,26.47,NORMAL,0
2026-06-15T09:00:00,DG-001,82.97,0.228,380.8,77.0,31.3,77.13,26.8,NORMAL,0
2026-06-15T10:00:00,DG-001,82.47,0.198,364.4,72.4,29.3,74.47,25.64,NORMAL,0
2026-06-15T11:00:00,DG-001,84.45,0.288,403.6,80.2,88.2,76.08,26.13,NORMAL,0
2026-06-15T12:00:00,DG-001,81.62,0.138,292.4,59.4,20.2,73.52,25.7,NORMAL,0
2026-06-15T13:00:00,DG-001,81.75,0.268,355.9,70.7,26.3,77.21,26.07,NORMAL,0
2026-06-15T14:00:00,DG-001,83.85,0.203,250.4,50.9,78.5,72.92,26.02,NORMAL,0
2026-06-15T15:00:00,DG-001,113.39,1.305,471.7,109.4,42.0,107.4,20.57,FAILURE_PRECURSOR,1
2026-06-15T16:00:00,DG-001,97.49,0.445,449.3,94.5,50.1,90.47,24.25,WARNING,0
2026-06-15T17:00:00,DG-001,84.54,0.278,421.0,84.8,45.8,75.31,26.51,NORMAL,0
2026-06-15T18:00:00,DG-001,115.42,1.174,460.0,103.1,49.2,105.38,22.5,FAILURE_PRECURSOR,1
2026-06-15T19:00:00,DG-001,81.27,0.168,342.4,67.9,59.5,75.53,25.65,NORMAL,0
2026-06-15T20:00:00,DG-001,85.52,0.277,401.4,80.2,70.1,75.98,25.59,NORMAL,0
2026-06-15T21:00:00,DG-001,98.57,0.53,381.0,82.2,32.6,88.46,23.61,WARNING,0
2026-06-15T22:00:00,DG-001,81.34,0.203,258.3,51.6,45.0,73.9,27.51,NORMAL,0
2026-06-15T23:00:00,DG-001,81.27,0.305,260.6,51.5,42.1,73.62,27.21,NORMAL,0
2026-06-16T00:00:00,DG-001,95.47,0.608,388.8,79.9,69.4,88.62,23.52,WARNING,0
2026-06-16T01:00:00,DG-001,78.32,0.236,280.8,55.8,49.9,74.85,26.98,NORMAL,0
2026-06-16T02:00:00,DG-001,80.61,0.28,272.3,55.3,34.9,74.38,27.61,NORMAL,0
2026-06-16T03:00:00,DG-001,80.41,0.21,264.6,51.5,80.9,75.78,26.03,NORMAL,0
2026-06-16T04:00:00,DG-001,82.49,0.243,364.3,72.3,99.4,76.64,27.71,NORMAL,0
2026-06-16T05:00:00,DG-001,80.95,0.179,314.1,62.0,20.4,75.72,27.85,NORMAL,0
2026-06-16T06:00:00,DG-001,83.22,0.327,397.4,79.3,56.4,76.16,26.08,NORMAL,0
2026-06-16T07:00:00,DG-001,83.0,0.238,315.1,62.9,40.1,75.94,25.31,NORMAL,0
2026-06-16T08:00:00,DG-001,81.5,0.23,302.2,60.6,31.1,75.34,26.75,NORMAL,0
2026-06-16T09:00:00,DG-001,83.35,0.277,433.7,84.8,93.0,75.59,27.79,NORMAL,0
2026-06-16T10:00:00,DG-001,79.47,0.121,296.4,59.0,91.3,74.67,27.24,NORMAL,0
2026-06-16T11:00:00,DG-001,81.67,0.247,365.2,75.3,63.5,76.95,26.27,NORMAL,0
2026-06-16T12:00:00,DG-001,112.93,1.314,443.5,100.8,48.2,105.58,22.09,FAILURE_PRECURSOR,1
2026-06-16T13:00:00,DG-001,78.99,0.245,295.7,60.3,68.2,75.02,26.74,NORMAL,0
2026-06-16T14:00:00,DG-001,80.17,0.168,308.7,63.4,76.7,75.06,27.35,NORMAL,0
2026-06-16T15:00:00,DG-001,80.87,0.201,271.1,53.4,25.9,74.7,25.43,NORMAL,0
2026-06-16T16:00:00,DG-001,82.78,0.174,424.7,83.4,62.8,75.99,25.93,NORMAL,0
2026-06-16T17:00:00,DG-001,109.86,1.443,522.9,96.1,23.7,103.1,23.02,FAILURE_PRECURSOR,1
2026-06-16T18:00:00,DG-001,108.56,1.251,459.5,101.1,33.8,104.55,22.74,FAILURE_PRECURSOR,1
2026-06-16T19:00:00,DG-001,81.99,0.244,419.1,83.1,27.0,76.52,25.27,NORMAL,0
2026-06-16T20:00:00,DG-001,81.63,0.196,281.5,56.2,88.4,73.92,27.81,NORMAL,0
2026-06-16T21:00:00,DG-001,80.75,0.139,279.9,56.4,86.4,74.6,26.24,NORMAL,0
2026-06-16T22:00:00,DG-001,79.74,0.239,277.9,55.9,61.3,71.76,26.5,NORMAL,0
2026-06-16T23:00:00,DG-001,79.61,0.232,342.0,68.1,65.4,76.15,25.48,NORMAL,0
2026-06-17T00:00:00,DG-001,91.36,0.464,362.2,75.8,37.5,87.73,25.17,WARNING,0
2026-06-17T01:00:00,DG-001,80.82,0.26,294.4,58.6,61.9,76.35,26.36,NORMAL,0
2026-06-17T02:00:00,DG-001,83.45,0.284,395.3,78.4,65.2,75.79,26.3,NORMAL,0
2026-06-17T03:00:00,DG-001,84.1,0.226,392.3,79.7,38.2,76.75,27.86,NORMAL,0
2026-06-17T04:00:00,DG-001,100.26,0.474,375.4,80.7,41.7,88.06,24.15,WARNING,0
2026-06-17T05:00:00,DG-001,83.3,0.258,413.2,80.1,90.9,76.54,27.46,NORMAL,0
2026-06-17T06:00:00,DG-001,81.65,0.2,259.6,51.2,23.5,74.49,27.02,NORMAL,0
2026-06-17T07:00:00,DG-001,115.99,1.106,493.1,108.0,20.8,105.86,21.35,FAILURE_PRECURSOR,1
2026-06-17T08:00:00,DG-001,81.41,0.354,407.9,81.0,50.2,77.12,25.93,NORMAL,0
2026-06-17T09:00:00,DG-001,86.2,0.279,416.7,82.1,41.1,77.33,27.2,NORMAL,0
2026-06-17T10:00:00,DG-001,83.71,0.251,324.3,64.3,64.0,74.57,27.15,NORMAL,0
2026-06-17T11:00:00,DG-001,81.84,0.232,384.6,76.3,43.0,77.36,27.62,NORMAL,0
2026-06-17T12:00:00,DG-001,81.13,0.213,294.1,58.1,73.5,74.43,25.15,NORMAL,0
2026-06-17T13:00:00,DG-001,81.96,0.225,346.7,70.1,29.7,75.15,27.65,NORMAL,0
2026-06-17T14:00:00,DG-001,82.34,0.226,335.6,66.7,39.9,76.32,25.45,NORMAL,0
2026-06-17T15:00:00,DG-001,113.71,1.356,362.2,89.6,10.4,102.96,20.89,FAILURE_PRECURSOR,1
2026-06-17T16:00:00,DG-001,83.41,0.263,378.4,76.1,38.6,75.24,26.03,NORMAL,0
2026-06-17T17:00:00,DG-001,81.96,0.224,333.2,67.0,99.2,76.52,25.33,NORMAL,0
2026-06-17T18:00:00,DG-001,79.75,0.25,410.1,84.4,70.8,76.99,25.78,NORMAL,0
2026-06-17T19:00:00,DG-001,81.5,0.211,319.0,64.1,45.1,74.76,27.15,NORMAL,0
2026-06-17T20:00:00,DG-001,80.97,0.197,358.1,70.2,58.6,76.33,27.22,NORMAL,0
2026-06-17T21:00:00,DG-001,82.14,0.237,383.1,77.6,40.5,77.94,27.13,NORMAL,0
2026-06-17T22:00:00,DG-001,85.85,0.185,406.5,81.4,89.9,76.02,27.97,NORMAL,0
2026-06-17T23:00:00,DG-001,80.42,0.322,403.1,80.1,53.4,75.38,25.58,NORMAL,0
2026-06-18T00:00:00,DG-001,95.97,0.566,365.6,77.6,53.0,87.79,23.91,WARNING,0
2026-06-18T01:00:00,DG-001,80.92,0.353,421.2,84.3,60.9,76.65,25.72,NORMAL,0
2026-06-18T02:00:00,DG-001,84.47,0.187,328.3,66.1,58.2,76.83,27.45,NORMAL,0
2026-06-18T03:00:00,DG-001,79.79,0.127,291.9,59.5,22.4,73.88,27.74,NORMAL,0
2026-06-18T04:00:00,DG-001,82.89,0.207,428.4,84.3,64.3,75.64,27.62,NORMAL,0
2026-06-18T05:00:00,DG-001,84.76,0.239,351.5,70.6,65.9,75.95,27.25,NORMAL,0
2026-06-18T06:00:00,DG-001,80.48,0.328,292.8,59.0,37.1,75.73,26.68,NORMAL,0
2026-06-18T07:00:00,DG-001,83.07,0.104,329.9,67.6,39.6,75.18,25.79,NORMAL,0
2026-06-18T08:00:00,DG-001,82.04,0.224,383.7,75.7,43.5,76.9,26.87,NORMAL,0
2026-06-18T09:00:00,DG-001,80.49,0.245,309.3,62.1,82.7,75.4,26.38,NORMAL,0
2026-06-18T10:00:00,DG-001,79.27,0.235,367.7,71.9,91.6,75.49,27.04,NORMAL,0
2026-06-18T11:00:00,DG-001,81.33,0.216,340.9,69.6,85.1,76.8,27.95,NORMAL,0
2026-06-18T12:00:00,DG-001,80.08,0.215,346.1,70.2,37.0,75.61,27.8,NORMAL,0
2026-06-18T13:00:00,DG-001,84.2,0.253,307.0,61.5,88.4,73.65,25.36,NORMAL,0
2026-06-18T14:00:00,DG-001,82.67,0.192,416.3,83.8,86.2,75.73,25.22,NORMAL,0
2026-06-18T15:00:00,DG-001,82.28,0.242,329.2,68.1,29.2,75.46,27.35,NORMAL,0
2026-06-18T16:00:00,DG-001,82.94,0.248,281.7,55.6,36.2,75.28,27.26,NORMAL,0
2026-06-18T17:00:00,DG-001,83.3,0.263,374.2,76.5,93.0,75.06,27.91,NORMAL,0
2026-06-18T18:00:00,DG-001,79.4,0.163,278.3,54.8,27.8,73.98,26.59,NORMAL,0
2026-06-18T19:00:00,DG-001,78.38,0.189,261.3,50.5,32.7,74.9,27.8,NORMAL,0
2026-06-18T20:00:00,DG-001,79.81,0.165,296.5,61.0,89.1,75.52,26.43,NORMAL,0
2026-06-18T21:00:00,DG-001,83.32,0.256,410.4,83.4,97.2,76.04,25.75,NORMAL,0
2026-06-18T22:00:00,DG-001,79.59,0.257,363.1,72.9,35.6,76.22,26.27,NORMAL,0
2026-06-18T23:00:00,DG-001,82.63,0.309,382.3,75.8,28.6,76.2,27.8,NORMAL,0
2026-06-19T00:00:00,DG-001,81.4,0.305,369.0,75.1,74.2,76.31,27.67,NORMAL,0
2026-06-19T01:00:00,DG-001,80.96,0.229,300.7,59.2,46.6,74.48,25.31,NORMAL,0
2026-06-19T02:00:00,DG-001,84.89,0.228,388.1,77.4,60.9,77.12,27.09,NORMAL,0
2026-06-19T03:00:00,DG-001,83.56,0.317,404.0,81.0,79.9,77.09,27.97,NORMAL,0
2026-06-19T04:00:00,DG-001,81.53,0.215,282.3,57.2,79.9,74.55,27.7,NORMAL,0
2026-06-19T05:00:00,DG-001,107.18,1.225,405.9,90.7,6.6,100.04,22.23,FAILURE_PRECURSOR,1
2026-06-19T06:00:00,DG-001,83.03,0.323,370.1,74.7,96.3,74.43,25.29,NORMAL,0
2026-06-19T07:00:00,DG-001,97.03,0.47,348.4,76.3,36.5,87.12,24.93,WARNING,0
2026-06-19T08:00:00,DG-001,84.38,0.17,366.7,73.6,42.7,76.13,27.18,NORMAL,0
2026-06-19T09:00:00,DG-001,79.04,0.274,278.0,56.4,23.4,73.26,25.37,NORMAL,0
2026-06-19T10:00:00,DG-001,98.22,0.434,362.4,76.5,33.6,85.33,25.37,WARNING,0
2026-06-19T11:00:00,DG-001,78.35,0.199,263.0,53.2,79.5,73.03,27.28,NORMAL,0
2026-06-19T12:00:00,DG-001,80.48,0.118,263.8,54.2,46.9,75.62,27.08,NORMAL,0
2026-06-19T13:00:00,DG-001,80.39,0.209,301.9,58.5,84.8,73.43,27.37,NORMAL,0
2026-06-19T14:00:00,DG-001,118.14,1.444,360.1,87.2,49.3,103.22,21.26,FAILURE_PRECURSOR,1
2026-06-19T15:00:00,DG-001,97.16,0.663,384.6,82.9,79.6,89.38,23.6,WARNING,0
2026-06-19T16:00:00,DG-001,82.92,0.223,426.7,84.6,48.3,76.41,25.77,NORMAL,0
2026-06-19T17:00:00,DG-001,79.69,0.194,384.5,77.1,25.4,75.97,27.69,NORMAL,0
2026-06-19T18:00:00,DG-001,78.64,0.173,298.8,58.6,86.4,75.72,27.34,NORMAL,0
2026-06-19T19:00:00,DG-001,82.45,0.192,364.7,74.0,35.6,76.29,25.23,NORMAL,0
2026-06-19T20:00:00,DG-001,85.58,0.273,401.5,81.1,90.5,75.4,26.64,NORMAL,0
2026-06-19T21:00:00,DG-001,82.18,0.211,333.8,68.2,63.6,75.39,26.78,NORMAL,0
2026-06-19T22:00:00,DG-001,81.09,0.293,357.1,72.4,92.9,76.42,27.27,NORMAL,0
2026-06-19T23:00:00,DG-001,78.67,0.188,297.4,58.6,72.8,75.92,25.22,NORMAL,0
2026-06-20T00:00:00,DG-001,112.79,1.334,373.4,86.9,48.0,102.52,23.14,FAILURE_PRECURSOR,1
2026-06-20T01:00:00,DG-001,98.19,0.581,455.5,94.3,27.1,90.11,25.73,WARNING,0
2026-06-20T02:00:00,DG-001,96.88,0.495,371.8,78.9,44.4,88.93,26.0,WARNING,0
2026-06-20T03:00:00,DG-001,81.07,0.336,283.9,56.4,55.3,72.17,25.5,NORMAL,0
2026-06-20T04:00:00,DG-001,82.17,0.254,398.9,80.3,29.0,76.62,25.94,NORMAL,0
2026-06-20T05:00:00,DG-001,82.78,0.253,412.1,82.1,83.9,76.56,25.69,NORMAL,0
2026-06-20T06:00:00,DG-001,104.45,0.986,440.2,85.1,45.1,99.86,23.66,FAILURE_PRECURSOR,1
2026-06-20T07:00:00,DG-001,79.94,0.249,290.9,59.0,70.8,74.86,26.22,NORMAL,0
2026-06-20T08:00:00,DG-001,80.52,0.283,387.8,77.5,86.1,76.29,25.48,NORMAL,0
2026-06-20T09:00:00,DG-001,112.38,1.074,408.4,100.9,32.8,106.09,23.72,FAILURE_PRECURSOR,1
2026-06-20T10:00:00,DG-001,85.46,0.197,372.2,75.4,62.6,76.0,27.91,NORMAL,0
2026-06-20T11:00:00,DG-001,97.01,0.624,356.4,80.2,52.0,90.53,25.91,WARNING,0
2026-06-20T12:00:00,DG-001,81.04,0.184,253.8,50.5,58.9,75.64,27.7,NORMAL,0
2026-06-20T13:00:00,DG-001,79.05,0.277,318.8,63.4,28.4,74.97,25.33,NORMAL,0
2026-06-20T14:00:00,DG-001,79.89,0.212,317.0,61.2,98.1,76.2,27.25,NORMAL,0
2026-06-20T15:00:00,DG-001,80.53,0.201,264.5,53.9,80.0,74.76,25.76,NORMAL,0
2026-06-20T16:00:00,DG-001,82.87,0.179,354.4,70.5,66.1,75.92,27.21,NORMAL,0
2026-06-20T17:00:00,DG-001,82.31,0.219,346.9,67.0,98.8,76.19,27.97,NORMAL,0
2026-06-20T18:00:00,DG-001,81.07,0.195,256.6,51.2,40.4,73.28,26.55,NORMAL,0
2026-06-20T19:00:00,DG-001,108.34,1.377,411.9,100.5,16.9,106.42,20.66,FAILURE_PRECURSOR,1
2026-06-20T20:00:00,DG-001,79.82,0.203,267.6,53.6,80.2,75.04,27.24,NORMAL,0
2026-06-20T21:00:00,DG-001,80.12,0.261,375.5,72.8,38.4,77.06,26.03,NORMAL,0
2026-06-20T22:00:00,DG-001,80.79,0.255,320.4,65.4,83.7,75.46,26.34,NORMAL,0
2026-06-20T23:00:00,DG-001,82.69,0.301,317.6,62.8,99.0,74.34,25.32,NORMAL,0
2026-06-21T00:00:00,DG-001,78.61,0.268,279.2,55.9,71.1,75.71,27.03,NORMAL,0
2026-06-21T01:00:00,DG-001,94.96,0.679,366.3,75.3,38.9,87.91,23.61,WARNING,0
2026-06-21T02:00:00,DG-001,79.4,0.228,270.1,53.8,67.6,74.61,27.48,NORMAL,0
2026-06-21T03:00:00,DG-001,98.77,0.574,424.6,84.9,28.2,89.62,25.59,WARNING,0
2026-06-21T04:00:00,DG-001,80.8,0.181,249.7,50.6,58.9,73.85,27.27,NORMAL,0
2026-06-21T05:00:00,DG-001,83.07,0.244,273.3,53.9,85.1,73.23,25.66,NORMAL,0
2026-06-21T06:00:00,DG-001,80.31,0.21,354.0,71.3,67.5,73.68,26.33,NORMAL,0
2026-06-21T07:00:00,DG-001,83.47,0.285,360.4,72.7,91.9,75.57,25.05,NORMAL,0
2026-06-21T08:00:00,DG-001,109.6,0.804,371.0,86.3,14.8,105.46,23.66,FAILURE_PRECURSOR,1
2026-06-21T09:00:00,DG-001,95.46,0.657,361.1,76.4,81.1,89.28,25.13,WARNING,0
2026-06-21T10:00:00,DG-001,79.23,0.277,316.8,63.8,44.0,75.59,27.89,NORMAL,0
2026-06-21T11:00:00,DG-001,82.61,0.25,366.0,72.1,31.6,77.38,27.26,NORMAL,0
2026-06-21T12:00:00,DG-001,84.75,0.235,336.9,66.4,90.0,75.15,27.9,NORMAL,0
2026-06-21T13:00:00,DG-001,81.99,0.29,308.9,62.4,78.7,73.18,26.91,NORMAL,0
2026-06-21T14:00:00,DG-001,82.54,0.197,264.3,53.1,21.4,75.59,26.05,NORMAL,0
2026-06-21T15:00:00,DG-001,83.01,0.286,423.9,84.9,89.1,76.8,27.3,NORMAL,0
2026-06-21T16:00:00,DG-001,85.08,0.299,371.0,73.9,96.7,75.29,26.72,NORMAL,0
2026-06-21T17:00:00,DG-001,80.7,0.271,288.3,58.4,23.7,73.55,26.95,NORMAL,0
2026-06-21T18:00:00,DG-001,80.29,0.161,315.0,64.3,53.1,74.85,27.39,NORMAL,0
2026-06-21T19:00:00,DG-001,79.36,0.152,272.0,55.7,74.6,74.83,27.27,NORMAL,0
2026-06-21T20:00:00,DG-001,84.37,0.258,419.0,83.5,33.2,76.3,27.05,NORMAL,0
2026-06-21T21:00:00,DG-001,82.38,0.129,273.3,54.4,33.2,76.33,27.63,NORMAL,0
2026-06-21T22:00:00,DG-001,96.3,0.653,414.5,82.8,53.2,88.34,24.99,WARNING,0
2026-06-21T23:00:00,DG-001,82.66,0.329,422.0,83.9,42.3,76.14,27.97,NORMAL,0
2026-06-22T00:00:00,DG-001,104.27,1.315,365.6,88.1,29.3,105.34,23.06,FAILURE_PRECURSOR,1
2026-06-22T01:00:00,DG-001,110.48,1.48,453.2,99.8,27.1,103.58,21.87,FAILURE_PRECURSOR,1
2026-06-22T02:00:00,DG-001,82.33,0.161,393.4,79.3,29.4,75.57,26.98,NORMAL,0
2026-06-22T03:00:00,DG-001,79.9,0.172,351.5,68.5,96.1,76.97,27.36,NORMAL,0
2026-06-22T04:00:00,DG-001,81.72,0.233,328.2,65.3,26.8,75.97,27.57,NORMAL,0
2026-06-22T05:00:00,DG-001,80.72,0.145,253.8,50.5,28.3,74.89,26.99,NORMAL,0
2026-06-22T06:00:00,DG-001,79.6,0.29,321.2,65.9,31.8,77.07,26.68,NORMAL,0
2026-06-22T07:00:00,DG-001,82.66,0.278,316.7,63.1,82.7,75.79,25.94,NORMAL,0
2026-06-22T08:00:00,DG-001,79.81,0.233,286.6,56.8,83.3,73.86,27.31,NORMAL,0
2026-06-22T09:00:00,DG-001,84.2,0.287,404.9,80.3,76.9,78.1,25.33,NORMAL,0
2026-06-22T10:00:00,DG-001,81.63,0.305,294.5,60.9,37.4,75.79,25.35,NORMAL,0
2026-06-22T11:00:00,DG-001,98.29,0.678,368.9,80.4,79.5,89.98,25.93,WARNING,0
2026-06-22T12:00:00,DG-001,81.92,0.287,313.3,62.7,58.2,75.17,26.79,NORMAL,0
2026-06-22T13:00:00,DG-001,80.24,0.161,255.2,50.1,94.2,74.93,25.16,NORMAL,0
2026-06-22T14:00:00,DG-001,82.6,0.219,413.8,82.9,75.3,77.33,26.31,NORMAL,0
2026-06-22T15:00:00,DG-001,109.57,1.456,391.1,91.0,25.1,100.67,21.13,FAILURE_PRECURSOR,1
2026-06-22T16:00:00,DG-001,84.16,0.178,308.6,60.6,95.8,76.67,25.88,NORMAL,0
2026-06-22T17:00:00,DG-001,83.17,0.233,288.1,57.6,94.5,75.92,26.23,NORMAL,0
2026-06-22T18:00:00,DG-001,81.31,0.233,360.5,71.5,67.4,74.48,25.08,NORMAL,0
2026-06-22T19:00:00,DG-001,108.03,1.172,460.4,104.9,23.5,106.2,23.96,FAILURE_PRECURSOR,1
2026-06-22T20:00:00,DG-001,83.07,0.267,416.6,81.9,34.8,75.75,27.71,NORMAL,0
2026-06-22T21:00:00,DG-001,92.14,0.676,338.4,75.4,57.0,87.54,23.01,WARNING,0
2026-06-22T22:00:00,DG-001,81.51,0.232,374.7,72.1,56.6,75.99,26.36,NORMAL,0
2026-06-22T23:00:00,DG-001,81.42,0.22,344.3,68.4,54.4,74.68,26.59,NORMAL,0
2026-06-23T00:00:00,DG-001,95.71,0.623,393.1,81.5,71.9,89.6,25.65,WARNING,0
2026-06-23T01:00:00,DG-001,98.53,0.503,361.5,81.9,39.3,89.34,25.6,WARNING,0
2026-06-23T02:00:00,DG-001,82.06,0.222,358.9,72.4,96.5,76.71,27.79,NORMAL,0
2026-06-23T03:00:00,DG-001,104.23,0.651,471.6,94.8,64.3,85.6,24.84,WARNING,0
2026-06-23T04:00:00,DG-001,97.86,0.624,420.7,88.4,73.9,91.89,23.4,WARNING,0
2026-06-23T05:00:00,DG-001,84.23,0.318,424.2,84.7,64.8,77.17,25.17,NORMAL,0
2026-06-23T06:00:00,DG-001,83.57,0.215,297.5,62.9,63.2,75.43,25.91,NORMAL,0
2026-06-23T07:00:00,DG-001,79.8,0.279,294.9,59.1,85.1,74.3,26.92,NORMAL,0
2026-06-23T08:00:00,DG-001,105.33,0.904,448.0,103.7,15.7,105.73,22.71,FAILURE_PRECURSOR,1
2026-06-23T09:00:00,DG-001,84.51,0.195,303.4,60.2,25.1,74.27,26.65,NORMAL,0
2026-06-23T10:00:00,DG-001,80.59,0.143,263.4,54.0,68.3,73.8,25.26,NORMAL,0
2026-06-23T11:00:00,DG-001,81.95,0.289,304.1,60.3,21.9,75.18,25.44,NORMAL,0
2026-06-23T12:00:00,DG-001,102.46,1.023,466.6,92.5,39.4,105.69,22.84,FAILURE_PRECURSOR,1
2026-06-23T13:00:00,DG-001,80.84,0.219,331.1,64.4,44.4,73.82,25.54,NORMAL,0
2026-06-23T14:00:00,DG-001,82.49,0.26,351.8,70.3,88.8,76.06,27.1,NORMAL,0
2026-06-23T15:00:00,DG-001,94.85,0.663,429.0,89.4,38.6,89.79,23.42,WARNING,0
2026-06-23T16:00:00,DG-001,83.63,0.243,399.6,79.3,58.9,75.83,26.23,NORMAL,0
2026-06-23T17:00:00,DG-001,99.38,0.501,478.0,92.8,88.9,89.89,23.99,WARNING,0
2026-06-23T18:00:00,DG-001,93.99,0.554,389.2,80.9,59.5,87.23,25.61,WARNING,0
2026-06-23T19:00:00,DG-001,108.61,1.465,373.5,85.6,44.8,104.19,21.34,FAILURE_PRECURSOR,1
2026-06-23T20:00:00,DG-001,84.6,0.209,312.9,64.0,76.7,75.8,26.69,NORMAL,0
2026-06-23T21:00:00,DG-001,83.46,0.222,371.2,74.0,50.4,75.89,25.07,NORMAL,0
2026-06-23T22:00:00,DG-001,83.16,0.195,346.0,69.4,90.0,75.89,25.48,NORMAL,0
2026-06-23T23:00:00,DG-001,80.95,0.159,329.6,65.2,83.0,74.06,26.5,NORMAL,0
2026-06-24T00:00:00,DG-001,81.99,0.231,332.0,67.7,26.6,75.5,25.82,NORMAL,0
2026-06-24T01:00:00,DG-001,82.21,0.232,344.4,68.4,37.9,74.94,25.95,NORMAL,0
2026-06-24T02:00:00,DG-001,115.09,1.593,501.5,105.1,35.0,103.76,20.26,FAILURE_PRECURSOR,1
2026-06-24T03:00:00,DG-001,82.93,0.354,384.4,76.2,94.3,77.96,27.83,NORMAL,0
2026-06-24T04:00:00,DG-001,86.03,0.241,405.6,82.6,86.9,78.29,25.63,NORMAL,0
2026-06-24T05:00:00,DG-001,99.54,0.676,412.6,87.7,86.5,89.71,25.4,WARNING,0
2026-06-24T06:00:00,DG-001,83.46,0.246,424.7,84.3,62.3,77.39,27.2,NORMAL,0
2026-06-24T07:00:00,DG-001,86.3,0.242,370.2,74.5,20.7,76.82,26.57,NORMAL,0
2026-06-24T08:00:00,DG-001,78.48,0.209,284.1,56.8,54.0,74.11,26.27,NORMAL,0
2026-06-24T09:00:00,DG-001,82.2,0.293,417.2,83.2,30.2,76.64,26.93,NORMAL,0
2026-06-24T10:00:00,DG-001,81.27,0.205,337.0,66.4,77.8,75.47,26.28,NORMAL,0
2026-06-24T11:00:00,DG-001,85.26,0.254,413.8,81.9,22.5,75.48,26.22,NORMAL,0
2026-06-24T12:00:00,DG-001,81.43,0.22,335.9,69.3,56.9,75.08,26.32,NORMAL,0
2026-06-24T13:00:00,DG-001,80.27,0.225,277.3,56.3,25.3,76.3,27.9,NORMAL,0
2026-06-24T14:00:00,DG-001,94.36,0.509,394.7,84.8,72.1,88.14,24.26,WARNING,0
2026-06-24T15:00:00,DG-001,97.87,0.611,351.4,76.7,18.4,87.59,23.79,WARNING,0
2026-06-24T16:00:00,DG-001,82.79,0.125,298.1,58.9,89.3,76.21,27.04,NORMAL,0
2026-06-24T17:00:00,DG-001,97.91,0.551,432.9,92.2,88.2,87.86,23.86,WARNING,0
2026-06-24T18:00:00,DG-001,80.94,0.185,322.3,64.7,75.8,76.76,25.62,NORMAL,0
2026-06-24T19:00:00,DG-001,79.43,0.198,271.9,54.4,28.0,75.95,26.86,NORMAL,0
2026-06-24T20:00:00,DG-001,78.14,0.241,357.4,71.5,53.1,77.19,25.21,NORMAL,0
2026-06-24T21:00:00,DG-001,83.51,0.236,405.0,82.0,22.6,76.26,26.59,NORMAL,0
2026-06-24T22:00:00,DG-001,112.94,1.308,422.0,105.6,31.9,106.31,22.49,FAILURE_PRECURSOR,1
2026-06-24T23:00:00,DG-001,99.95,0.547,393.0,80.6,85.7,87.84,25.2,WARNING,0
2026-06-25T00:00:00,DG-001,81.48,0.237,310.7,62.8,86.3,74.47,27.26,NORMAL,0
2026-06-25T01:00:00,DG-001,109.99,1.162,436.1,98.6,32.7,106.79,22.62,FAILURE_PRECURSOR,1
2026-06-25T02:00:00,DG-001,80.22,0.188,271.8,53.0,42.5,74.17,26.24,NORMAL,0
2026-06-25T03:00:00,DG-001,81.84,0.184,289.6,58.3,69.8,74.39,27.85,NORMAL,0
2026-06-25T04:00:00,DG-001,81.43,0.317,261.5,52.2,40.0,74.91,26.32,NORMAL,0
2026-06-25T05:00:00,DG-001,80.61,0.223,317.9,64.1,63.4,77.73,27.0,NORMAL,0
2026-06-25T06:00:00,DG-001,82.64,0.23,378.3,75.8,31.4,75.09,27.37,NORMAL,0
2026-06-25T07:00:00,DG-001,112.08,0.94,490.1,107.2,30.4,108.57,21.78,FAILURE_PRECURSOR,1
2026-06-25T08:00:00,DG-001,80.35,0.264,279.1,55.6,39.7,73.77,26.76,NORMAL,0
2026-06-25T09:00:00,DG-001,95.1,0.574,431.9,82.3,21.8,86.9,23.13,WARNING,0
2026-06-25T10:00:00,DG-001,81.57,0.269,395.0,78.0,95.4,74.68,26.48,NORMAL,0
2026-06-25T11:00:00,DG-001,82.5,0.212,421.4,83.6,88.8,77.36,27.2,NORMAL,0
2026-06-25T12:00:00,DG-001,79.41,0.127,369.9,72.3,31.8,74.44,26.22,NORMAL,0
2026-06-25T13:00:00,DG-001,80.75,0.246,407.0,82.4,84.1,76.36,25.39,NORMAL,0
2026-06-25T14:00:00,DG-001,98.65,0.614,394.1,77.1,42.9,85.09,24.99,WARNING,0
2026-06-25T15:00:00,DG-001,81.14,0.221,329.5,64.3,54.7,76.01,27.64,NORMAL,0
2026-06-25T16:00:00,DG-001,81.36,0.251,355.4,71.4,22.3,75.23,25.52,NORMAL,0
2026-06-25T17:00:00,DG-001,82.95,0.105,293.4,59.4,69.9,74.79,26.38,NORMAL,0
2026-06-25T18:00:00,DG-001,78.78,0.244,292.1,57.5,66.0,74.16,25.67,NORMAL,0
2026-06-25T19:00:00,DG-001,99.56,0.65,461.3,92.8,53.8,85.7,23.7,WARNING,0
2026-06-25T20:00:00,DG-001,98.8,0.523,453.9,92.3,69.0,87.89,23.13,WARNING,0
2026-06-25T21:00:00,DG-001,82.84,0.186,250.5,51.7,64.2,74.09,25.24,NORMAL,0
2026-06-25T22:00:00,DG-001,81.29,0.184,270.5,53.3,61.4,74.37,25.67,NORMAL,0
2026-06-25T23:00:00,DG-001,84.25,0.147,311.4,62.2,77.2,74.55,26.45,NORMAL,0
2026-06-26T00:00:00,DG-001,83.29,0.282,403.7,80.6,79.6,76.72,26.82,NORMAL,0
2026-06-26T01:00:00,DG-001,109.42,1.49,513.1,98.8,11.6,106.8,21.78,FAILURE_PRECURSOR,1
2026-06-26T02:00:00,DG-001,84.45,0.308,414.3,84.2,38.0,78.02,25.51,NORMAL,0
2026-06-26T03:00:00,DG-001,81.46,0.288,366.5,73.6,56.1,75.22,25.88,NORMAL,0
2026-06-26T04:00:00,DG-001,80.79,0.257,312.2,61.9,85.4,76.21,26.01,NORMAL,0
2026-06-26T05:00:00,DG-001,80.06,0.199,240.8,50.3,32.6,72.81,25.44,NORMAL,0
2026-06-26T06:00:00,DG-001,95.2,0.68,447.4,91.6,48.8,91.0,23.01,WARNING,0
2026-06-26T07:00:00,DG-001,98.29,0.618,378.3,81.8,23.4,88.82,25.32,WARNING,0
2026-06-26T08:00:00,DG-001,86.46,0.289,424.5,84.7,92.7,75.91,25.02,NORMAL,0
2026-06-26T09:00:00,DG-001,82.5,0.202,297.1,59.0,82.4,76.15,26.76,NORMAL,0
2026-06-26T10:00:00,DG-001,80.91,0.223,338.7,68.6,67.1,75.74,26.71,NORMAL,0
2026-06-26T11:00:00,DG-001,107.91,1.289,496.9,100.7,45.7,103.33,22.89,FAILURE_PRECURSOR,1
2026-06-26T12:00:00,DG-001,82.49,0.286,407.9,82.2,80.3,74.68,26.17,NORMAL,0
2026-06-26T13:00:00,DG-001,82.25,0.277,412.8,83.9,99.1,77.53,25.03,NORMAL,0
2026-06-26T14:00:00,DG-001,82.04,0.293,357.5,71.9,49.1,77.67,26.95,NORMAL,0
2026-06-26T15:00:00,DG-001,83.92,0.295,389.0,78.3,71.6,74.65,26.78,NORMAL,0
2026-06-26T16:00:00,DG-001,84.68,0.311,392.6,78.8,28.4,74.49,27.95,NORMAL,0
2026-06-26T17:00:00,DG-001,81.3,0.223,250.9,51.6,38.7,71.93,25.27,NORMAL,0
2026-06-26T18:00:00,DG-001,82.73,0.287,384.0,76.1,68.9,73.43,27.75,NORMAL,0
2026-06-26T19:00:00,DG-001,81.87,0.244,347.5,69.8,59.9,76.66,27.74,NORMAL,0
2026-06-26T20:00:00,DG-001,81.43,0.323,407.6,82.3,30.6,77.31,25.12,NORMAL,0
2026-06-26T21:00:00,DG-001,110.75,0.863,404.8,87.0,12.5,105.78,21.41,FAILURE_PRECURSOR,1
2026-06-26T22:00:00,DG-001,99.37,0.478,445.6,94.8,55.5,88.77,25.14,WARNING,0
2026-06-26T23:00:00,DG-001,84.52,0.32,399.6,80.0,59.9,75.31,26.37,NORMAL,0
2026-06-27T00:00:00,DG-001,82.14,0.305,392.3,78.3,89.5,74.72,25.39,NORMAL,0
2026-06-27T01:00:00,DG-001,80.53,0.202,267.2,54.1,51.5,73.94,26.55,NORMAL,0
2026-06-27T02:00:00,DG-001,98.79,0.605,417.3,91.6,40.6,88.95,25.54,WARNING,0
2026-06-27T03:00:00,DG-001,81.63,0.316,410.0,82.1,96.3,74.95,25.21,NORMAL,0
2026-06-27T04:00:00,DG-001,78.94,0.31,288.2,58.6,67.4,74.69,25.23,NORMAL,0
2026-06-27T05:00:00,DG-001,80.13,0.231,312.2,62.6,33.6,75.27,25.22,NORMAL,0
2026-06-27T06:00:00,DG-001,82.97,0.185,278.9,56.3,43.7,72.83,27.79,NORMAL,0
2026-06-27T07:00:00,DG-001,96.37,0.47,355.6,78.2,69.9,90.27,23.2,WARNING,0
2026-06-27T08:00:00,DG-001,84.82,0.225,381.3,75.3,20.0,74.31,25.6,NORMAL,0
2026-06-27T09:00:00,DG-001,109.07,0.81,451.8,96.0,42.7,105.15,21.64,FAILURE_PRECURSOR,1
2026-06-27T10:00:00,DG-001,83.11,0.272,387.3,77.2,71.5,77.46,25.79,NORMAL,0
2026-06-27T11:00:00,DG-001,83.25,0.184,246.0,50.2,97.1,74.45,26.29,NORMAL,0
2026-06-27T12:00:00,DG-001,95.78,0.411,394.3,83.2,75.9,88.8,25.88,WARNING,0
2026-06-27T13:00:00,DG-001,80.28,0.296,280.7,55.0,82.6,76.15,27.24,NORMAL,0
2026-06-27T14:00:00,DG-001,81.74,0.216,384.0,77.7,33.0,76.2,27.78,NORMAL,0
2026-06-27T15:00:00,DG-001,82.07,0.304,340.9,69.5,65.8,76.85,26.29,NORMAL,0
2026-06-27T16:00:00,DG-001,81.98,0.194,381.5,74.6,30.6,76.72,27.83,NORMAL,0
2026-06-27T17:00:00,DG-001,94.92,0.558,413.7,85.9,53.6,89.27,25.49,WARNING,0
2026-06-27T18:00:00,DG-001,81.51,0.198,385.0,74.3,38.4,76.58,25.58,NORMAL,0
2026-06-27T19:00:00,DG-001,100.04,0.6,423.7,89.6,76.8,90.35,25.79,WARNING,0
2026-06-27T20:00:00,DG-001,79.79,0.271,321.0,63.6,72.8,75.88,25.14,NORMAL,0
2026-06-27T21:00:00,DG-001,85.07,0.345,425.9,83.7,47.7,77.58,25.95,NORMAL,0
2026-06-27T22:00:00,DG-001,95.43,0.431,408.2,86.6,28.0,88.33,24.67,WARNING,0
2026-06-27T23:00:00,DG-001,97.68,0.585,410.4,86.5,41.3,88.91,25.73,WARNING,0
2026-06-28T00:00:00,DG-001,79.72,0.231,392.3,78.7,34.8,75.19,27.02,NORMAL,0
2026-06-28T01:00:00,DG-001,83.13,0.222,392.8,78.9,92.9,76.81,27.05,NORMAL,0
2026-06-28T02:00:00,DG-001,81.4,0.2,270.3,54.5,55.5,74.43,25.04,NORMAL,0
2026-06-28T03:00:00,DG-001,80.0,0.169,321.2,62.9,69.6,75.15,26.74,NORMAL,0
2026-06-28T04:00:00,DG-001,83.0,0.142,271.1,52.8,93.3,74.1,25.39,NORMAL,0
2026-06-28T05:00:00,DG-001,80.09,0.23,286.6,55.0,82.3,72.76,26.4,NORMAL,0
2026-06-28T06:00:00,DG-001,84.3,0.182,316.4,63.9,83.6,75.01,27.26,NORMAL,0
2026-06-28T07:00:00,DG-001,83.4,0.326,426.5,84.5,38.9,77.2,27.84,NORMAL,0
2026-06-28T08:00:00,DG-001,82.01,0.24,371.1,76.1,93.3,76.19,26.88,NORMAL,0
2026-06-28T09:00:00,DG-001,79.87,0.304,294.8,59.1,22.4,74.72,25.98,NORMAL,0
2026-06-28T10:00:00,DG-001,97.1,0.5,405.7,85.3,85.8,90.57,23.01,WARNING,0
2026-06-28T11:00:00,DG-001,82.3,0.277,392.5,79.1,78.5,76.29,26.06,NORMAL,0
2026-06-28T12:00:00,DG-001,85.15,0.239,276.2,54.1,87.6,75.1,27.09,NORMAL,0
2026-06-28T13:00:00,DG-001,82.53,0.234,352.4,69.9,77.5,75.52,27.31,NORMAL,0
2026-06-28T14:00:00,DG-001,78.77,0.243,326.1,65.5,74.6,76.6,25.21,NORMAL,0
2026-06-28T15:00:00,DG-001,82.3,0.281,410.4,80.5,61.1,77.29,26.7,NORMAL,0
2026-06-28T16:00:00,DG-001,81.04,0.292,286.6,58.3,36.3,76.42,26.43,NORMAL,0
2026-06-28T17:00:00,DG-001,81.09,0.28,358.5,70.3,31.1,73.51,27.72,NORMAL,0
2026-06-28T18:00:00,DG-001,83.38,0.248,404.3,82.1,88.4,78.11,26.4,NORMAL,0
2026-06-28T19:00:00,DG-001,76.93,0.234,294.4,58.1,38.4,74.79,27.75,NORMAL,0
2026-06-28T20:00:00,DG-001,80.32,0.246,285.3,55.7,29.6,74.22,26.54,NORMAL,0
2026-06-28T21:00:00,DG-001,83.54,0.311,358.5,72.1,90.4,75.06,27.2,NORMAL,0
2026-06-28T22:00:00,DG-001,81.19,0.307,258.2,51.5,70.5,72.93,27.92,NORMAL,0
2026-06-28T23:00:00,DG-001,82.28,0.189,397.6,79.0,43.4,79.67,27.76,NORMAL,0
2026-06-29T00:00:00,DG-001,82.39,0.2,412.5,82.1,55.8,76.59,26.61,NORMAL,0
2026-06-29T01:00:00,DG-001,82.76,0.288,422.1,84.0,72.6,77.12,27.07,NORMAL,0
2026-06-29T02:00:00,DG-001,81.39,0.263,358.4,72.5,74.4,75.18,27.52,NORMAL,0
2026-06-29T03:00:00,DG-001,83.59,0.27,394.6,78.9,36.6,75.5,27.12,NORMAL,0
2026-06-29T04:00:00,DG-001,81.42,0.302,309.3,64.7,93.8,74.88,25.69,NORMAL,0
2026-06-29T05:00:00,DG-001,81.67,0.183,344.3,69.9,46.2,75.19,25.94,NORMAL,0
2026-06-29T06:00:00,DG-001,82.87,0.285,340.8,67.4,67.9,74.69,27.54,NORMAL,0
2026-06-29T07:00:00,DG-001,113.17,1.28,476.4,104.6,10.5,101.06,23.53,FAILURE_PRECURSOR,1
2026-06-29T08:00:00,DG-001,82.37,0.338,347.7,68.8,72.6,73.81,27.57,NORMAL,0
2026-06-29T09:00:00,DG-001,97.16,0.591,374.3,80.5,15.2,90.28,25.44,WARNING,0
2026-06-29T10:00:00,DG-001,85.48,0.272,359.9,71.5,56.2,74.8,26.01,NORMAL,0
2026-06-29T11:00:00,DG-001,83.28,0.253,322.8,66.6,75.1,75.14,26.46,NORMAL,0
2026-06-29T12:00:00,DG-001,78.82,0.256,320.3,64.5,23.9,74.81,26.06,NORMAL,0
2026-06-29T13:00:00,DG-001,78.48,0.175,285.8,56.2,63.4,74.87,26.9,NORMAL,0
2026-06-29T14:00:00,DG-001,79.71,0.18,250.2,51.0,88.3,74.17,27.81,NORMAL,0
2026-06-29T15:00:00,DG-001,108.97,1.522,399.6,86.1,8.4,106.55,20.21,FAILURE_PRECURSOR,1
2026-06-29T16:00:00,DG-001,83.42,0.28,412.1,82.0,44.8,76.68,27.64,NORMAL,0
2026-06-29T17:00:00,DG-001,81.37,0.185,324.1,63.6,26.1,75.53,26.37,NORMAL,0
2026-06-29T18:00:00,DG-001,96.74,0.547,417.1,86.7,80.1,91.76,24.95,WARNING,0
2026-06-29T19:00:00,DG-001,83.26,0.362,362.9,73.1,54.0,74.85,27.08,NORMAL,0
2026-06-29T20:00:00,DG-001,79.13,0.243,377.8,76.6,51.3,75.63,26.0,NORMAL,0
2026-06-29T21:00:00,DG-001,84.47,0.236,362.0,73.5,26.3,76.39,25.83,NORMAL,0
2026-06-29T22:00:00,DG-001,111.51,1.568,457.9,107.2,17.6,105.61,20.96,FAILURE_PRECURSOR,1
2026-06-29T23:00:00,DG-001,85.25,0.202,387.0,77.3,27.0,74.39,25.85,NORMAL,0
2026-06-30T00:00:00,DG-001,111.76,0.891,486.9,105.8,44.2,107.09,21.3,FAILURE_PRECURSOR,1
2026-06-30T01:00:00,DG-001,83.08,0.092,394.4,79.7,95.8,74.86,26.7,NORMAL,0
2026-06-30T02:00:00,DG-001,78.38,0.158,272.2,55.2,80.8,74.95,26.17,NORMAL,0
2026-06-30T03:00:00,DG-001,115.46,0.837,496.3,110.0,5.2,104.28,23.9,FAILURE_PRECURSOR,1
2026-06-30T04:00:00,DG-001,81.11,0.214,409.2,82.6,95.8,77.52,26.42,NORMAL,0
2026-06-30T05:00:00,DG-001,84.49,0.23,416.5,82.0,94.4,76.23,25.39,NORMAL,0
2026-06-30T06:00:00,DG-001,80.42,0.158,249.5,50.1,38.1,71.34,26.62,NORMAL,0
2026-06-30T07:00:00,DG-001,79.41,0.314,262.6,53.5,44.6,74.4,27.17,NORMAL,0
2026-06-30T08:00:00,DG-001,99.53,0.68,452.5,93.9,37.1,88.7,24.93,WARNING,0
2026-06-30T09:00:00,DG-001,108.59,1.059,370.2,92.3,33.2,104.01,21.64,FAILURE_PRECURSOR,1
2026-06-30T10:00:00,DG-001,83.82,0.245,390.2,76.5,93.9,76.21,27.09,NORMAL,0
2026-06-30T11:00:00,DG-001,82.34,0.229,328.2,65.1,20.1,75.46,27.19,NORMAL,0
2026-06-30T12:00:00,DG-001,94.69,0.562,450.5,92.7,53.1,88.09,23.41,WARNING,0
2026-06-30T13:00:00,DG-001,83.45,0.216,349.0,70.6,67.8,75.54,25.54,NORMAL,0
2026-06-30T14:00:00,DG-001,82.16,0.077,260.7,51.5,40.3,73.74,25.48,NORMAL,0
2026-06-30T15:00:00,DG-001,79.86,0.239,267.7,54.1,94.3,75.98,26.91,NORMAL,0
2026-06-30T16:00:00,DG-001,96.12,0.505,384.5,76.4,72.6,88.17,23.28,WARNING,0
2026-06-30T17:00:00,DG-001,81.54,0.233,321.8,63.3,62.3,75.08,27.37,NORMAL,0
2026-06-30T18:00:00,DG-001,80.42,0.242,330.8,65.6,66.5,76.11,25.27,NORMAL,0
2026-06-30T19:00:00,DG-001,81.53,0.241,271.1,54.9,23.9,73.9,25.85,NORMAL,0
2026-06-30T20:00:00,DG-001,81.35,0.287,391.9,76.8,58.4,75.19,27.41,NORMAL,0
2026-06-30T21:00:00,DG-001,81.46,0.238,262.7,53.2,63.8,74.05,26.79,NORMAL,0
2026-06-30T22:00:00,DG-001,81.95,0.034,358.9,71.6,41.4,75.8,26.85,NORMAL,0
2026-06-30T23:00:00,DG-001,97.92,0.567,383.9,75.5,68.8,85.13,24.08,WARNING,0
2026-07-01T00:00:00,DG-001,80.64,0.263,321.0,64.2,25.1,74.47,27.93,NORMAL,0
2026-07-01T01:00:00,DG-001,81.28,0.167,351.9,70.8,60.4,76.16,27.16,NORMAL,0
2026-07-01T02:00:00,DG-001,119.24,1.397,478.0,109.3,24.5,103.77,23.86,FAILURE_PRECURSOR,1
2026-07-01T03:00:00,DG-001,81.85,0.201,398.3,79.3,72.3,77.23,26.33,NORMAL,0
2026-07-01T04:00:00,DG-001,81.06,0.22,339.6,68.1,97.3,75.02,27.93,NORMAL,0
2026-07-01T05:00:00,DG-001,95.47,0.532,351.4,79.7,55.1,86.32,23.13,WARNING,0
2026-07-01T06:00:00,DG-001,81.25,0.324,384.2,78.1,45.1,76.92,25.8,NORMAL,0
2026-07-01T07:00:00,DG-001,94.14,0.486,384.5,79.2,69.1,88.95,24.58,WARNING,0
2026-07-01T08:00:00,DG-001,78.16,0.164,253.3,50.3,70.1,73.21,27.24,NORMAL,0
2026-07-01T09:00:00,DG-001,80.5,0.201,362.3,70.9,26.2,76.47,26.83,NORMAL,0
2026-07-01T10:00:00,DG-001,80.02,0.198,338.5,67.1,50.9,75.67,26.45,NORMAL,0
2026-07-01T11:00:00,DG-001,79.49,0.2,351.2,69.8,38.8,75.29,25.1,NORMAL,0
2026-07-01T12:00:00,DG-001,84.19,0.241,330.9,66.0,64.9,76.68,25.8,NORMAL,0
2026-07-01T13:00:00,DG-001,80.61,0.217,276.2,56.0,33.0,74.76,27.76,NORMAL,0
2026-07-01T14:00:00,DG-001,81.8,0.273,378.2,75.9,69.5,75.98,25.15,NORMAL,0
2026-07-01T15:00:00,DG-001,84.1,0.295,419.7,82.8,23.0,77.61,25.87,NORMAL,0
2026-07-01T16:00:00,DG-001,80.12,0.26,337.4,67.1,45.9,74.66,26.41,NORMAL,0
2026-07-01T17:00:00,DG-001,78.75,0.249,344.7,68.3,47.8,74.93,26.12,NORMAL,0
2026-07-01T18:00:00,DG-001,79.96,0.13,278.1,56.4,66.7,74.47,26.8,NORMAL,0
2026-07-01T19:00:00,DG-001,79.35,0.275,400.5,79.6,40.0,76.45,26.55,NORMAL,0
2026-07-01T20:00:00,DG-001,99.25,0.6,426.6,92.6,69.2,90.0,24.07,WARNING,0
2026-07-01T21:00:00,DG-001,81.17,0.303,360.5,72.4,85.4,74.81,27.12,NORMAL,0
2026-07-01T22:00:00,DG-001,100.23,0.569,409.7,85.6,51.0,86.13,24.12,WARNING,0
2026-07-01T23:00:00,DG-001,84.09,0.185,303.7,62.0,87.4,75.77,27.36,NORMAL,0
2026-07-02T00:00:00,DG-001,99.37,0.471,414.9,93.4,63.9,88.13,24.15,WARNING,0
2026-07-02T01:00:00,DG-001,79.87,0.196,363.5,71.6,97.9,75.18,26.8,NORMAL,0
2026-07-02T02:00:00,DG-001,99.25,0.618,389.5,84.7,34.0,86.15,24.67,WARNING,0
2026-07-02T03:00:00,DG-001,109.49,1.034,474.3,100.7,31.9,103.23,22.83,FAILURE_PRECURSOR,1
2026-07-02T04:00:00,DG-001,82.95,0.233,353.7,71.1,30.4,75.67,26.05,NORMAL,0
2026-07-02T05:00:00,DG-001,79.82,0.284,354.7,71.3,20.3,73.78,25.74,NORMAL,0
2026-07-02T06:00:00,DG-001,80.61,0.259,305.9,62.5,79.6,75.01,25.14,NORMAL,0
2026-07-02T07:00:00,DG-001,79.77,0.204,245.8,50.9,20.3,73.55,25.96,NORMAL,0
2026-07-02T08:00:00,DG-001,115.23,1.438,464.8,97.9,21.7,107.58,21.79,FAILURE_PRECURSOR,1
2026-07-02T09:00:00,DG-001,99.99,0.441,471.9,92.3,84.7,89.9,23.25,WARNING,0
2026-07-02T10:00:00,DG-001,81.42,0.207,361.2,72.6,86.7,75.24,26.48,NORMAL,0
2026-07-02T11:00:00,DG-001,81.04,0.194,294.1,58.6,84.7,74.64,27.34,NORMAL,0
2026-07-02T12:00:00,DG-001,83.27,0.19,396.7,77.2,56.6,74.62,25.4,NORMAL,0
2026-07-02T13:00:00,DG-001,80.74,0.21,256.3,51.4,23.6,75.63,25.17,NORMAL,0
2026-07-02T14:00:00,DG-001,85.08,0.252,424.8,84.2,38.4,78.3,27.84,NORMAL,0
2026-07-02T15:00:00,DG-001,80.64,0.277,404.7,80.3,93.1,75.65,25.04,NORMAL,0
2026-07-02T16:00:00,DG-001,84.29,0.337,366.3,72.1,82.5,75.68,26.98,NORMAL,0
2026-07-02T17:00:00,DG-001,80.06,0.308,255.0,51.7,91.1,74.74,26.1,NORMAL,0
2026-07-02T18:00:00,DG-001,112.88,1.531,514.6,108.0,43.3,103.85,20.86,FAILURE_PRECURSOR,1
2026-07-02T19:00:00,DG-001,83.65,0.258,417.2,84.4,72.9,76.95,26.9,NORMAL,0
2026-07-02T20:00:00,DG-001,77.2,0.155,258.4,53.1,29.5,75.42,25.04,NORMAL,0
2026-07-02T21:00:00,DG-001,83.12,0.202,422.6,83.7,49.9,77.15,26.58,NORMAL,0
2026-07-02T22:00:00,DG-001,83.41,0.316,424.9,83.8,39.2,77.04,26.07,NORMAL,0
2026-07-02T23:00:00,DG-001,94.38,0.485,408.5,82.7,77.4,90.15,25.76,WARNING,0
2026-07-03T00:00:00,DG-001,82.13,0.222,301.4,61.0,24.8,74.3,25.7,NORMAL,0
2026-07-03T01:00:00,DG-001,116.48,1.245,485.7,106.7,25.7,106.48,20.93,FAILURE_PRECURSOR,1
2026-07-03T02:00:00,DG-001,83.97,0.302,422.8,84.2,50.2,77.01,27.68,NORMAL,0
2026-07-03T03:00:00,DG-001,84.44,0.234,382.8,77.3,96.7,74.83,27.82,NORMAL,0
2026-07-03T04:00:00,DG-001,84.65,0.221,353.0,68.9,39.6,76.11,27.21,NORMAL,0
2026-07-03T05:00:00,DG-001,96.58,0.471,400.7,87.3,78.6,89.77,23.8,WARNING,0
2026-07-03T06:00:00,DG-001,106.87,1.542,369.9,91.4,18.6,102.78,22.94,FAILURE_PRECURSOR,1
2026-07-03T07:00:00,DG-001,79.55,0.262,321.5,65.1,56.8,74.6,27.04,NORMAL,0
2026-07-03T08:00:00,DG-001,78.92,0.272,353.4,70.9,59.3,75.77,25.22,NORMAL,0
2026-07-03T09:00:00,DG-001,82.51,0.264,330.0,66.9,39.8,75.92,27.75,NORMAL,0
2026-07-03T10:00:00,DG-001,105.97,1.568,413.2,94.7,8.8,105.41,20.91,FAILURE_PRECURSOR,1
2026-07-03T11:00:00,DG-001,84.36,0.232,361.3,72.1,25.0,75.73,25.15,NORMAL,0
2026-07-03T12:00:00,DG-001,83.03,0.335,389.3,81.1,66.2,77.73,26.03,NORMAL,0
2026-07-03T13:00:00,DG-001,83.3,0.171,376.1,74.5,32.2,76.97,27.3,NORMAL,0
2026-07-03T14:00:00,DG-001,107.19,0.884,424.0,88.3,47.7,102.12,21.96,FAILURE_PRECURSOR,1
2026-07-03T15:00:00,DG-001,81.28,0.257,361.3,71.4,20.1,75.82,27.39,NORMAL,0
2026-07-03T16:00:00,DG-001,78.89,0.192,292.7,59.3,67.4,74.41,26.09,NORMAL,0
2026-07-03T17:00:00,DG-001,98.64,0.625,437.0,94.3,59.7,89.87,23.22,WARNING,0
2026-07-03T18:00:00,DG-001,82.64,0.255,400.3,79.6,22.7,76.3,27.39,NORMAL,0
2026-07-03T19:00:00,DG-001,94.83,0.579,386.5,84.4,25.8,91.59,24.72,WARNING,0
2026-07-03T20:00:00,DG-001,83.56,0.228,407.1,79.4,85.7,76.01,26.45,NORMAL,0
2026-07-03T21:00:00,DG-001,82.75,0.224,400.3,79.7,31.4,75.39,26.96,NORMAL,0
2026-07-03T22:00:00,DG-001,82.59,0.219,339.4,69.8,58.1,75.29,26.04,NORMAL,0
2026-07-03T23:00:00,DG-001,82.69,0.286,355.8,71.9,65.5,74.88,26.88,NORMAL,0
2026-07-04T00:00:00,DG-001,80.06,0.18,245.4,50.4,88.5,74.38,27.14,NORMAL,0
2026-07-04T01:00:00,DG-001,80.4,0.255,370.7,74.1,58.9,75.04,25.38,NORMAL,0
2026-07-04T02:00:00,DG-001,79.58,0.249,297.2,59.5,92.8,75.75,27.63,NORMAL,0
2026-07-04T03:00:00,DG-001,80.25,0.208,284.0,57.1,43.0,74.14,27.72,NORMAL,0
2026-07-04T04:00:00,DG-001,83.46,0.307,422.0,84.8,60.2,78.78,25.72,NORMAL,0
2026-07-04T05:00:00,DG-001,82.47,0.261,415.4,83.3,72.1,76.61,26.8,NORMAL,0
2026-07-04T06:00:00,DG-001,81.53,0.196,254.1,50.6,78.6,75.57,25.71,NORMAL,0
2026-07-04T07:00:00,DG-001,81.5,0.216,396.6,80.0,83.5,75.9,26.24,NORMAL,0
2026-07-04T08:00:00,DG-001,82.98,0.272,323.4,65.5,34.9,75.6,26.27,NORMAL,0
2026-07-04T09:00:00,DG-001,80.16,0.196,286.1,57.8,31.5,75.53,27.8,NORMAL,0
2026-07-04T10:00:00,DG-001,80.98,0.273,264.6,53.8,25.3,72.99,25.35,NORMAL,0
2026-07-04T11:00:00,DG-001,81.44,0.28,410.7,80.6,50.6,77.3,26.37,NORMAL,0
2026-07-04T12:00:00,DG-001,115.25,1.321,484.7,109.3,39.1,103.18,21.99,FAILURE_PRECURSOR,1
2026-07-04T13:00:00,DG-001,80.78,0.269,336.1,68.0,22.9,75.76,25.34,NORMAL,0
2026-07-04T14:00:00,DG-001,113.64,1.301,433.1,100.1,16.6,104.5,20.03,FAILURE_PRECURSOR,1
2026-07-04T15:00:00,DG-001,85.87,0.23,357.9,73.2,94.7,74.91,27.88,NORMAL,0
2026-07-04T16:00:00,DG-001,82.32,0.335,394.5,79.0,34.8,77.4,27.0,NORMAL,0
2026-07-04T17:00:00,DG-001,80.33,0.311,276.8,54.8,53.0,73.56,26.01,NORMAL,0
2026-07-04T18:00:00,DG-001,84.07,0.25,390.5,79.8,31.6,76.07,26.54,NORMAL,0
2026-07-04T19:00:00,DG-001,82.98,0.283,382.2,76.9,90.1,75.1,26.4,NORMAL,0
2026-07-04T20:00:00,DG-001,80.3,0.159,314.2,61.5,97.4,74.71,27.46,NORMAL,0
2026-07-04T21:00:00,DG-001,81.2,0.255,346.2,69.9,32.9,75.72,27.96,NORMAL,0
2026-07-04T22:00:00,DG-001,81.88,0.279,347.4,69.6,54.7,76.37,25.81,NORMAL,0
2026-07-04T23:00:00,DG-001,82.2,0.196,299.6,60.5,60.8,74.03,26.37,NORMAL,0
2026-07-05T00:00:00,DG-001,81.9,0.336,410.1,81.8,20.7,74.81,26.06,NORMAL,0
2026-07-05T01:00:00,DG-001,92.84,0.699,377.0,77.2,53.7,89.89,23.46,WARNING,0
2026-07-05T02:00:00,DG-001,80.27,0.274,300.2,58.8,67.6,74.53,25.26,NORMAL,0
2026-07-05T03:00:00,DG-001,78.0,0.138,333.4,64.9,37.8,75.21,27.0,NORMAL,0
2026-07-05T04:00:00,DG-001,84.48,0.2,413.5,83.2,28.6,77.53,26.91,NORMAL,0
2026-07-05T05:00:00,DG-001,112.24,1.432,317.3,86.5,19.0,103.33,21.2,FAILURE_PRECURSOR,1
2026-07-05T06:00:00,DG-001,94.23,0.625,338.3,75.1,87.7,89.21,24.28,WARNING,0
2026-07-05T07:00:00,DG-001,98.23,0.657,414.2,84.3,74.4,88.32,24.32,WARNING,0
2026-07-05T08:00:00,DG-001,83.43,0.179,399.7,81.3,44.1,76.46,27.17,NORMAL,0
2026-07-05T09:00:00,DG-001,80.02,0.172,295.8,57.7,72.4,77.13,27.2,NORMAL,0
2026-07-05T10:00:00,DG-001,82.2,0.165,389.3,76.7,48.6,76.49,27.91,NORMAL,0
2026-07-05T11:00:00,DG-001,80.44,0.167,291.5,57.8,96.5,74.46,27.1,NORMAL,0
2026-07-05T12:00:00,DG-001,79.26,0.234,272.2,54.5,97.8,74.97,27.2,NORMAL,0
2026-07-05T13:00:00,DG-001,96.35,0.628,388.3,79.3,18.8,88.1,25.88,WARNING,0
2026-07-05T14:00:00,DG-001,81.92,0.243,335.2,66.9,22.0,75.76,25.77,NORMAL,0
2026-07-05T15:00:00,DG-001,82.04,0.273,366.8,73.6,60.7,76.85,25.92,NORMAL,0
2026-07-05T16:00:00,DG-001,80.54,0.251,403.6,82.0,24.6,77.31,25.72,NORMAL,0
2026-07-05T17:00:00,DG-001,83.15,0.218,414.2,82.0,55.0,77.02,25.51,NORMAL,0
2026-07-05T18:00:00,DG-001,82.02,0.134,294.5,59.0,97.4,74.47,25.56,NORMAL,0
2026-07-05T19:00:00,DG-001,83.84,0.234,395.8,80.4,81.0,76.11,27.28,NORMAL,0
2026-07-05T20:00:00,DG-001,109.39,1.161,444.5,104.5,47.5,106.04,22.11,FAILURE_PRECURSOR,1
2026-07-05T21:00:00,DG-001,81.26,0.301,339.8,68.3,63.6,75.89,25.71,NORMAL,0
2026-07-05T22:00:00,DG-001,82.07,0.237,336.0,69.0,76.5,74.81,27.23,NORMAL,0
2026-07-05T23:00:00,DG-001,97.95,0.419,384.1,83.5,18.5,88.17,24.94,WARNING,0
2026-07-06T00:00:00,DG-001,80.3,0.21,265.9,52.9,88.4,74.06,27.77,NORMAL,0
2026-07-06T01:00:00,DG-001,79.99,0.256,268.8,52.6,78.5,72.84,27.42,NORMAL,0
2026-07-06T02:00:00,DG-001,82.15,0.169,289.3,58.1,74.4,74.83,25.56,NORMAL,0
2026-07-06T03:00:00,DG-001,83.96,0.267,345.5,69.7,29.9,76.44,26.62,NORMAL,0
2026-07-06T04:00:00,DG-001,97.11,0.421,433.7,91.9,65.9,87.92,25.04,WARNING,0
2026-07-06T05:00:00,DG-001,83.3,0.301,402.2,80.7,65.4,78.16,25.1,NORMAL,0
2026-07-06T06:00:00,DG-001,80.72,0.383,409.8,81.1,36.0,75.49,26.94,NORMAL,0
2026-07-06T07:00:00,DG-001,77.09,0.186,308.6,60.9,69.1,74.54,27.04,NORMAL,0
2026-07-06T08:00:00,DG-001,80.47,0.217,310.9,61.3,72.9,75.56,27.94,NORMAL,0
2026-07-06T09:00:00,DG-001,109.84,1.046,461.1,98.5,24.8,101.15,22.42,FAILURE_PRECURSOR,1
2026-07-06T10:00:00,DG-001,99.78,0.643,406.9,83.5,22.4,88.1,24.66,WARNING,0
2026-07-06T11:00:00,DG-001,113.39,1.431,486.4,109.6,18.2,99.8,21.74,FAILURE_PRECURSOR,1
2026-07-06T12:00:00,DG-001,80.16,0.21,260.2,51.9,37.8,74.48,25.87,NORMAL,0
2026-07-06T13:00:00,DG-001,110.53,1.358,468.7,104.3,35.6,103.41,22.94,FAILURE_PRECURSOR,1
2026-07-06T14:00:00,DG-001,82.23,0.301,416.5,83.0,44.4,76.04,25.31,NORMAL,0
2026-07-06T15:00:00,DG-001,108.61,1.408,536.2,109.1,5.2,106.13,22.21,FAILURE_PRECURSOR,1
2026-07-06T16:00:00,DG-001,80.85,0.209,358.7,71.0,77.6,74.25,25.44,NORMAL,0
2026-07-06T17:00:00,DG-001,81.28,0.294,316.4,62.4,88.7,74.7,26.1,NORMAL,0
2026-07-06T18:00:00,DG-001,78.47,0.254,290.4,57.3,88.9,73.7,27.51,NORMAL,0
2026-07-06T19:00:00,DG-001,83.21,0.18,369.6,73.1,99.6,76.91,27.31,NORMAL,0
2026-07-06T20:00:00,DG-001,94.16,0.691,410.2,82.0,83.2,88.43,25.34,WARNING,0
2026-07-06T21:00:00,DG-001,83.38,0.318,350.9,70.3,28.9,77.1,26.21,NORMAL,0
2026-07-06T22:00:00,DG-001,79.13,0.21,268.3,54.2,67.8,73.53,26.84,NORMAL,0
2026-07-06T23:00:00,DG-001,81.97,0.215,329.3,64.1,46.0,76.16,27.53,NORMAL,0
2026-07-07T00:00:00,DG-001,82.81,0.146,356.5,72.3,81.2,75.85,26.16,NORMAL,0
2026-07-07T01:00:00,DG-001,81.11,0.266,312.9,63.4,93.2,74.84,27.46,NORMAL,0
2026-07-07T02:00:00,DG-001,79.22,0.319,328.5,65.0,90.2,75.64,27.44,NORMAL,0
2026-07-07T03:00:00,DG-001,107.77,1.324,440.6,97.7,48.3,104.41,21.89,FAILURE_PRECURSOR,1
2026-07-07T04:00:00,DG-001,110.34,1.357,454.0,104.9,42.6,105.71,23.79,FAILURE_PRECURSOR,1
2026-07-07T05:00:00,DG-001,108.78,1.15,464.2,103.8,25.2,106.63,21.4,FAILURE_PRECURSOR,1
2026-07-07T06:00:00,DG-001,97.87,0.669,416.0,93.4,46.4,86.09,24.34,WARNING,0
2026-07-07T07:00:00,DG-001,97.43,0.547,456.9,93.6,59.0,90.48,23.99,WARNING,0
2026-07-07T08:00:00,DG-001,77.96,0.26,250.2,50.8,35.5,73.39,26.2,NORMAL,0
2026-07-07T09:00:00,DG-001,79.69,0.241,309.7,62.7,56.5,74.41,26.62,NORMAL,0
2026-07-07T10:00:00,DG-001,81.57,0.259,395.8,79.2,52.8,75.06,26.44,NORMAL,0
2026-07-07T11:00:00,DG-001,81.08,0.168,288.0,58.1,88.2,76.41,25.88,NORMAL,0
2026-07-07T12:00:00,DG-001,80.82,0.235,344.4,70.4,67.7,77.42,25.26,NORMAL,0
2026-07-07T13:00:00,DG-001,81.4,0.222,285.0,57.3,56.0,73.38,26.73,NORMAL,0
2026-07-07T14:00:00,DG-001,80.15,0.268,323.0,64.1,36.1,75.8,25.15,NORMAL,0
2026-07-07T15:00:00,DG-001,81.07,0.173,355.0,70.8,45.3,74.34,26.43,NORMAL,0
2026-07-07T16:00:00,DG-001,79.36,0.183,300.9,62.5,21.0,76.65,25.59,NORMAL,0
2026-07-07T17:00:00,DG-001,77.96,0.185,248.5,51.5,77.9,73.28,26.61,NORMAL,0
2026-07-07T18:00:00,DG-001,79.38,0.2,264.6,52.2,95.9,73.84,25.27,NORMAL,0
2026-07-07T19:00:00,DG-001,98.09,0.649,428.8,91.6,22.3,87.91,25.03,WARNING,0
2026-07-07T20:00:00,DG-001,79.82,0.223,307.7,60.3,45.8,73.94,27.79,NORMAL,0
2026-07-07T21:00:00,DG-001,83.87,0.394,431.7,83.4,30.8,76.41,27.56,NORMAL,0
2026-07-07T22:00:00,DG-001,107.5,1.137,422.4,101.7,17.9,105.48,20.87,FAILURE_PRECURSOR,1
2026-07-07T23:00:00,DG-001,83.81,0.151,412.7,82.0,55.2,75.84,26.68,NORMAL,0
2026-07-08T00:00:00,DG-001,112.89,1.252,489.5,107.3,49.7,105.06,20.35,FAILURE_PRECURSOR,1
2026-07-08T01:00:00,DG-001,82.68,0.194,289.2,58.8,24.2,75.46,27.99,NORMAL,0
2026-07-08T02:00:00,DG-001,93.49,0.406,385.7,77.6,40.6,88.25,23.53,WARNING,0
2026-07-08T03:00:00,DG-001,82.56,0.179,409.3,81.7,94.1,77.48,27.8,NORMAL,0
2026-07-08T04:00:00,DG-001,83.39,0.205,346.3,70.4,64.8,74.5,25.31,NORMAL,0
2026-07-08T05:00:00,DG-001,79.41,0.17,263.8,55.2,62.9,74.5,25.23,NORMAL,0
2026-07-08T06:00:00,DG-001,98.02,0.556,435.1,86.5,62.4,85.6,23.97,WARNING,0
2026-07-08T07:00:00,DG-001,82.39,0.198,359.7,70.6,27.2,74.99,25.25,NORMAL,0
2026-07-08T08:00:00,DG-001,79.09,0.156,247.9,50.7,31.9,73.51,26.48,NORMAL,0
2026-07-08T09:00:00,DG-001,80.5,0.277,317.2,64.0,67.3,75.47,26.61,NORMAL,0
2026-07-08T10:00:00,DG-001,98.57,0.618,448.3,93.9,77.1,86.12,24.85,WARNING,0
2026-07-08T11:00:00,DG-001,80.39,0.22,319.1,62.8,84.0,75.24,26.26,NORMAL,0
2026-07-08T12:00:00,DG-001,99.81,0.527,354.1,76.2,45.9,91.0,23.45,WARNING,0
2026-07-08T13:00:00,DG-001,82.14,0.347,278.5,55.2,93.7,74.85,26.12,NORMAL,0
2026-07-08T14:00:00,DG-001,79.63,0.231,283.9,55.2,47.3,72.84,25.45,NORMAL,0
2026-07-08T15:00:00,DG-001,79.9,0.241,338.8,67.6,45.8,74.05,27.26,NORMAL,0
2026-07-08T16:00:00,DG-001,80.25,0.166,278.1,55.6,20.1,74.3,26.34,NORMAL,0
2026-07-08T17:00:00,DG-001,100.69,0.532,423.4,84.9,28.6,85.65,24.38,WARNING,0
2026-07-08T18:00:00,DG-001,81.86,0.196,295.1,60.5,67.7,72.75,26.65,NORMAL,0
2026-07-08T19:00:00,DG-001,79.39,0.228,251.8,51.2,66.7,73.55,27.3,NORMAL,0
2026-07-08T20:00:00,DG-001,97.59,0.552,413.4,88.1,71.1,87.33,25.61,WARNING,0
2026-07-08T21:00:00,DG-001,81.69,0.179,379.6,76.8,58.9,75.44,27.83,NORMAL,0
2026-07-08T22:00:00,DG-001,95.29,0.452,380.4,79.3,19.7,89.43,25.69,WARNING,0
2026-07-08T23:00:00,DG-001,110.71,1.438,402.9,95.4,22.7,102.4,20.61,FAILURE_PRECURSOR,1
2026-07-09T00:00:00,DG-001,83.5,0.267,342.2,67.3,41.6,74.38,27.87,NORMAL,0
2026-07-09T01:00:00,DG-001,82.01,0.184,361.8,72.6,20.2,75.53,25.59,NORMAL,0
2026-07-09T02:00:00,DG-001,81.73,0.152,326.5,66.6,55.6,75.83,27.81,NORMAL,0
2026-07-09T03:00:00,DG-001,81.86,0.255,273.8,54.3,31.5,74.52,26.58,NORMAL,0
2026-07-09T04:00:00,DG-001,81.6,0.232,339.2,68.2,94.3,75.74,25.85,NORMAL,0
2026-07-09T05:00:00,DG-001,83.06,0.257,292.8,58.8,82.7,76.71,27.93,NORMAL,0
2026-07-09T06:00:00,DG-001,82.89,0.214,391.8,77.6,36.7,77.4,25.72,NORMAL,0
2026-07-09T07:00:00,DG-001,81.59,0.257,400.2,80.8,74.6,78.07,27.99,NORMAL,0
2026-07-09T08:00:00,DG-001,84.93,0.17,427.5,84.6,90.4,76.48,27.02,NORMAL,0
2026-07-09T09:00:00,DG-001,80.99,0.289,338.3,68.9,57.6,76.29,25.11,NORMAL,0
2026-07-09T10:00:00,DG-001,82.01,0.299,341.9,68.8,52.4,74.81,27.44,NORMAL,0
2026-07-09T11:00:00,DG-001,80.63,0.298,296.7,59.3,20.6,74.93,25.88,NORMAL,0
2026-07-09T12:00:00,DG-001,96.73,0.416,380.2,78.6,82.9,87.42,25.53,WARNING,0
2026-07-09T13:00:00,DG-001,83.62,0.303,376.4,74.6,99.7,78.03,26.44,NORMAL,0
2026-07-09T14:00:00,DG-001,79.21,0.24,260.9,53.1,95.5,74.32,26.86,NORMAL,0
2026-07-09T15:00:00,DG-001,80.62,0.071,282.6,57.5,94.8,76.0,25.23,NORMAL,0
2026-07-09T16:00:00,DG-001,83.81,0.214,380.6,76.4,97.7,77.35,26.72,NORMAL,0
2026-07-09T17:00:00,DG-001,99.83,0.407,412.5,83.9,77.4,88.75,25.84,WARNING,0
2026-07-09T18:00:00,DG-001,83.55,0.203,426.6,84.8,93.3,77.65,25.34,NORMAL,0
2026-07-09T19:00:00,DG-001,109.07,1.52,357.2,85.3,39.2,100.63,21.4,FAILURE_PRECURSOR,1
2026-07-09T20:00:00,DG-001,87.69,0.289,408.1,83.5,24.4,77.85,25.5,NORMAL,0
2026-07-09T21:00:00,DG-001,82.57,0.253,404.4,81.5,69.7,76.72,25.21,NORMAL,0
2026-07-09T22:00:00,DG-001,76.63,0.131,265.6,51.5,54.6,74.44,25.85,NORMAL,0
2026-07-09T23:00:00,DG-001,98.91,0.556,463.3,93.5,38.4,90.99,25.52,WARNING,0
2026-07-10T00:00:00,DG-001,81.46,0.232,316.0,63.3,26.9,74.28,27.7,NORMAL,0
2026-07-10T01:00:00,DG-001,80.68,0.146,331.5,65.4,52.6,73.81,26.72,NORMAL,0
2026-07-10T02:00:00,DG-001,97.46,0.533,385.2,83.3,74.3,88.69,23.47,WARNING,0
2026-07-10T03:00:00,DG-001,78.01,0.262,376.3,74.0,37.5,77.22,26.15,NORMAL,0
2026-07-10T04:00:00,DG-001,82.96,0.22,384.6,78.0,91.8,75.34,26.52,NORMAL,0
2026-07-10T05:00:00,DG-001,85.17,0.296,391.8,77.6,64.1,76.09,26.51,NORMAL,0
2026-07-10T06:00:00,DG-001,79.63,0.273,309.0,61.1,27.8,74.69,26.7,NORMAL,0
2026-07-10T07:00:00,DG-001,98.13,0.471,428.6,80.1,35.7,87.65,23.29,WARNING,0
2026-07-10T08:00:00,DG-001,108.3,1.491,486.9,95.1,17.4,105.67,20.63,FAILURE_PRECURSOR,1
2026-07-10T09:00:00,DG-001,83.1,0.232,403.9,80.8,79.6,75.83,26.89,NORMAL,0
2026-07-10T10:00:00,DG-001,80.72,0.211,274.4,55.8,26.5,72.57,26.3,NORMAL,0
2026-07-10T11:00:00,DG-001,96.55,0.584,412.4,80.1,55.5,89.16,25.39,WARNING,0
2026-07-10T12:00:00,DG-001,81.68,0.251,415.7,84.2,80.9,76.37,27.96,NORMAL,0
2026-07-10T13:00:00,DG-001,80.46,0.166,297.4,57.8,67.8,74.64,26.96,NORMAL,0
2026-07-10T14:00:00,DG-001,82.73,0.191,289.6,58.1,36.5,73.56,27.28,NORMAL,0
2026-07-10T15:00:00,DG-001,84.12,0.266,283.4,56.3,99.5,73.56,26.34,NORMAL,0
2026-07-10T16:00:00,DG-001,79.62,0.207,287.7,57.0,85.7,75.57,27.53,NORMAL,0
2026-07-10T17:00:00,DG-001,99.6,0.521,438.4,88.4,37.2,89.55,24.05,WARNING,0
2026-07-10T18:00:00,DG-001,82.44,0.172,342.1,69.3,87.8,74.13,27.79,NORMAL,0
2026-07-10T19:00:00,DG-001,98.68,0.686,422.3,86.6,77.2,86.65,24.54,WARNING,0
2026-07-10T20:00:00,DG-001,116.21,1.408,453.7,103.2,40.4,101.38,23.54,FAILURE_PRECURSOR,1
2026-07-10T21:00:00,DG-001,81.84,0.324,262.2,52.3,32.9,74.52,25.88,NORMAL,0
2026-07-10T22:00:00,DG-001,99.27,0.432,433.1,84.2,65.5,88.19,24.08,WARNING,0
2026-07-10T23:00:00,DG-001,82.55,0.267,425.3,83.9,100.0,78.77,25.34,NORMAL,0
2026-07-11T00:00:00,DG-001,83.19,0.268,411.5,81.8,83.1,76.72,26.79,NORMAL,0
2026-07-11T01:00:00,DG-001,80.27,0.247,330.4,66.3,96.8,75.49,25.83,NORMAL,0
2026-07-11T02:00:00,DG-001,81.11,0.181,315.9,64.0,86.8,75.8,27.26,NORMAL,0
2026-07-11T03:00:00,DG-001,99.81,0.627,463.4,94.6,89.7,88.52,23.97,WARNING,0
2026-07-11T04:00:00,DG-001,82.12,0.16,296.0,60.2,39.7,73.77,25.14,NORMAL,0
2026-07-11T05:00:00,DG-001,82.79,0.19,305.9,62.9,64.4,74.52,25.91,NORMAL,0
2026-07-11T06:00:00,DG-001,81.61,0.224,357.6,72.1,94.3,75.7,26.43,NORMAL,0
2026-07-11T07:00:00,DG-001,80.37,0.248,314.9,62.8,84.1,74.35,25.03,NORMAL,0
2026-07-11T08:00:00,DG-001,80.54,0.277,344.0,68.4,77.3,76.24,25.59,NORMAL,0
2026-07-11T09:00:00,DG-001,84.99,0.255,429.2,84.9,34.0,76.67,25.27,NORMAL,0
2026-07-11T10:00:00,DG-001,100.33,0.515,414.1,91.4,25.8,89.33,23.84,WARNING,0
2026-07-11T11:00:00,DG-001,106.41,1.339,407.1,88.0,28.4,100.99,22.03,FAILURE_PRECURSOR,1
2026-07-11T12:00:00,DG-001,82.4,0.201,415.7,83.2,27.9,75.8,27.41,NORMAL,0
2026-07-11T13:00:00,DG-001,81.68,0.207,318.0,63.1,60.6,75.5,26.75,NORMAL,0
2026-07-11T14:00:00,DG-001,82.98,0.243,357.9,72.9,78.3,74.41,27.56,NORMAL,0
2026-07-11T15:00:00,DG-001,81.41,0.279,304.4,59.8,72.3,74.62,26.18,NORMAL,0
2026-07-11T16:00:00,DG-001,82.0,0.213,351.8,70.7,44.9,78.58,27.54,NORMAL,0
2026-07-11T17:00:00,DG-001,96.37,0.46,402.6,83.1,21.3,88.36,24.69,WARNING,0
2026-07-11T18:00:00,DG-001,81.95,0.342,284.0,55.5,38.7,75.1,26.4,NORMAL,0
2026-07-11T19:00:00,DG-001,83.52,0.277,393.2,79.6,72.8,75.28,26.48,NORMAL,0
2026-07-11T20:00:00,DG-001,84.4,0.24,308.8,59.8,61.8,74.09,27.24,NORMAL,0
2026-07-11T21:00:00,DG-001,82.26,0.277,348.7,69.6,88.3,74.7,25.35,NORMAL,0
2026-07-11T22:00:00,DG-001,98.9,0.419,392.0,78.5,65.1,89.29,23.53,WARNING,0
2026-07-11T23:00:00,DG-001,81.27,0.117,295.6,59.1,90.7,76.14,25.89,NORMAL,0
2026-07-12T00:00:00,DG-001,81.74,0.296,391.0,77.9,23.7,75.99,26.68,NORMAL,0
2026-07-12T01:00:00,DG-001,99.78,0.598,373.0,82.0,61.9,86.78,24.66,WARNING,0
2026-07-12T02:00:00,DG-001,96.93,0.594,423.1,84.7,75.8,86.3,25.75,WARNING,0
2026-07-12T03:00:00,DG-001,84.87,0.305,372.6,74.6,54.6,74.8,25.9,NORMAL,0
2026-07-12T04:00:00,DG-001,80.45,0.199,272.1,55.2,76.6,72.65,27.79,NORMAL,0
2026-07-12T05:00:00,DG-001,82.94,0.271,274.0,56.3,41.3,74.42,25.09,NORMAL,0
2026-07-12T06:00:00,DG-001,82.35,0.31,392.8,77.6,47.1,77.14,27.73,NORMAL,0
2026-07-12T07:00:00,DG-001,85.7,0.267,420.7,84.5,63.2,77.99,26.62,NORMAL,0
2026-07-12T08:00:00,DG-001,78.87,0.214,265.2,54.1,89.8,73.8,27.12,NORMAL,0
2026-07-12T09:00:00,DG-001,79.81,0.181,315.6,64.4,40.6,74.49,25.79,NORMAL,0
2026-07-12T10:00:00,DG-001,81.72,0.34,320.9,63.7,32.3,74.6,26.42,NORMAL,0
2026-07-12T11:00:00,DG-001,82.88,0.351,387.5,77.9,90.3,74.34,26.91,NORMAL,0
2026-07-12T12:00:00,DG-001,79.47,0.241,308.0,59.7,73.5,74.6,25.92,NORMAL,0
2026-07-12T13:00:00,DG-001,82.0,0.263,332.6,65.4,83.3,74.7,27.21,NORMAL,0
2026-07-12T14:00:00,DG-001,83.29,0.162,317.4,63.3,70.4,74.83,26.11,NORMAL,0
2026-07-12T15:00:00,DG-001,82.93,0.306,339.9,68.2,90.8,75.34,27.52,NORMAL,0
2026-07-12T16:00:00,DG-001,81.49,0.215,301.6,60.8,78.4,74.42,25.55,NORMAL,0
2026-07-12T17:00:00,DG-001,97.92,0.463,382.0,82.9,28.5,85.5,25.31,WARNING,0
2026-07-12T18:00:00,DG-001,80.54,0.238,297.0,58.9,68.2,73.67,26.44,NORMAL,0
2026-07-12T19:00:00,DG-001,110.15,1.212,395.7,89.2,42.6,101.54,20.8,FAILURE_PRECURSOR,1
2026-07-12T20:00:00,DG-001,83.0,0.216,323.4,64.6,42.0,74.43,26.28,NORMAL,0
2026-07-12T21:00:00,DG-001,95.93,0.553,361.6,77.6,17.9,88.81,24.07,WARNING,0
2026-07-12T22:00:00,DG-001,97.39,0.586,446.9,93.9,39.4,89.69,23.81,WARNING,0
2026-07-12T23:00:00,DG-001,103.83,0.826,425.2,97.8,23.2,105.05,22.78,FAILURE_PRECURSOR,1
2026-07-13T00:00:00,DG-001,79.07,0.172,269.1,55.7,95.0,74.35,25.01,NORMAL,0
2026-07-13T01:00:00,DG-001,83.24,0.23,355.9,73.2,94.5,73.62,27.32,NORMAL,0
2026-07-13T02:00:00,DG-001,84.53,0.255,393.1,78.0,57.1,76.47,25.79,NORMAL,0
2026-07-13T03:00:00,DG-001,81.32,0.298,408.6,80.4,57.8,76.08,27.5,NORMAL,0
2026-07-13T04:00:00,DG-001,79.69,0.256,291.7,58.0,83.4,75.72,26.0,NORMAL,0
2026-07-13T05:00:00,DG-001,78.89,0.182,308.6,61.9,56.2,73.43,26.99,NORMAL,0
2026-07-13T06:00:00,DG-001,79.95,0.211,257.9,51.3,66.5,73.88,27.26,NORMAL,0
2026-07-13T07:00:00,DG-001,84.82,0.295,401.6,79.5,34.5,77.3,26.48,NORMAL,0
2026-07-13T08:00:00,DG-001,99.81,0.502,437.6,93.4,66.3,90.67,25.83,WARNING,0
2026-07-13T09:00:00,DG-001,82.84,0.25,385.8,77.3,45.8,76.5,25.03,NORMAL,0
2026-07-13T10:00:00,DG-001,81.63,0.318,380.4,76.6,54.0,76.35,25.86,NORMAL,0
2026-07-13T11:00:00,DG-001,97.82,0.422,391.9,86.3,17.7,88.43,24.23,WARNING,0
2026-07-13T12:00:00,DG-001,104.44,0.59,463.4,91.1,84.9,90.08,23.43,WARNING,0
2026-07-13T13:00:00,DG-001,84.73,0.309,363.1,73.0,67.9,76.52,27.25,NORMAL,0
2026-07-13T14:00:00,DG-001,80.71,0.274,312.9,64.5,90.7,72.16,26.85,NORMAL,0
2026-07-13T15:00:00,DG-001,79.2,0.204,340.1,67.7,77.9,74.83,25.79,NORMAL,0
2026-07-13T16:00:00,DG-001,96.26,0.46,379.5,80.1,15.1,88.95,25.31,WARNING,0
2026-07-13T17:00:00,DG-001,95.7,0.597,364.5,76.6,46.9,90.05,24.8,WARNING,0
2026-07-13T18:00:00,DG-001,84.02,0.148,386.3,75.9,97.3,77.93,27.08,NORMAL,0
2026-07-13T19:00:00,DG-001,83.09,0.321,355.1,69.5,66.8,74.15,26.95,NORMAL,0
2026-07-13T20:00:00,DG-001,83.01,0.288,337.9,67.7,85.4,74.23,25.33,NORMAL,0
2026-07-13T21:00:00,DG-001,83.28,0.332,375.9,76.8,30.5,77.05,25.53,NORMAL,0
2026-07-13T22:00:00,DG-001,84.04,0.227,407.6,82.7,85.3,74.83,26.21,NORMAL,0
2026-07-13T23:00:00,DG-001,81.17,0.291,397.1,79.1,69.3,76.09,25.39,NORMAL,0
2026-07-14T00:00:00,DG-001,83.44,0.227,365.4,73.0,65.3,77.41,26.81,NORMAL,0
2026-07-14T01:00:00,DG-001,108.77,1.585,457.2,107.4,26.4,104.87,21.34,FAILURE_PRECURSOR,1
2026-07-14T02:00:00,DG-001,97.53,0.493,395.3,81.6,21.6,92.66,23.17,WARNING,0
2026-07-14T03:00:00,DG-001,84.08,0.185,275.8,54.7,30.4,76.25,26.14,NORMAL,0
2026-07-14T04:00:00,DG-001,83.82,0.2,319.0,64.7,91.9,74.73,26.65,NORMAL,0
2026-07-14T05:00:00,DG-001,81.69,0.208,272.6,54.8,57.7,75.4,27.27,NORMAL,0
2026-07-14T06:00:00,DG-001,79.49,0.205,292.2,58.4,66.2,73.35,27.86,NORMAL,0
2026-07-14T07:00:00,DG-001,81.7,0.163,290.9,58.5,76.5,75.77,26.65,NORMAL,0
2026-07-14T08:00:00,DG-001,82.59,0.281,305.6,62.3,22.4,75.89,27.44,NORMAL,0
2026-07-14T09:00:00,DG-001,80.75,0.269,300.8,59.8,99.6,75.07,26.2,NORMAL,0
2026-07-14T10:00:00,DG-001,99.88,0.683,460.5,94.5,70.0,91.55,23.64,WARNING,0
2026-07-14T11:00:00,DG-001,97.61,0.655,446.4,89.3,26.0,85.53,23.03,WARNING,0
2026-07-14T12:00:00,DG-001,81.04,0.203,354.8,69.7,25.6,74.65,26.83,NORMAL,0
2026-07-14T13:00:00,DG-001,95.46,0.699,390.6,80.3,21.4,88.29,24.62,WARNING,0
2026-07-14T14:00:00,DG-001,80.81,0.275,320.0,62.7,44.0,74.69,27.75,NORMAL,0
2026-07-14T15:00:00,DG-001,82.12,0.241,361.8,73.9,46.4,74.34,27.74,NORMAL,0
2026-07-14T16:00:00,DG-001,78.5,0.216,271.3,52.7,55.1,74.27,27.06,NORMAL,0
2026-07-14T17:00:00,DG-001,82.53,0.322,372.6,73.8,81.0,76.14,25.98,NORMAL,0
2026-07-14T18:00:00,DG-001,81.06,0.139,257.3,50.7,24.0,73.78,26.43,NORMAL,0
2026-07-14T19:00:00,DG-001,97.16,0.488,428.6,86.2,30.2,89.53,24.84,WARNING,0
2026-07-14T20:00:00,DG-001,81.52,0.281,406.1,80.1,83.1,76.78,26.41,NORMAL,0
2026-07-14T21:00:00,DG-001,78.09,0.182,253.4,51.0,64.1,73.8,25.66,NORMAL,0
2026-07-14T22:00:00,DG-001,78.09,0.253,303.1,61.0,81.6,75.04,26.43,NORMAL,0
2026-07-14T23:00:00,DG-001,83.16,0.255,419.9,83.3,31.1,75.93,26.57,NORMAL,0
2026-07-15T00:00:00,DG-001,81.81,0.175,344.6,68.3,75.2,73.66,26.4,NORMAL,0
2026-07-15T01:00:00,DG-001,105.91,1.458,396.6,90.0,31.0,102.05,21.78,FAILURE_PRECURSOR,1
2026-07-15T02:00:00,DG-001,83.53,0.285,376.8,75.0,41.9,77.88,26.86,NORMAL,0
2026-07-15T03:00:00,DG-001,101.64,0.652,433.4,88.2,83.9,90.72,23.48,WARNING,0
2026-07-15T04:00:00,DG-001,81.77,0.253,419.8,83.8,27.2,76.98,27.36,NORMAL,0
2026-07-15T05:00:00,DG-001,99.77,0.6,416.3,86.9,82.4,88.78,24.91,WARNING,0
2026-07-15T06:00:00,DG-001,81.12,0.239,390.3,77.8,64.4,76.27,27.37,NORMAL,0
2026-07-15T07:00:00,DG-001,97.54,0.596,433.6,87.4,59.3,89.93,24.63,WARNING,0
2026-07-15T08:00:00,DG-001,79.97,0.311,274.6,53.7,45.5,76.33,27.29,NORMAL,0
2026-07-15T09:00:00,DG-001,80.78,0.303,313.6,63.7,79.1,75.08,27.01,NORMAL,0
2026-07-15T10:00:00,DG-001,81.6,0.191,361.3,72.6,55.4,74.71,26.69,NORMAL,0
2026-07-15T11:00:00,DG-001,80.5,0.214,333.9,67.6,85.6,74.76,27.12,NORMAL,0
2026-07-15T12:00:00,DG-001,83.91,0.195,360.0,72.5,26.4,75.92,27.72,NORMAL,0
2026-07-15T13:00:00,DG-001,81.96,0.27,336.8,68.0,91.8,75.7,26.46,NORMAL,0
2026-07-15T14:00:00,DG-001,79.76,0.137,259.3,52.4,45.5,72.8,26.0,NORMAL,0
2026-07-15T15:00:00,DG-001,84.52,0.336,396.8,80.9,94.4,78.05,27.47,NORMAL,0
2026-07-15T16:00:00,DG-001,78.59,0.243,265.2,52.8,53.2,74.86,26.1,NORMAL,0
2026-07-15T17:00:00,DG-001,83.43,0.158,274.2,54.9,59.9,73.65,25.91,NORMAL,0
2026-07-15T18:00:00,DG-001,84.12,0.243,388.4,77.5,84.4,77.33,27.67,NORMAL,0
2026-07-15T19:00:00,DG-001,79.08,0.175,286.0,56.0,35.1,76.28,26.8,NORMAL,0
2026-07-15T20:00:00,DG-001,97.82,0.485,401.5,83.7,24.5,90.79,25.64,WARNING,0
2026-07-15T21:00:00,DG-001,81.76,0.181,407.7,82.1,91.8,75.44,26.15,NORMAL,0
2026-07-15T22:00:00,DG-001,81.52,0.262,259.2,53.3,58.4,76.38,27.28,NORMAL,0
2026-07-15T23:00:00,DG-001,110.45,0.848,458.2,107.9,19.0,103.66,20.74,FAILURE_PRECURSOR,1
2026-07-16T00:00:00,DG-001,80.14,0.173,261.5,51.8,94.1,73.96,25.31,NORMAL,0
2026-07-16T01:00:00,DG-001,83.21,0.217,366.4,71.7,54.2,75.51,27.85,NORMAL,0
2026-07-16T02:00:00,DG-001,101.98,0.411,439.7,89.5,80.5,91.11,24.42,WARNING,0
2026-07-16T03:00:00,DG-001,98.25,0.439,422.1,92.3,34.6,88.0,23.12,WARNING,0
2026-07-16T04:00:00,DG-001,80.77,0.318,317.5,63.8,47.6,75.52,26.19,NORMAL,0
2026-07-16T05:00:00,DG-001,82.42,0.227,357.1,70.9,32.1,73.08,25.21,NORMAL,0
2026-07-16T06:00:00,DG-001,111.7,1.103,449.1,106.8,19.2,102.33,20.19,FAILURE_PRECURSOR,1
2026-07-16T07:00:00,DG-001,85.44,0.267,333.5,67.1,41.2,75.06,26.42,NORMAL,0
2026-07-16T08:00:00,DG-001,85.36,0.263,422.4,84.3,92.6,76.19,27.97,NORMAL,0
2026-07-16T09:00:00,DG-001,81.95,0.21,374.5,74.3,51.8,75.99,25.28,NORMAL,0
2026-07-16T10:00:00,DG-001,82.35,0.259,313.5,62.3,40.4,75.64,26.54,NORMAL,0
2026-07-16T11:00:00,DG-001,82.88,0.237,299.5,60.3,25.6,76.58,26.55,NORMAL,0
2026-07-16T12:00:00,DG-001,79.99,0.157,267.0,54.3,44.8,75.28,27.91,NORMAL,0
2026-07-16T13:00:00,DG-001,113.02,1.196,488.5,100.3,38.8,107.08,20.69,FAILURE_PRECURSOR,1
2026-07-16T14:00:00,DG-001,83.88,0.299,425.6,84.9,86.2,76.89,27.9,NORMAL,0
2026-07-16T15:00:00,DG-001,95.53,0.569,381.2,77.2,79.2,85.14,23.93,WARNING,0
2026-07-16T16:00:00,DG-001,95.71,0.599,409.6,85.5,55.0,88.83,24.65,WARNING,0
2026-07-16T17:00:00,DG-001,108.85,1.141,419.2,93.8,30.3,104.87,21.51,FAILURE_PRECURSOR,1
2026-07-16T18:00:00,DG-001,103.12,0.618,442.2,91.8,36.8,90.01,23.02,WARNING,0
2026-07-16T19:00:00,DG-001,82.09,0.16,345.6,69.2,98.2,75.04,27.96,NORMAL,0
2026-07-16T20:00:00,DG-001,81.55,0.212,252.4,50.0,68.8,73.81,26.0,NORMAL,0
2026-07-16T21:00:00,DG-001,80.56,0.117,317.7,62.1,94.9,76.04,26.67,NORMAL,0
2026-07-16T22:00:00,DG-001,84.54,0.279,361.7,72.2,36.6,75.38,26.85,NORMAL,0
2026-07-16T23:00:00,DG-001,81.36,0.192,277.4,54.9,99.7,74.06,25.71,NORMAL,0
2026-07-17T00:00:00,DG-001,81.0,0.24,383.5,75.9,68.3,74.91,26.01,NORMAL,0
2026-07-17T01:00:00,DG-001,77.66,0.25,327.6,65.7,97.2,73.86,27.08,NORMAL,0
2026-07-17T02:00:00,DG-001,96.0,0.441,372.5,78.2,32.3,86.67,23.64,WARNING,0
2026-07-17T03:00:00,DG-001,79.49,0.256,266.4,54.4,60.0,73.7,25.2,NORMAL,0
2026-07-17T04:00:00,DG-001,95.39,0.563,381.7,76.2,80.0,90.23,25.63,WARNING,0
2026-07-17T05:00:00,DG-001,81.78,0.232,310.7,62.6,81.1,75.48,25.84,NORMAL,0
2026-07-17T06:00:00,DG-001,80.64,0.25,357.0,69.2,35.2,74.97,26.98,NORMAL,0
2026-07-17T07:00:00,DG-001,79.7,0.235,253.3,50.7,26.8,73.2,25.23,NORMAL,0
2026-07-17T08:00:00,DG-001,84.51,0.282,335.3,67.8,44.4,77.3,26.93,NORMAL,0
2026-07-17T09:00:00,DG-001,79.65,0.19,318.9,63.8,46.9,74.28,26.61,NORMAL,0
2026-07-17T10:00:00,DG-001,110.35,0.952,473.8,98.9,41.3,101.66,20.89,FAILURE_PRECURSOR,1
2026-07-17T11:00:00,DG-001,81.96,0.189,364.1,72.3,58.7,76.83,26.05,NORMAL,0
2026-07-17T12:00:00,DG-001,99.9,0.585,393.6,85.5,54.9,88.13,25.99,WARNING,0
2026-07-17T13:00:00,DG-001,80.5,0.28,372.4,75.0,86.1,78.42,25.95,NORMAL,0
2026-07-17T14:00:00,DG-001,83.61,0.247,385.0,76.6,26.7,74.02,27.8,NORMAL,0
2026-07-17T15:00:00,DG-001,85.46,0.098,421.8,84.8,22.9,75.19,26.29,NORMAL,0
2026-07-17T16:00:00,DG-001,81.99,0.338,332.2,66.8,65.7,76.3,26.23,NORMAL,0
2026-07-17T17:00:00,DG-001,80.17,0.313,320.0,63.8,59.0,75.89,25.46,NORMAL,0
2026-07-17T18:00:00,DG-001,98.81,0.418,429.1,87.9,59.1,89.25,23.72,WARNING,0
2026-07-17T19:00:00,DG-001,96.37,0.525,401.2,86.5,67.3,89.24,25.17,WARNING,0
2026-07-17T20:00:00,DG-001,81.05,0.291,301.1,59.8,96.8,76.23,26.31,NORMAL,0
2026-07-17T21:00:00,DG-001,95.26,0.459,424.9,85.7,25.5,87.16,25.22,WARNING,0
2026-07-17T22:00:00,DG-001,95.76,0.515,412.1,85.5,47.2,85.68,23.95,WARNING,0
2026-07-17T23:00:00,DG-001,83.47,0.293,357.0,71.9,58.1,76.3,27.99,NORMAL,0
2026-07-18T00:00:00,DG-001,81.79,0.177,367.7,73.7,20.4,75.68,27.14,NORMAL,0
2026-07-18T01:00:00,DG-001,94.32,0.438,410.7,87.7,20.3,89.09,24.01,WARNING,0
2026-07-18T02:00:00,DG-001,81.29,0.248,286.8,56.5,56.2,75.54,25.54,NORMAL,0
2026-07-18T03:00:00,DG-001,80.23,0.259,252.2,52.4,49.5,73.85,26.82,NORMAL,0
2026-07-18T04:00:00,DG-001,77.09,0.145,274.9,54.9,32.7,75.42,26.6,NORMAL,0
2026-07-18T05:00:00,DG-001,81.68,0.235,366.1,73.8,22.4,77.06,25.6,NORMAL,0
2026-07-18T06:00:00,DG-001,80.7,0.183,385.7,78.9,27.3,77.95,26.44,NORMAL,0
2026-07-18T07:00:00,DG-001,80.36,0.188,282.9,56.6,76.6,75.28,26.06,NORMAL,0
2026-07-18T08:00:00,DG-001,81.13,0.228,427.0,84.3,96.7,75.95,25.87,NORMAL,0
2026-07-18T09:00:00,DG-001,84.78,0.193,388.1,76.5,97.4,74.98,27.76,NORMAL,0
2026-07-18T10:00:00,DG-001,82.77,0.249,395.0,79.7,65.1,77.1,25.55,NORMAL,0
2026-07-18T11:00:00,DG-001,77.64,0.172,278.9,54.6,54.2,75.08,25.43,NORMAL,0
2026-07-18T12:00:00,DG-001,80.96,0.18,351.4,70.1,89.5,75.93,25.07,NORMAL,0
2026-07-18T13:00:00,DG-001,79.58,0.257,321.1,64.6,50.4,74.44,26.76,NORMAL,0
2026-07-18T14:00:00,DG-001,84.35,0.14,308.5,62.5,68.9,74.46,27.67,NORMAL,0
2026-07-18T15:00:00,DG-001,106.89,1.121,438.2,93.5,30.9,107.64,22.11,FAILURE_PRECURSOR,1
2026-07-18T16:00:00,DG-001,83.13,0.259,383.5,76.8,20.9,76.75,25.11,NORMAL,0
2026-07-18T17:00:00,DG-001,79.48,0.198,257.2,52.6,28.2,74.68,26.54,NORMAL,0
2026-07-18T18:00:00,DG-001,100.13,0.456,431.7,90.6,21.3,89.35,23.99,WARNING,0
2026-07-18T19:00:00,DG-001,85.02,0.191,403.8,80.2,92.6,75.43,25.3,NORMAL,0
2026-07-18T20:00:00,DG-001,81.25,0.219,316.1,62.7,64.7,73.78,26.7,NORMAL,0
2026-07-18T21:00:00,DG-001,80.95,0.272,370.9,72.9,75.8,75.44,25.58,NORMAL,0
2026-07-18T22:00:00,DG-001,81.3,0.216,264.5,53.2,36.4,74.62,26.51,NORMAL,0
2026-07-18T23:00:00,DG-001,97.43,0.557,441.3,90.0,18.9,86.6,25.8,WARNING,0
2026-07-19T00:00:00,DG-001,83.16,0.283,296.7,60.0,80.5,74.15,27.78,NORMAL,0
2026-07-19T01:00:00,DG-001,107.97,1.304,468.4,105.7,47.1,103.68,21.7,FAILURE_PRECURSOR,1
2026-07-19T02:00:00,DG-001,77.86,0.259,285.1,56.8,49.0,74.66,25.1,NORMAL,0
2026-07-19T03:00:00,DG-001,112.07,1.381,474.5,97.5,43.1,105.31,23.96,FAILURE_PRECURSOR,1
2026-07-19T04:00:00,DG-001,82.2,0.274,355.2,71.3,41.1,75.43,26.06,NORMAL,0
2026-07-19T05:00:00,DG-001,81.13,0.238,355.4,71.1,25.9,76.07,27.55,NORMAL,0
2026-07-19T06:00:00,DG-001,99.05,0.673,395.6,78.5,39.9,86.79,25.59,WARNING,0
2026-07-19T07:00:00,DG-001,81.22,0.212,331.2,67.0,50.8,73.88,26.35,NORMAL,0
2026-07-19T08:00:00,DG-001,97.48,0.43,462.9,93.4,39.3,88.6,25.02,WARNING,0
2026-07-19T09:00:00,DG-001,81.08,0.213,344.2,67.8,60.1,76.44,26.59,NORMAL,0
2026-07-19T10:00:00,DG-001,80.0,0.216,332.7,65.0,90.4,75.02,25.47,NORMAL,0
2026-07-19T11:00:00,DG-001,84.25,0.272,383.0,76.2,35.6,76.85,25.6,NORMAL,0
2026-07-19T12:00:00,DG-001,97.29,0.526,400.0,77.3,79.9,88.7,25.58,WARNING,0
2026-07-19T13:00:00,DG-001,80.24,0.121,269.3,53.7,97.5,72.36,27.69,NORMAL,0
2026-07-19T14:00:00,DG-001,80.41,0.148,269.8,52.5,57.7,74.56,27.28,NORMAL,0
2026-07-19T15:00:00,DG-001,80.05,0.164,300.8,60.8,90.2,76.36,25.01,NORMAL,0
2026-07-19T16:00:00,DG-001,79.42,0.204,267.7,52.6,52.7,75.03,27.64,NORMAL,0
2026-07-19T17:00:00,DG-001,81.39,0.198,300.9,59.0,97.7,73.88,26.04,NORMAL,0
2026-07-19T18:00:00,DG-001,107.19,1.571,443.5,93.3,42.2,103.44,20.85,FAILURE_PRECURSOR,1
2026-07-19T19:00:00,DG-001,78.26,0.303,285.0,56.9,58.7,73.75,26.18,NORMAL,0
2026-07-19T20:00:00,DG-001,82.4,0.261,355.6,72.4,40.7,74.6,26.43,NORMAL,0
2026-07-19T21:00:00,DG-001,83.47,0.308,389.2,79.5,84.5,78.2,26.91,NORMAL,0
2026-07-19T22:00:00,DG-001,81.51,0.251,257.7,51.2,34.8,75.53,27.46,NORMAL,0
2026-07-19T23:00:00,DG-001,82.55,0.077,280.5,55.7,26.3,75.18,27.97,NORMAL,0
2026-07-20T00:00:00,DG-001,77.73,0.22,260.8,53.0,56.8,74.63,25.31,NORMAL,0
2026-07-20T01:00:00,DG-001,83.31,0.324,390.5,79.0,24.8,76.33,27.22,NORMAL,0
2026-07-20T02:00:00,DG-001,83.57,0.23,268.3,53.3,80.9,74.79,27.88,NORMAL,0
2026-07-20T03:00:00,DG-001,85.36,0.165,354.5,69.2,79.7,76.15,25.25,NORMAL,0
2026-07-20T04:00:00,DG-001,84.0,0.232,254.7,50.9,24.2,73.54,26.6,NORMAL,0
2026-07-20T05:00:00,DG-001,79.77,0.265,291.7,57.4,82.5,74.53,27.42,NORMAL,0
2026-07-20T06:00:00,DG-001,77.98,0.29,257.1,51.7,62.1,74.83,26.23,NORMAL,0
2026-07-20T07:00:00,DG-001,97.18,0.652,396.1,80.4,74.9,90.36,23.15,WARNING,0
2026-07-20T08:00:00,DG-001,81.79,0.247,326.1,65.7,20.5,75.0,25.38,NORMAL,0
2026-07-20T09:00:00,DG-001,80.49,0.197,293.1,59.5,59.6,79.06,26.1,NORMAL,0
2026-07-20T10:00:00,DG-001,81.15,0.298,389.3,78.8,81.5,74.69,26.85,NORMAL,0
2026-07-20T11:00:00,DG-001,80.51,0.217,337.1,66.3,61.3,74.55,27.19,NORMAL,0
2026-07-20T12:00:00,DG-001,81.81,0.171,264.8,52.0,94.8,74.75,27.54,NORMAL,0
2026-07-20T13:00:00,DG-001,79.58,0.197,360.0,71.3,89.1,74.45,27.1,NORMAL,0
2026-07-20T14:00:00,DG-001,97.52,0.504,437.4,88.4,46.0,89.42,24.88,WARNING,0
2026-07-20T15:00:00,DG-001,113.97,1.256,467.3,105.9,17.4,105.81,21.88,FAILURE_PRECURSOR,1
2026-07-20T16:00:00,DG-001,106.84,1.557,377.1,86.4,37.9,101.5,21.67,FAILURE_PRECURSOR,1
2026-07-20T17:00:00,DG-001,84.63,0.303,422.3,84.5,41.6,75.79,27.84,NORMAL,0
2026-07-20T18:00:00,DG-001,81.66,0.273,343.5,67.0,23.9,74.27,27.81,NORMAL,0
2026-07-20T19:00:00,DG-001,80.09,0.183,274.6,54.6,52.4,72.85,25.98,NORMAL,0
2026-07-20T20:00:00,DG-001,104.02,1.239,380.2,88.9,43.5,105.44,22.06,FAILURE_PRECURSOR,1
2026-07-20T21:00:00,DG-001,97.88,0.474,355.4,78.1,30.0,86.91,25.61,WARNING,0
2026-07-20T22:00:00,DG-001,80.06,0.184,251.4,51.2,30.3,74.5,27.29,NORMAL,0
2026-07-20T23:00:00,DG-001,82.2,0.253,303.0,60.8,33.4,75.78,26.43,NORMAL,0
2026-07-21T00:00:00,DG-001,110.63,1.149,517.4,108.1,25.6,105.16,23.16,FAILURE_PRECURSOR,1
2026-07-21T01:00:00,DG-001,80.77,0.25,297.9,58.9,82.9,75.61,25.35,NORMAL,0
2026-07-21T02:00:00,DG-001,80.98,0.196,286.7,58.1,27.2,75.02,26.94,NORMAL,0
2026-07-21T03:00:00,DG-001,110.28,1.286,406.6,92.6,6.5,104.83,22.61,FAILURE_PRECURSOR,1
2026-07-21T04:00:00,DG-001,82.24,0.192,374.2,75.3,80.4,74.5,25.23,NORMAL,0
2026-07-21T05:00:00,DG-001,81.56,0.348,395.4,79.3,31.0,76.63,25.79,NORMAL,0
2026-07-21T06:00:00,DG-001,83.94,0.252,422.7,84.5,51.3,77.57,25.66,NORMAL,0
2026-07-21T07:00:00,DG-001,82.72,0.259,314.1,63.3,40.0,73.73,27.87,NORMAL,0
2026-07-21T08:00:00,DG-001,78.43,0.129,247.6,51.2,88.8,74.76,25.05,NORMAL,0
2026-07-21T09:00:00,DG-001,80.0,0.241,281.6,56.0,90.3,74.25,25.54,NORMAL,0
2026-07-21T10:00:00,DG-001,96.33,0.567,388.4,81.2,72.2,87.14,23.48,WARNING,0
2026-07-21T11:00:00,DG-001,80.45,0.236,322.6,65.4,65.6,75.06,26.38,NORMAL,0
2026-07-21T12:00:00,DG-001,82.6,0.321,380.5,76.8,34.9,77.18,26.64,NORMAL,0
2026-07-21T13:00:00,DG-001,99.04,0.692,438.0,90.7,65.3,87.82,24.48,WARNING,0
2026-07-21T14:00:00,DG-001,106.49,1.039,482.0,98.3,12.8,104.29,21.14,FAILURE_PRECURSOR,1
2026-07-21T15:00:00,DG-001,81.47,0.233,338.6,66.1,27.3,73.74,27.56,NORMAL,0
2026-07-21T16:00:00,DG-001,108.9,0.949,421.6,96.9,10.8,102.74,22.22,FAILURE_PRECURSOR,1
2026-07-21T17:00:00,DG-001,80.36,0.29,401.6,79.5,28.2,77.76,26.43,NORMAL,0
2026-07-21T18:00:00,DG-001,83.68,0.256,388.4,78.5,98.9,75.52,25.76,NORMAL,0
2026-07-21T19:00:00,DG-001,80.72,0.267,373.5,74.7,92.4,74.67,27.86,NORMAL,0
2026-07-21T20:00:00,DG-001,80.04,0.346,298.8,60.1,96.1,73.92,27.86,NORMAL,0
2026-07-21T21:00:00,DG-001,83.31,0.203,367.1,72.2,61.6,76.6,25.79,NORMAL,0
2026-07-21T22:00:00,DG-001,82.07,0.216,335.9,67.4,26.0,75.23,26.43,NORMAL,0
2026-07-21T23:00:00,DG-001,81.11,0.309,365.9,72.4,72.9,76.43,25.45,NORMAL,0
2026-07-22T00:00:00,DG-001,94.81,0.433,375.4,81.5,85.3,87.76,25.31,WARNING,0
2026-07-22T01:00:00,DG-001,112.32,1.429,467.5,107.1,7.5,105.23,21.95,FAILURE_PRECURSOR,1
2026-07-22T02:00:00,DG-001,106.21,0.99,416.1,94.0,10.9,106.32,23.92,FAILURE_PRECURSOR,1
2026-07-22T03:00:00,DG-001,80.9,0.241,254.6,51.5,46.1,74.34,26.34,NORMAL,0
2026-07-22T04:00:00,DG-001,79.68,0.298,332.4,67.6,78.3,76.28,27.87,NORMAL,0
2026-07-22T05:00:00,DG-001,80.6,0.224,385.9,76.2,43.6,75.53,27.46,NORMAL,0
2026-07-22T06:00:00,DG-001,115.15,1.083,392.4,99.4,8.1,103.0,20.58,FAILURE_PRECURSOR,1
2026-07-22T07:00:00,DG-001,79.95,0.244,328.5,66.1,27.6,75.02,26.56,NORMAL,0
2026-07-22T08:00:00,DG-001,81.28,0.17,333.5,65.8,99.4,74.87,27.38,NORMAL,0
2026-07-22T09:00:00,DG-001,81.82,0.269,340.2,70.1,26.5,76.57,26.64,NORMAL,0
2026-07-22T10:00:00,DG-001,97.75,0.608,445.3,94.7,56.6,89.4,23.0,WARNING,0
2026-07-22T11:00:00,DG-001,82.31,0.232,412.1,82.0,67.5,77.14,27.18,NORMAL,0
2026-07-22T12:00:00,DG-001,81.1,0.299,321.9,63.9,64.0,74.8,25.07,NORMAL,0
2026-07-22T13:00:00,DG-001,78.54,0.215,295.1,58.7,51.4,73.67,25.35,NORMAL,0
2026-07-22T14:00:00,DG-001,78.06,0.217,333.3,66.3,57.8,74.86,25.95,NORMAL,0
2026-07-22T15:00:00,DG-001,82.06,0.172,348.6,69.0,32.5,75.79,27.56,NORMAL,0
2026-07-22T16:00:00,DG-001,80.32,0.17,314.5,62.4,21.7,76.56,27.13,NORMAL,0
2026-07-22T17:00:00,DG-001,113.0,0.896,429.5,108.2,36.4,106.72,23.52,FAILURE_PRECURSOR,1
2026-07-22T18:00:00,DG-001,80.67,0.154,254.8,51.2,32.5,75.76,26.8,NORMAL,0
2026-07-22T19:00:00,DG-001,80.37,0.187,376.7,75.0,57.6,74.72,27.43,NORMAL,0
2026-07-22T20:00:00,DG-001,82.86,0.22,397.3,79.3,65.3,76.28,27.21,NORMAL,0
2026-07-22T21:00:00,DG-001,82.55,0.199,354.7,68.6,31.4,75.37,25.14,NORMAL,0
2026-07-22T22:00:00,DG-001,80.51,0.194,327.6,66.1,61.8,75.45,26.3,NORMAL,0
2026-07-22T23:00:00,DG-001,82.25,0.343,394.7,78.7,57.8,76.75,27.79,NORMAL,0
2026-07-23T00:00:00,DG-001,83.48,0.315,345.4,68.6,56.9,74.81,26.74,NORMAL,0
2026-07-23T01:00:00,DG-001,108.22,1.333,523.7,106.3,14.5,102.35,21.8,FAILURE_PRECURSOR,1
2026-07-23T02:00:00,DG-001,82.83,0.251,374.0,75.2,53.4,77.52,27.28,NORMAL,0
2026-07-23T03:00:00,DG-001,83.06,0.144,372.0,74.3,56.7,75.49,25.89,NORMAL,0
2026-07-23T04:00:00,DG-001,81.57,0.274,350.9,70.4,67.9,72.89,25.14,NORMAL,0
2026-07-23T05:00:00,DG-001,81.82,0.255,354.2,70.4,55.9,74.48,26.97,NORMAL,0
2026-07-23T06:00:00,DG-001,95.09,0.466,383.8,82.7,31.3,87.41,23.59,WARNING,0
2026-07-23T07:00:00,DG-001,82.04,0.247,379.1,75.1,98.9,75.76,26.53,NORMAL,0
2026-07-23T08:00:00,DG-001,82.4,0.221,419.5,83.7,49.2,77.97,25.26,NORMAL,0
2026-07-23T09:00:00,DG-001,80.09,0.15,303.3,60.9,40.9,75.11,25.92,NORMAL,0
2026-07-23T10:00:00,DG-001,79.83,0.215,306.4,62.6,42.8,74.87,25.65,NORMAL,0
2026-07-23T11:00:00,DG-001,81.82,0.315,371.6,75.2,51.8,77.59,25.49,NORMAL,0
2026-07-23T12:00:00,DG-001,82.03,0.243,257.5,51.4,43.9,75.37,26.58,NORMAL,0
2026-07-23T13:00:00,DG-001,95.52,0.622,424.4,91.6,63.4,86.16,25.01,WARNING,0
2026-07-23T14:00:00,DG-001,80.55,0.267,416.7,83.0,95.6,78.42,26.46,NORMAL,0
2026-07-23T15:00:00,DG-001,83.4,0.169,272.2,53.8,84.2,74.17,26.94,NORMAL,0
2026-07-23T16:00:00,DG-001,81.97,0.287,408.3,82.0,28.3,79.33,26.12,NORMAL,0
2026-07-23T17:00:00,DG-001,84.92,0.315,323.9,64.9,80.2,74.1,27.72,NORMAL,0
2026-07-23T18:00:00,DG-001,80.24,0.277,397.5,78.4,42.5,77.17,27.09,NORMAL,0
2026-07-23T19:00:00,DG-001,79.46,0.159,324.1,63.9,97.3,76.03,25.89,NORMAL,0
2026-07-23T20:00:00,DG-001,80.55,0.199,265.5,53.5,90.8,74.97,27.21,NORMAL,0
2026-07-23T21:00:00,DG-001,80.8,0.259,318.2,65.2,71.2,73.78,27.81,NORMAL,0
2026-07-23T22:00:00,DG-001,101.28,0.495,406.6,87.4,45.2,89.88,24.79,WARNING,0
2026-07-23T23:00:00,DG-001,80.41,0.212,322.3,64.5,60.4,76.48,26.04,NORMAL,0
2026-07-24T00:00:00,DG-001,93.85,0.668,403.1,75.4,61.6,85.89,24.17,WARNING,0
2026-07-24T01:00:00,DG-001,83.35,0.215,404.3,81.0,34.2,76.13,25.98,NORMAL,0
2026-07-24T02:00:00,DG-001,111.85,1.379,468.7,104.0,22.2,104.19,22.3,FAILURE_PRECURSOR,1
2026-07-24T03:00:00,DG-001,83.07,0.248,407.2,79.8,39.1,75.35,25.59,NORMAL,0
2026-07-24T04:00:00,DG-001,83.73,0.225,428.9,84.3,60.8,76.29,26.58,NORMAL,0
2026-07-24T05:00:00,DG-001,80.25,0.31,270.7,54.4,96.0,74.6,25.9,NORMAL,0
2026-07-24T06:00:00,DG-001,83.98,0.276,409.6,82.5,84.4,76.33,27.41,NORMAL,0
2026-07-24T07:00:00,DG-001,81.25,0.247,350.5,70.3,78.7,74.52,27.46,NORMAL,0
2026-07-24T08:00:00,DG-001,104.69,0.83,376.3,86.1,11.3,101.84,21.68,FAILURE_PRECURSOR,1
2026-07-24T09:00:00,DG-001,81.99,0.298,413.4,82.2,80.3,76.13,27.13,NORMAL,0
2026-07-24T10:00:00,DG-001,84.87,0.243,400.4,80.1,37.0,77.79,26.66,NORMAL,0
2026-07-24T11:00:00,DG-001,83.08,0.194,322.8,64.0,22.4,74.03,26.48,NORMAL,0
2026-07-24T12:00:00,DG-001,78.96,0.215,312.8,62.5,83.1,76.1,26.5,NORMAL,0
2026-07-24T13:00:00,DG-001,81.89,0.294,400.0,79.9,59.5,75.93,25.39,NORMAL,0
2026-07-24T14:00:00,DG-001,85.63,0.168,382.1,77.2,77.0,74.22,26.67,NORMAL,0
2026-07-24T15:00:00,DG-001,80.57,0.228,342.4,67.4,28.8,73.56,26.17,NORMAL,0
2026-07-24T16:00:00,DG-001,85.04,0.179,285.7,56.3,65.5,75.64,25.14,NORMAL,0
2026-07-24T17:00:00,DG-001,110.76,1.033,389.8,86.0,26.6,102.37,20.46,FAILURE_PRECURSOR,1
2026-07-24T18:00:00,DG-001,79.88,0.175,281.0,55.8,27.7,74.84,25.66,NORMAL,0
2026-07-24T19:00:00,DG-001,98.6,0.662,404.5,88.0,76.2,90.1,23.53,WARNING,0
2026-07-24T20:00:00,DG-001,95.35,0.435,413.8,86.2,89.7,89.08,24.36,WARNING,0
2026-07-24T21:00:00,DG-001,95.9,0.678,401.2,84.1,72.2,87.7,25.26,WARNING,0
2026-07-24T22:00:00,DG-001,83.44,0.283,354.0,71.5,22.9,76.17,25.98,NORMAL,0
2026-07-24T23:00:00,DG-001,80.92,0.279,358.0,72.9,44.7,77.53,26.48,NORMAL,0
2026-07-25T00:00:00,DG-001,80.07,0.291,313.5,61.9,37.7,75.42,25.54,NORMAL,0
2026-07-25T01:00:00,DG-001,79.58,0.237,301.2,60.1,34.1,75.04,27.77,NORMAL,0
2026-07-25T02:00:00,DG-001,78.73,0.278,277.4,54.3,22.9,74.86,27.24,NORMAL,0
2026-07-25T03:00:00,DG-001,114.63,0.897,396.4,90.6,32.4,104.55,23.23,FAILURE_PRECURSOR,1
2026-07-25T04:00:00,DG-001,83.45,0.198,419.1,84.2,28.9,78.29,25.16,NORMAL,0
2026-07-25T05:00:00,DG-001,80.41,0.176,301.9,60.0,90.2,76.36,25.63,NORMAL,0
2026-07-25T06:00:00,DG-001,78.61,0.197,280.0,56.1,72.6,72.12,26.08,NORMAL,0
2026-07-25T07:00:00,DG-001,112.98,1.224,397.9,93.7,31.6,106.96,23.56,FAILURE_PRECURSOR,1
2026-07-25T08:00:00,DG-001,81.19,0.092,332.5,66.3,36.8,75.11,26.34,NORMAL,0
2026-07-25T09:00:00,DG-001,105.95,1.408,431.6,107.1,32.4,103.14,22.87,FAILURE_PRECURSOR,1
2026-07-25T10:00:00,DG-001,81.65,0.221,270.5,54.3,74.9,73.71,26.53,NORMAL,0
2026-07-25T11:00:00,DG-001,83.64,0.277,398.7,80.5,34.0,76.49,25.47,NORMAL,0
2026-07-25T12:00:00,DG-001,83.6,0.217,400.2,81.3,47.8,77.0,28.0,NORMAL,0
2026-07-25T13:00:00,DG-001,109.71,1.256,478.8,108.7,17.4,107.99,22.98,FAILURE_PRECURSOR,1
2026-07-25T14:00:00,DG-001,80.16,0.177,292.2,58.3,67.7,75.95,25.51,NORMAL,0
2026-07-25T15:00:00,DG-001,83.45,0.281,332.5,66.7,73.2,74.08,27.0,NORMAL,0
2026-07-25T16:00:00,DG-001,78.74,0.289,322.4,65.9,40.4,77.27,26.96,NORMAL,0
2026-07-25T17:00:00,DG-001,82.4,0.265,309.3,63.0,56.9,73.7,27.65,NORMAL,0
2026-07-25T18:00:00,DG-001,81.47,0.113,289.8,57.5,28.1,74.58,27.75,NORMAL,0
2026-07-25T19:00:00,DG-001,84.88,0.225,402.9,81.0,71.5,77.03,26.9,NORMAL,0
2026-07-25T20:00:00,DG-001,80.06,0.163,256.4,51.4,99.6,75.06,26.97,NORMAL,0
2026-07-25T21:00:00,DG-001,80.57,0.2,322.6,63.9,98.4,74.87,26.15,NORMAL,0
2026-07-25T22:00:00,DG-001,81.29,0.211,405.5,80.1,36.0,75.44,25.97,NORMAL,0
2026-07-25T23:00:00,DG-001,79.55,0.269,324.1,65.0,77.7,75.03,25.54,NORMAL,0
2026-07-26T00:00:00,DG-001,83.25,0.219,419.6,83.3,33.3,76.72,27.0,NORMAL,0
2026-07-26T01:00:00,DG-001,81.46,0.305,407.5,80.3,23.0,76.2,25.61,NORMAL,0
2026-07-26T02:00:00,DG-001,83.44,0.297,404.1,82.0,58.9,77.59,26.66,NORMAL,0
2026-07-26T03:00:00,DG-001,85.25,0.16,410.0,82.1,39.2,76.99,26.11,NORMAL,0
2026-07-26T04:00:00,DG-001,99.29,0.565,414.7,91.2,89.2,88.88,24.55,WARNING,0
2026-07-26T05:00:00,DG-001,80.65,0.277,349.6,71.6,77.2,76.54,27.56,NORMAL,0
2026-07-26T06:00:00,DG-001,94.5,0.428,373.0,79.0,69.5,86.11,24.7,WARNING,0
2026-07-26T07:00:00,DG-001,83.25,0.262,402.0,81.6,42.3,76.37,25.92,NORMAL,0
2026-07-26T08:00:00,DG-001,99.64,0.664,424.5,88.6,82.3,87.32,25.03,WARNING,0
2026-07-26T09:00:00,DG-001,76.94,0.154,303.2,61.0,49.3,73.82,27.17,NORMAL,0
2026-07-26T10:00:00,DG-001,83.93,0.315,389.9,77.4,80.9,76.49,27.05,NORMAL,0
2026-07-26T11:00:00,DG-001,81.37,0.254,407.0,81.9,40.5,77.71,25.55,NORMAL,0
2026-07-26T12:00:00,DG-001,81.86,0.219,276.4,53.2,48.5,73.39,27.43,NORMAL,0
2026-07-26T13:00:00,DG-001,79.42,0.255,302.1,62.3,54.3,75.03,26.8,NORMAL,0
2026-07-26T14:00:00,DG-001,81.68,0.187,297.3,58.8,25.8,73.99,26.46,NORMAL,0
2026-07-26T15:00:00,DG-001,81.3,0.282,410.6,81.3,64.5,77.05,25.99,NORMAL,0
2026-07-26T16:00:00,DG-001,82.46,0.177,252.5,52.8,56.7,73.22,26.1,NORMAL,0
2026-07-26T17:00:00,DG-001,82.81,0.188,364.7,71.4,36.3,75.44,27.48,NORMAL,0
2026-07-26T18:00:00,DG-001,79.94,0.184,282.8,56.6,41.1,73.44,27.76,NORMAL,0
2026-07-26T19:00:00,DG-001,82.66,0.136,312.0,64.4,24.3,75.99,27.55,NORMAL,0
2026-07-26T20:00:00,DG-001,84.61,0.301,416.3,84.7,27.4,78.6,26.89,NORMAL,0
2026-07-26T21:00:00,DG-001,98.12,0.446,418.1,85.8,52.6,87.54,25.24,WARNING,0
2026-07-26T22:00:00,DG-001,83.34,0.304,415.1,83.9,85.4,76.81,25.64,NORMAL,0
2026-07-26T23:00:00,DG-001,99.63,0.488,434.6,89.1,65.2,87.13,24.45,WARNING,0
2026-07-27T00:00:00,DG-001,78.47,0.172,266.2,54.8,81.5,75.74,27.05,NORMAL,0
2026-07-27T01:00:00,DG-001,84.05,0.327,409.8,82.2,26.9,77.0,26.27,NORMAL,0
2026-07-27T02:00:00,DG-001,80.84,0.244,338.2,67.7,80.7,74.97,25.57,NORMAL,0
2026-07-27T03:00:00,DG-001,82.7,0.193,306.7,61.4,63.1,75.76,27.89,NORMAL,0
2026-07-27T04:00:00,DG-001,84.12,0.252,423.1,84.1,97.8,75.76,26.23,NORMAL,0
2026-07-27T05:00:00,DG-001,81.63,0.231,317.3,64.3,40.2,73.55,26.39,NORMAL,0
2026-07-27T06:00:00,DG-001,97.14,0.473,396.6,76.8,24.1,89.62,24.34,WARNING,0
2026-07-27T07:00:00,DG-001,82.68,0.28,385.1,77.2,56.6,75.08,26.69,NORMAL,0
2026-07-27T08:00:00,DG-001,115.53,0.883,484.8,96.5,47.0,107.31,23.06,FAILURE_PRECURSOR,1
2026-07-27T09:00:00,DG-001,82.65,0.224,311.5,62.3,49.4,73.42,25.78,NORMAL,0
2026-07-27T10:00:00,DG-001,78.08,0.148,273.5,55.6,43.6,73.69,27.25,NORMAL,0
2026-07-27T11:00:00,DG-001,80.56,0.248,316.9,62.9,31.4,74.13,27.74,NORMAL,0
2026-07-27T12:00:00,DG-001,82.78,0.24,415.4,82.7,25.8,76.49,26.7,NORMAL,0
2026-07-27T13:00:00,DG-001,81.98,0.238,346.2,68.8,41.8,74.55,26.38,NORMAL,0
2026-07-27T14:00:00,DG-001,79.52,0.28,356.0,73.4,64.1,76.33,25.83,NORMAL,0
2026-07-27T15:00:00,DG-001,81.97,0.248,360.7,70.7,20.1,74.53,26.8,NORMAL,0
2026-07-27T16:00:00,DG-001,80.94,0.219,291.6,58.9,34.1,74.41,25.62,NORMAL,0
2026-07-27T17:00:00,DG-001,77.82,0.205,281.3,58.2,96.1,75.41,27.44,NORMAL,0
2026-07-27T18:00:00,DG-001,79.61,0.191,265.0,51.7,39.4,72.79,26.56,NORMAL,0
2026-07-27T19:00:00,DG-001,98.08,0.459,356.0,77.6,46.7,87.27,24.56,WARNING,0
2026-07-27T20:00:00,DG-001,112.32,0.902,457.9,109.1,43.4,103.19,21.15,FAILURE_PRECURSOR,1
2026-07-27T21:00:00,DG-001,84.81,0.21,400.3,78.6,71.1,76.46,25.46,NORMAL,0
2026-07-27T22:00:00,DG-001,97.88,0.493,401.1,90.2,83.1,87.64,25.44,WARNING,0
2026-07-27T23:00:00,DG-001,79.73,0.213,269.3,55.4,91.9,73.44,27.91,NORMAL,0
2026-07-28T00:00:00,DG-001,109.31,1.19,404.8,87.7,39.7,101.47,20.93,FAILURE_PRECURSOR,1
2026-07-28T01:00:00,DG-001,82.0,0.306,353.8,70.0,68.1,74.17,27.87,NORMAL,0
2026-07-28T02:00:00,DG-001,83.52,0.266,414.2,82.7,56.3,75.39,25.64,NORMAL,0
2026-07-28T03:00:00,DG-001,79.8,0.163,290.3,57.8,53.3,74.31,25.66,NORMAL,0
2026-07-28T04:00:00,DG-001,79.92,0.265,274.2,53.7,43.1,74.67,27.7,NORMAL,0
2026-07-28T05:00:00,DG-001,79.24,0.252,271.6,53.5,24.2,74.25,27.26,NORMAL,0
2026-07-28T06:00:00,DG-001,85.35,0.276,389.6,77.6,42.1,76.45,26.02,NORMAL,0
2026-07-28T07:00:00,DG-001,83.17,0.263,415.7,82.6,84.9,75.94,27.67,NORMAL,0
2026-07-28T08:00:00,DG-001,81.37,0.157,419.2,84.8,31.8,76.25,26.45,NORMAL,0
2026-07-28T09:00:00,DG-001,84.7,0.298,405.8,80.7,32.5,77.44,25.99,NORMAL,0
2026-07-28T10:00:00,DG-001,82.31,0.352,397.5,79.4,45.1,78.12,26.31,NORMAL,0
2026-07-28T11:00:00,DG-001,80.3,0.256,431.5,83.8,82.5,76.95,25.6,NORMAL,0
2026-07-28T12:00:00,DG-001,85.15,0.324,425.6,84.7,53.4,76.85,26.25,NORMAL,0
2026-07-28T13:00:00,DG-001,113.76,1.296,416.4,98.5,8.2,102.65,21.58,FAILURE_PRECURSOR,1
2026-07-28T14:00:00,DG-001,105.27,0.955,442.7,89.6,21.9,105.69,22.95,FAILURE_PRECURSOR,1
2026-07-28T15:00:00,DG-001,100.54,0.473,408.3,85.9,30.1,88.77,25.7,WARNING,0
2026-07-28T16:00:00,DG-001,113.72,1.295,476.3,102.2,27.4,105.03,21.78,FAILURE_PRECURSOR,1
2026-07-28T17:00:00,DG-001,99.04,0.439,376.3,80.7,32.2,88.73,24.62,WARNING,0
2026-07-28T18:00:00,DG-001,100.92,0.545,416.1,91.1,63.0,88.19,25.26,WARNING,0
2026-07-28T19:00:00,DG-001,83.59,0.276,390.8,77.8,61.9,76.13,25.28,NORMAL,0
2026-07-28T20:00:00,DG-001,82.95,0.232,360.4,71.2,41.3,74.4,26.49,NORMAL,0
2026-07-28T21:00:00,DG-001,86.43,0.327,413.4,83.5,31.3,77.19,27.22,NORMAL,0
2026-07-28T22:00:00,DG-001,95.16,0.445,406.4,88.6,58.9,86.48,25.99,WARNING,0
2026-07-28T23:00:00,DG-001,82.08,0.156,364.9,73.4,80.3,75.71,26.66,NORMAL,0
2026-07-29T00:00:00,DG-001,98.16,0.438,442.6,90.9,58.0,91.24,24.41,WARNING,0
2026-07-29T01:00:00,DG-001,78.29,0.21,251.5,52.4,96.0,74.84,27.72,NORMAL,0
2026-07-29T02:00:00,DG-001,111.46,1.447,494.6,107.5,29.3,106.53,23.72,FAILURE_PRECURSOR,1
2026-07-29T03:00:00,DG-001,80.65,0.286,346.0,68.4,81.9,73.97,27.78,NORMAL,0
2026-07-29T04:00:00,DG-001,83.03,0.191,386.7,78.4,44.2,76.16,25.91,NORMAL,0
2026-07-29T05:00:00,DG-001,99.09,0.553,378.4,81.5,41.9,89.17,23.76,WARNING,0
2026-07-29T06:00:00,DG-001,81.23,0.264,387.8,78.6,67.2,76.14,25.26,NORMAL,0
2026-07-29T07:00:00,DG-001,113.12,1.518,503.7,105.9,9.5,106.95,21.46,FAILURE_PRECURSOR,1
2026-07-29T08:00:00,DG-001,85.26,0.202,413.5,82.4,32.9,76.1,27.79,NORMAL,0
2026-07-29T09:00:00,DG-001,85.57,0.25,370.8,73.9,55.9,75.57,26.86,NORMAL,0
2026-07-29T10:00:00,DG-001,80.81,0.289,366.2,70.6,45.4,74.11,27.06,NORMAL,0
2026-07-29T11:00:00,DG-001,82.09,0.246,302.8,61.9,68.8,75.4,26.23,NORMAL,0
2026-07-29T12:00:00,DG-001,82.46,0.328,414.7,81.6,86.4,76.28,27.07,NORMAL,0
2026-07-29T13:00:00,DG-001,81.48,0.249,321.7,65.5,31.2,75.88,25.95,NORMAL,0
2026-07-29T14:00:00,DG-001,99.44,0.407,368.0,81.5,25.7,88.8,25.52,WARNING,0
2026-07-29T15:00:00,DG-001,81.61,0.312,293.3,58.9,37.2,76.15,25.01,NORMAL,0
2026-07-29T16:00:00,DG-001,111.63,0.816,435.1,95.1,15.1,101.97,21.12,FAILURE_PRECURSOR,1
2026-07-29T17:00:00,DG-001,99.29,0.42,393.3,82.5,76.3,89.6,25.75,WARNING,0
2026-07-29T18:00:00,DG-001,97.99,0.525,362.4,80.7,19.4,87.07,25.91,WARNING,0
2026-07-29T19:00:00,DG-001,82.39,0.205,364.1,73.7,69.3,73.0,26.42,NORMAL,0
2026-07-29T20:00:00,DG-001,80.37,0.225,278.0,54.7,49.2,73.54,27.91,NORMAL,0
2026-07-29T21:00:00,DG-001,109.53,0.928,424.8,87.6,28.9,103.35,21.67,FAILURE_PRECURSOR,1
2026-07-29T22:00:00,DG-001,80.69,0.211,370.6,73.0,43.9,74.95,25.62,NORMAL,0
2026-07-29T23:00:00,DG-001,115.26,1.371,526.4,101.0,10.0,105.66,21.7,FAILURE_PRECURSOR,1
2026-07-30T00:00:00,DG-001,98.47,0.618,337.3,77.6,72.9,88.61,24.84,WARNING,0
2026-07-30T01:00:00,DG-001,109.26,1.354,416.5,91.6,47.4,104.33,22.99,FAILURE_PRECURSOR,1
2026-07-30T02:00:00,DG-001,82.01,0.203,393.9,77.8,39.6,76.69,25.7,NORMAL,0
2026-07-30T03:00:00,DG-001,81.8,0.303,389.1,77.6,86.3,75.53,26.91,NORMAL,0
2026-07-30T04:00:00,DG-001,78.84,0.251,254.6,50.4,23.4,73.94,26.55,NORMAL,0
2026-07-30T05:00:00,DG-001,79.99,0.174,246.4,50.6,35.6,75.0,25.39,NORMAL,0
2026-07-30T06:00:00,DG-001,81.96,0.285,304.8,61.0,24.6,75.21,27.83,NORMAL,0
2026-07-30T07:00:00,DG-001,80.46,0.205,345.6,69.4,64.4,75.13,26.17,NORMAL,0
2026-07-30T08:00:00,DG-001,110.43,1.458,469.2,105.5,28.5,105.31,22.41,FAILURE_PRECURSOR,1
2026-07-30T09:00:00,DG-001,78.59,0.207,265.7,53.8,21.1,74.19,27.57,NORMAL,0
2026-07-30T10:00:00,DG-001,111.45,1.479,464.9,106.6,24.6,106.11,21.58,FAILURE_PRECURSOR,1
2026-07-30T11:00:00,DG-001,106.75,0.875,453.9,98.5,36.5,106.39,22.97,FAILURE_PRECURSOR,1
2026-07-30T12:00:00,DG-001,82.45,0.173,304.1,59.6,82.0,76.58,26.96,NORMAL,0
2026-07-30T13:00:00,DG-001,78.35,0.168,264.9,53.7,28.5,74.36,27.29,NORMAL,0
2026-07-30T14:00:00,DG-001,82.96,0.234,387.9,77.4,83.4,76.88,27.14,NORMAL,0
2026-07-30T15:00:00,DG-001,80.41,0.199,353.5,70.3,90.1,74.34,27.38,NORMAL,0
2026-07-30T16:00:00,DG-001,82.87,0.261,311.0,63.1,55.6,74.01,26.6,NORMAL,0
2026-07-30T17:00:00,DG-001,81.48,0.249,342.7,67.7,97.6,77.05,26.51,NORMAL,0
2026-07-30T18:00:00,DG-001,81.21,0.238,346.2,67.9,90.0,75.0,26.41,NORMAL,0
2026-07-30T19:00:00,DG-001,83.6,0.303,388.2,76.8,65.3,77.21,26.65,NORMAL,0
2026-07-30T20:00:00,DG-001,83.45,0.162,398.9,79.0,84.2,75.26,27.93,NORMAL,0
2026-07-30T21:00:00,DG-001,79.81,0.237,344.0,69.9,54.0,73.86,27.83,NORMAL,0
2026-07-30T22:00:00,DG-001,80.73,0.271,404.0,82.3,43.7,75.16,27.14,NORMAL,0
2026-07-30T23:00:00,DG-001,81.82,0.243,398.8,81.1,70.7,77.85,26.6,NORMAL,0
2026-07-31T00:00:00,DG-001,80.81,0.223,409.5,82.4,23.7,76.2,26.61,NORMAL,0
2026-07-31T01:00:00,DG-001,79.54,0.276,328.0,65.9,95.6,75.73,26.91,NORMAL,0
2026-07-31T02:00:00,DG-001,80.82,0.217,273.1,55.6,94.3,75.74,25.37,NORMAL,0
2026-07-31T03:00:00,DG-001,80.01,0.237,324.5,63.9,30.8,73.7,25.3,NORMAL,0
2026-07-31T04:00:00,DG-001,82.75,0.172,358.9,71.8,92.7,76.72,27.32,NORMAL,0
2026-07-31T05:00:00,DG-001,79.63,0.293,339.9,67.1,27.0,76.4,26.26,NORMAL,0
2026-07-31T06:00:00,DG-001,83.14,0.164,320.3,62.9,87.0,74.45,27.67,NORMAL,0
2026-07-31T07:00:00,DG-001,78.62,0.111,265.1,52.9,82.6,74.77,26.92,NORMAL,0
2026-07-31T08:00:00,DG-001,83.2,0.265,360.9,70.9,56.0,73.46,25.92,NORMAL,0
2026-07-31T09:00:00,DG-001,87.19,0.227,383.5,76.6,50.7,75.73,25.61,NORMAL,0
2026-07-31T10:00:00,DG-001,82.39,0.21,338.2,65.7,68.6,74.01,26.84,NORMAL,0
2026-07-31T11:00:00,DG-001,82.37,0.321,390.0,78.8,58.4,76.57,25.27,NORMAL,0
2026-07-31T12:00:00,DG-001,107.4,1.163,469.4,101.2,29.3,107.82,20.55,FAILURE_PRECURSOR,1
2026-07-31T13:00:00,DG-001,109.68,1.482,499.9,107.3,43.3,105.41,23.22,FAILURE_PRECURSOR,1
2026-07-31T14:00:00,DG-001,109.74,1.353,477.3,108.4,7.8,102.08,22.74,FAILURE_PRECURSOR,1
2026-07-31T15:00:00,DG-001,82.27,0.256,307.7,62.4,20.5,75.14,26.96,NORMAL,0
2026-07-31T16:00:00,DG-001,83.48,0.198,396.4,78.6,25.1,75.4,26.02,NORMAL,0
2026-07-31T17:00:00,DG-001,97.7,0.59,460.2,93.6,62.4,91.09,24.13,WARNING,0
2026-07-31T18:00:00,DG-001,98.53,0.519,425.3,91.2,68.0,89.13,24.05,WARNING,0
2026-07-31T19:00:00,DG-001,83.38,0.225,288.7,59.0,30.6,73.85,25.61,NORMAL,0
2026-07-31T20:00:00,DG-001,85.15,0.189,345.4,69.8,22.2,75.87,26.03,NORMAL,0
2026-07-31T21:00:00,DG-001,81.16,0.19,342.9,68.8,50.5,76.3,26.18,NORMAL,0
2026-07-31T22:00:00,DG-001,84.26,0.214,382.8,76.4,46.0,76.9,26.36,NORMAL,0
2026-07-31T23:00:00,DG-001,80.35,0.317,287.0,57.1,81.4,75.01,26.15,NORMAL,0
2026-08-01T00:00:00,DG-001,99.31,0.401,400.1,84.6,75.0,87.34,24.14,WARNING,0
2026-08-01T01:00:00,DG-001,82.31,0.26,256.6,51.7,64.2,75.36,25.26,NORMAL,0
2026-08-01T02:00:00,DG-001,79.35,0.27,263.4,50.6,24.1,74.37,26.2,NORMAL,0
2026-08-01T03:00:00,DG-001,79.61,0.21,284.6,56.8,22.5,74.4,27.84,NORMAL,0
2026-08-01T04:00:00,DG-001,108.49,1.417,420.4,94.5,35.5,106.98,20.9,FAILURE_PRECURSOR,1
2026-08-01T05:00:00,DG-001,80.14,0.22,264.1,53.1,81.1,73.25,26.15,NORMAL,0
2026-08-01T06:00:00,DG-001,83.92,0.27,415.4,82.2,49.2,78.02,25.78,NORMAL,0
2026-08-01T07:00:00,DG-001,85.1,0.164,415.0,82.4,33.3,76.06,26.93,NORMAL,0
2026-08-01T08:00:00,DG-001,82.62,0.24,295.9,60.3,86.3,75.02,27.74,NORMAL,0
2026-08-01T09:00:00,DG-001,84.89,0.243,342.4,67.9,41.2,74.96,27.15,NORMAL,0
2026-08-01T10:00:00,DG-001,83.34,0.219,407.0,79.7,47.9,75.03,25.03,NORMAL,0
2026-08-01T11:00:00,DG-001,81.02,0.241,321.1,64.8,97.4,76.59,26.21,NORMAL,0
2026-08-01T12:00:00,DG-001,78.94,0.239,248.7,51.6,27.4,74.18,26.9,NORMAL,0
2026-08-01T13:00:00,DG-001,80.92,0.214,343.8,71.6,73.7,75.8,25.45,NORMAL,0
2026-08-01T14:00:00,DG-001,78.1,0.234,287.0,58.2,38.1,73.5,27.99,NORMAL,0
2026-08-01T15:00:00,DG-001,80.35,0.269,362.0,70.6,37.4,77.32,26.8,NORMAL,0
2026-08-01T16:00:00,DG-001,78.32,0.129,285.4,57.2,21.0,75.52,25.19,NORMAL,0
2026-08-01T17:00:00,DG-001,78.26,0.242,276.2,55.9,78.3,73.04,26.93,NORMAL,0
2026-08-01T18:00:00,DG-001,79.21,0.259,399.7,80.0,55.1,76.82,26.34,NORMAL,0
2026-08-01T19:00:00,DG-001,82.54,0.231,309.5,60.9,77.9,71.96,27.81,NORMAL,0
2026-08-01T20:00:00,DG-001,79.52,0.196,325.8,65.3,38.1,73.51,26.8,NORMAL,0
2026-08-01T21:00:00,DG-001,79.06,0.161,260.2,53.4,82.5,73.75,25.09,NORMAL,0
2026-08-01T22:00:00,DG-001,99.23,0.485,381.1,84.8,90.0,89.01,23.1,WARNING,0
2026-08-01T23:00:00,DG-001,96.9,0.433,381.0,81.8,21.4,87.79,25.2,WARNING,0
2026-08-02T00:00:00,DG-001,83.32,0.227,371.2,73.8,70.3,77.74,27.39,NORMAL,0
2026-08-02T01:00:00,DG-001,80.01,0.235,340.2,69.0,48.3,75.02,27.92,NORMAL,0
2026-08-02T02:00:00,DG-001,81.32,0.246,278.9,57.5,25.0,73.27,27.43,NORMAL,0
2026-08-02T03:00:00,DG-001,96.46,0.549,403.8,80.5,89.2,85.13,25.39,WARNING,0
2026-08-02T04:00:00,DG-001,81.32,0.301,338.7,69.4,87.6,75.4,27.27,NORMAL,0
2026-08-02T05:00:00,DG-001,108.04,1.287,504.1,99.1,6.3,107.47,20.09,FAILURE_PRECURSOR,1
2026-08-02T06:00:00,DG-001,82.04,0.335,416.9,82.6,94.6,76.14,25.32,NORMAL,0
2026-08-02T07:00:00,DG-001,112.67,0.974,441.9,96.0,9.8,105.82,20.03,FAILURE_PRECURSOR,1
2026-08-02T08:00:00,DG-001,109.07,0.947,334.1,86.0,41.2,102.25,21.08,FAILURE_PRECURSOR,1
2026-08-02T09:00:00,DG-001,79.13,0.212,298.4,59.8,49.5,74.72,27.53,NORMAL,0
2026-08-02T10:00:00,DG-001,81.55,0.29,403.2,80.6,29.7,76.11,26.89,NORMAL,0
2026-08-02T11:00:00,DG-001,82.79,0.185,294.1,59.2,44.4,74.45,26.8,NORMAL,0
2026-08-02T12:00:00,DG-001,93.38,0.591,422.6,85.4,79.7,87.66,24.87,WARNING,0
2026-08-02T13:00:00,DG-001,80.98,0.21,321.0,63.3,46.4,74.83,26.67,NORMAL,0
2026-08-02T14:00:00,DG-001,82.01,0.118,262.5,50.7,47.0,75.45,25.63,NORMAL,0
2026-08-02T15:00:00,DG-001,114.56,0.993,451.0,109.3,43.2,108.37,22.0,FAILURE_PRECURSOR,1
2026-08-02T16:00:00,DG-001,81.38,0.243,362.1,72.0,28.9,75.06,25.23,NORMAL,0
2026-08-02T17:00:00,DG-001,79.48,0.343,351.7,69.2,94.7,75.38,27.41,NORMAL,0
2026-08-02T18:00:00,DG-001,84.46,0.189,272.5,54.6,29.2,74.05,26.65,NORMAL,0
2026-08-02T19:00:00,DG-001,80.82,0.149,252.5,51.4,84.3,76.23,25.57,NORMAL,0
2026-08-02T20:00:00,DG-001,78.64,0.15,251.3,50.2,57.6,73.15,27.45,NORMAL,0
2026-08-02T21:00:00,DG-001,81.43,0.232,277.7,56.5,38.4,73.86,26.44,NORMAL,0
2026-08-02T22:00:00,DG-001,96.22,0.53,444.7,93.8,54.4,88.82,24.43,WARNING,0
2026-08-02T23:00:00,DG-001,83.78,0.19,306.0,61.0,81.1,74.4,27.78,NORMAL,0
2026-08-03T00:00:00,DG-001,81.21,0.205,266.6,53.1,77.1,75.53,25.43,NORMAL,0
2026-08-03T01:00:00,DG-001,99.68,0.586,486.0,93.7,62.7,89.61,23.77,WARNING,0
2026-08-03T02:00:00,DG-001,99.04,0.551,427.3,86.3,69.4,90.49,23.17,WARNING,0
2026-08-03T03:00:00,DG-001,83.22,0.289,412.1,82.9,89.2,76.85,25.43,NORMAL,0
2026-08-03T04:00:00,DG-001,96.63,0.661,381.1,85.7,85.1,87.55,25.36,WARNING,0
2026-08-03T05:00:00,DG-001,81.38,0.195,394.0,78.1,60.2,77.07,25.43,NORMAL,0
2026-08-03T06:00:00,DG-001,98.66,0.539,372.9,78.8,52.9,86.81,23.65,WARNING,0
2026-08-03T07:00:00,DG-001,82.75,0.184,314.2,63.4,79.6,75.35,27.86,NORMAL,0
2026-08-03T08:00:00,DG-001,83.07,0.234,335.4,66.7,23.8,72.98,27.23,NORMAL,0
2026-08-03T09:00:00,DG-001,82.59,0.24,286.7,57.4,89.1,75.16,25.84,NORMAL,0
2026-08-03T10:00:00,DG-001,99.03,0.454,416.2,87.5,72.5,86.41,25.01,WARNING,0
2026-08-03T11:00:00,DG-001,97.88,0.408,404.5,80.6,46.6,88.11,23.62,WARNING,0
2026-08-03T12:00:00,DG-001,79.0,0.261,253.3,50.5,75.0,73.94,26.97,NORMAL,0
2026-08-03T13:00:00,DG-001,93.96,0.65,399.6,81.8,58.6,86.02,25.7,WARNING,0
2026-08-03T14:00:00,DG-001,80.96,0.112,265.8,51.2,30.2,72.76,26.72,NORMAL,0
2026-08-03T15:00:00,DG-001,105.98,1.396,371.3,89.4,39.4,102.48,22.23,FAILURE_PRECURSOR,1
2026-08-03T16:00:00,DG-001,82.06,0.197,295.7,58.2,83.4,75.66,25.81,NORMAL,0
2026-08-03T17:00:00,DG-001,80.42,0.21,318.8,64.0,78.0,75.08,26.37,NORMAL,0
2026-08-03T18:00:00,DG-001,107.9,0.936,336.8,87.0,41.9,103.45,22.32,FAILURE_PRECURSOR,1
2026-08-03T19:00:00,DG-001,107.63,0.977,477.0,104.4,47.1,108.72,21.8,FAILURE_PRECURSOR,1
2026-08-03T20:00:00,DG-001,81.4,0.296,368.2,73.9,73.5,75.81,25.15,NORMAL,0
2026-08-03T21:00:00,DG-001,82.58,0.314,404.0,82.3,22.5,75.52,25.28,NORMAL,0
2026-08-03T22:00:00,DG-001,84.79,0.284,408.4,83.0,93.7,76.7,27.05,NORMAL,0
2026-08-03T23:00:00,DG-001,80.18,0.204,291.2,58.8,88.8,73.38,27.82,NORMAL,0
2026-08-04T00:00:00,DG-001,103.81,0.817,407.8,88.0,15.3,104.28,20.73,FAILURE_PRECURSOR,1
2026-08-04T01:00:00,DG-001,81.58,0.28,364.8,73.0,56.1,74.48,26.61,NORMAL,0
2026-08-04T02:00:00,DG-001,98.46,0.651,430.1,93.7,43.9,88.6,25.74,WARNING,0
2026-08-04T03:00:00,DG-001,97.86,0.61,494.3,94.8,27.3,89.4,23.94,WARNING,0
2026-08-04T04:00:00,DG-001,79.92,0.265,352.5,70.1,70.3,76.3,26.1,NORMAL,0
2026-08-04T05:00:00,DG-001,95.65,0.58,406.6,80.1,72.7,87.86,25.09,WARNING,0
2026-08-04T06:00:00,DG-001,81.08,0.362,365.7,74.7,33.6,74.87,25.03,NORMAL,0
2026-08-04T07:00:00,DG-001,83.03,0.262,395.8,79.7,92.6,76.99,26.48,NORMAL,0
2026-08-04T08:00:00,DG-001,95.72,0.484,359.8,75.0,42.2,88.92,24.96,WARNING,0
2026-08-04T09:00:00,DG-001,82.63,0.301,385.4,78.6,88.2,76.14,25.07,NORMAL,0
2026-08-04T10:00:00,DG-001,78.21,0.272,281.8,57.9,83.9,74.22,25.13,NORMAL,0
2026-08-04T11:00:00,DG-001,83.23,0.315,399.5,79.1,33.8,77.64,27.42,NORMAL,0
2026-08-04T12:00:00,DG-001,79.96,0.35,381.4,75.9,83.8,75.36,25.72,NORMAL,0
2026-08-04T13:00:00,DG-001,78.55,0.216,273.7,52.8,34.2,74.62,25.26,NORMAL,0
2026-08-04T14:00:00,DG-001,82.38,0.228,422.7,82.9,75.8,76.11,27.79,NORMAL,0
2026-08-04T15:00:00,DG-001,83.66,0.296,390.6,77.8,25.2,75.77,25.72,NORMAL,0
2026-08-04T16:00:00,DG-001,81.94,0.253,312.4,62.0,91.2,75.32,27.66,NORMAL,0
2026-08-04T17:00:00,DG-001,81.63,0.14,337.6,66.6,80.7,76.21,26.76,NORMAL,0
2026-08-04T18:00:00,DG-001,81.48,0.174,342.3,68.5,26.7,74.63,25.67,NORMAL,0
2026-08-04T19:00:00,DG-001,79.89,0.168,278.1,54.4,99.1,75.12,25.26,NORMAL,0
2026-08-04T20:00:00,DG-001,80.7,0.239,257.6,51.9,83.0,72.56,27.82,NORMAL,0
2026-08-04T21:00:00,DG-001,84.19,0.224,410.3,81.1,33.0,77.64,25.54,NORMAL,0
2026-08-04T22:00:00,DG-001,81.1,0.196,285.6,56.8,38.2,75.44,25.83,NORMAL,0
2026-08-04T23:00:00,DG-001,84.73,0.193,373.1,75.6,43.5,75.87,27.83,NORMAL,0
2026-08-05T00:00:00,DG-001,83.52,0.265,301.1,60.7,48.6,74.17,25.24,NORMAL,0
2026-08-05T01:00:00,DG-001,98.47,0.602,386.1,77.0,30.3,88.64,24.33,WARNING,0
2026-08-05T02:00:00,DG-001,101.59,1.169,411.8,85.5,35.6,107.72,20.81,FAILURE_PRECURSOR,1
2026-08-05T03:00:00,DG-001,83.37,0.338,246.7,50.7,47.9,74.45,26.55,NORMAL,0
2026-08-05T04:00:00,DG-001,80.78,0.342,417.4,83.5,71.2,77.49,26.95,NORMAL,0
2026-08-05T05:00:00,DG-001,95.38,0.511,385.7,79.7,45.4,87.36,25.53,WARNING,0
2026-08-05T06:00:00,DG-001,81.99,0.224,366.8,73.1,36.7,73.58,26.43,NORMAL,0
2026-08-05T07:00:00,DG-001,84.25,0.275,418.4,82.4,41.4,78.08,27.31,NORMAL,0
2026-08-05T08:00:00,DG-001,80.62,0.231,335.7,68.2,93.7,74.48,27.17,NORMAL,0
2026-08-05T09:00:00,DG-001,81.07,0.231,261.9,52.6,37.3,73.97,25.89,NORMAL,0
2026-08-05T10:00:00,DG-001,111.24,1.109,441.6,94.1,48.5,103.03,21.59,FAILURE_PRECURSOR,1
2026-08-05T11:00:00,DG-001,81.83,0.258,323.0,63.5,81.7,76.08,25.09,NORMAL,0
2026-08-05T12:00:00,DG-001,97.04,0.568,355.0,75.3,63.3,87.31,24.25,WARNING,0
2026-08-05T13:00:00,DG-001,109.22,1.297,464.8,100.5,38.1,104.05,23.44,FAILURE_PRECURSOR,1
2026-08-05T14:00:00,DG-001,77.81,0.27,301.7,61.1,36.9,75.53,27.45,NORMAL,0
2026-08-05T15:00:00,DG-001,97.74,0.476,412.4,85.1,69.0,88.4,24.45,WARNING,0
2026-08-05T16:00:00,DG-001,81.98,0.245,314.1,63.0,45.3,74.7,26.52,NORMAL,0
2026-08-05T17:00:00,DG-001,97.58,0.487,389.6,77.3,68.8,86.14,23.76,WARNING,0
2026-08-05T18:00:00,DG-001,81.63,0.19,370.5,74.1,71.8,77.56,25.89,NORMAL,0
2026-08-05T19:00:00,DG-001,80.47,0.146,265.8,54.7,70.7,74.14,25.24,NORMAL,0
2026-08-05T20:00:00,DG-001,83.53,0.201,310.0,61.6,94.3,74.67,26.38,NORMAL,0
2026-08-05T21:00:00,DG-001,97.74,0.573,368.5,76.5,52.2,84.7,25.23,WARNING,0
2026-08-05T22:00:00,DG-001,81.82,0.234,353.7,68.5,32.2,75.15,26.52,NORMAL,0
2026-08-05T23:00:00,DG-001,112.46,0.954,514.3,101.3,42.6,105.85,21.29,FAILURE_PRECURSOR,1
2026-08-06T00:00:00,DG-001,80.94,0.289,413.5,82.0,70.7,77.46,26.32,NORMAL,0
2026-08-06T01:00:00,DG-001,81.44,0.261,395.7,79.3,42.8,76.81,25.58,NORMAL,0
2026-08-06T02:00:00,DG-001,82.73,0.215,308.2,61.5,30.0,74.82,27.27,NORMAL,0
2026-08-06T03:00:00,DG-001,110.15,0.834,430.7,85.8,38.6,103.45,21.14,FAILURE_PRECURSOR,1
2026-08-06T04:00:00,DG-001,98.33,0.547,434.2,93.2,40.4,86.82,24.87,WARNING,0
2026-08-06T05:00:00,DG-001,79.97,0.294,273.6,53.7,38.9,74.64,27.3,NORMAL,0
2026-08-06T06:00:00,DG-001,83.53,0.296,413.4,82.0,31.4,75.59,27.54,NORMAL,0
2026-08-06T07:00:00,DG-001,82.59,0.152,322.6,62.1,40.0,77.24,26.25,NORMAL,0
2026-08-06T08:00:00,DG-001,80.21,0.364,386.8,77.7,20.8,75.52,26.27,NORMAL,0
2026-08-06T09:00:00,DG-001,81.86,0.242,333.6,67.8,96.8,75.13,27.95,NORMAL,0
2026-08-06T10:00:00,DG-001,100.14,0.523,446.1,91.3,22.3,88.96,24.1,WARNING,0
2026-08-06T11:00:00,DG-001,80.64,0.226,374.1,74.9,32.3,77.35,26.7,NORMAL,0
2026-08-06T12:00:00,DG-001,82.75,0.213,267.5,54.4,28.5,75.24,27.55,NORMAL,0
2026-08-06T13:00:00,DG-001,84.2,0.209,392.7,79.7,57.4,76.79,25.08,NORMAL,0
2026-08-06T14:00:00,DG-001,83.44,0.315,388.7,78.1,25.5,74.42,27.11,NORMAL,0
2026-08-06T15:00:00,DG-001,85.46,0.193,394.7,78.8,88.9,76.06,25.3,NORMAL,0
2026-08-06T16:00:00,DG-001,85.14,0.189,408.0,81.2,76.5,76.25,26.16,NORMAL,0
2026-08-06T17:00:00,DG-001,82.66,0.229,366.8,73.7,70.2,73.91,25.5,NORMAL,0
2026-08-06T18:00:00,DG-001,79.76,0.252,319.3,63.4,30.3,75.74,26.73,NORMAL,0
2026-08-06T19:00:00,DG-001,79.14,0.249,255.3,50.6,85.7,73.39,26.97,NORMAL,0
2026-08-06T20:00:00,DG-001,79.38,0.311,315.2,64.1,45.7,77.0,25.91,NORMAL,0
2026-08-06T21:00:00,DG-001,83.39,0.285,373.6,75.5,80.9,76.87,25.3,NORMAL,0
2026-08-06T22:00:00,DG-001,83.58,0.322,423.8,84.4,80.5,74.59,27.2,NORMAL,0
2026-08-06T23:00:00,DG-001,82.25,0.262,391.4,78.2,32.4,74.27,25.57,NORMAL,0
2026-08-07T00:00:00,DG-001,82.95,0.238,412.8,81.9,84.5,75.74,27.12,NORMAL,0
2026-08-07T01:00:00,DG-001,84.68,0.182,355.3,70.7,88.9,74.94,25.31,NORMAL,0
2026-08-07T02:00:00,DG-001,83.98,0.259,329.6,68.6,30.2,74.7,25.87,NORMAL,0
2026-08-07T03:00:00,DG-001,80.54,0.225,237.0,50.0,52.2,73.76,27.33,NORMAL,0
2026-08-07T04:00:00,DG-001,97.72,0.404,366.5,76.9,35.9,85.51,24.6,WARNING,0
2026-08-07T05:00:00,DG-001,97.74,0.655,437.9,93.7,65.0,91.35,23.28,WARNING,0
2026-08-07T06:00:00,DG-001,80.86,0.21,265.4,54.3,29.4,73.29,27.71,NORMAL,0
2026-08-07T07:00:00,DG-001,108.43,0.815,464.3,104.5,38.2,108.38,21.95,FAILURE_PRECURSOR,1
2026-08-07T08:00:00,DG-001,80.68,0.232,351.6,70.1,60.8,76.33,27.77,NORMAL,0
2026-08-07T09:00:00,DG-001,83.72,0.193,313.9,63.5,43.0,76.05,25.58,NORMAL,0
2026-08-07T10:00:00,DG-001,97.12,0.689,386.3,81.8,89.4,85.67,23.29,WARNING,0
2026-08-07T11:00:00,DG-001,98.48,0.604,449.7,91.4,17.2,89.61,24.65,WARNING,0
2026-08-07T12:00:00,DG-001,82.49,0.247,373.8,75.1,70.0,76.43,27.87,NORMAL,0
2026-08-07T13:00:00,DG-001,79.89,0.306,330.6,63.9,98.4,75.68,26.99,NORMAL,0
2026-08-07T14:00:00,DG-001,97.46,0.552,393.7,77.5,24.3,86.6,24.23,WARNING,0
2026-08-07T15:00:00,DG-001,98.27,0.645,449.5,93.6,26.4,88.16,23.57,WARNING,0
2026-08-07T16:00:00,DG-001,80.98,0.245,295.3,60.5,95.9,74.63,26.01,NORMAL,0
2026-08-07T17:00:00,DG-001,110.25,1.357,469.8,106.0,33.6,109.17,22.12,FAILURE_PRECURSOR,1
2026-08-07T18:00:00,DG-001,78.5,0.163,258.5,53.4,36.6,73.64,25.27,NORMAL,0
2026-08-07T19:00:00,DG-001,79.66,0.229,292.8,57.8,39.1,75.8,25.09,NORMAL,0
2026-08-07T20:00:00,DG-001,97.37,0.622,393.0,77.9,65.5,86.22,23.88,WARNING,0
2026-08-07T21:00:00,DG-001,100.02,0.514,376.1,75.9,85.0,84.62,23.34,WARNING,0
2026-08-07T22:00:00,DG-001,82.5,0.29,409.7,82.3,57.8,76.62,27.8,NORMAL,0
2026-08-07T23:00:00,DG-001,79.72,0.182,342.7,68.1,73.2,76.0,26.2,NORMAL,0
2026-08-08T00:00:00,DG-001,82.03,0.252,351.2,70.0,62.6,75.29,25.48,NORMAL,0
2026-08-08T01:00:00,DG-001,83.67,0.249,404.5,81.2,96.7,77.02,25.24,NORMAL,0
2026-08-08T02:00:00,DG-001,80.01,0.257,357.4,71.8,95.6,75.87,25.61,NORMAL,0
2026-08-08T03:00:00,DG-001,108.7,1.502,400.6,97.1,11.3,104.32,20.33,FAILURE_PRECURSOR,1
2026-08-08T04:00:00,DG-001,99.52,0.449,408.0,84.8,55.0,87.94,23.73,WARNING,0
2026-08-08T05:00:00,DG-001,82.43,0.337,300.9,61.1,34.0,74.65,27.91,NORMAL,0
2026-08-08T06:00:00,DG-001,79.38,0.22,267.8,52.9,62.6,73.01,25.85,NORMAL,0
2026-08-08T07:00:00,DG-001,80.36,0.199,282.9,57.1,25.3,74.3,27.6,NORMAL,0
2026-08-08T08:00:00,DG-001,98.95,0.601,430.4,91.5,78.1,90.29,23.52,WARNING,0
2026-08-08T09:00:00,DG-001,86.77,0.197,419.1,84.5,52.7,76.92,27.17,NORMAL,0
2026-08-08T10:00:00,DG-001,100.87,0.531,458.8,93.4,61.7,87.46,25.86,WARNING,0
2026-08-08T11:00:00,DG-001,108.78,1.322,353.8,93.6,41.0,105.23,23.61,FAILURE_PRECURSOR,1
2026-08-08T12:00:00,DG-001,79.96,0.285,263.6,52.7,78.1,74.55,26.58,NORMAL,0
2026-08-08T13:00:00,DG-001,81.12,0.226,368.7,74.3,23.7,75.66,27.96,NORMAL,0
2026-08-08T14:00:00,DG-001,82.14,0.184,302.4,61.4,89.2,75.38,26.99,NORMAL,0
2026-08-08T15:00:00,DG-001,82.69,0.198,365.1,72.4,60.0,75.54,25.97,NORMAL,0
2026-08-08T16:00:00,DG-001,83.94,0.291,413.8,83.4,36.4,77.54,25.14,NORMAL,0
2026-08-08T17:00:00,DG-001,79.58,0.271,364.9,73.7,27.0,75.32,25.69,NORMAL,0
2026-08-08T18:00:00,DG-001,81.06,0.243,252.3,50.3,95.2,74.47,26.72,NORMAL,0
2026-08-08T19:00:00,DG-001,97.56,0.592,434.0,92.1,83.4,90.85,23.63,WARNING,0
2026-08-08T20:00:00,DG-001,79.77,0.251,270.4,53.2,63.1,72.78,26.71,NORMAL,0
2026-08-08T21:00:00,DG-001,82.83,0.261,424.2,83.6,60.0,76.75,27.11,NORMAL,0
2026-08-08T22:00:00,DG-001,81.56,0.138,294.7,59.3,69.1,74.36,25.03,NORMAL,0
2026-08-08T23:00:00,DG-001,113.97,1.133,503.3,107.2,33.5,103.86,20.33,FAILURE_PRECURSOR,1
2026-08-09T00:00:00,DG-001,80.52,0.224,380.2,76.7,70.7,75.4,25.27,NORMAL,0
2026-08-09T01:00:00,DG-001,80.67,0.233,287.4,56.8,78.7,73.5,27.26,NORMAL,0
2026-08-09T02:00:00,DG-001,79.98,0.189,306.3,62.2,20.0,75.78,25.83,NORMAL,0
2026-08-09T03:00:00,DG-001,83.0,0.195,343.7,69.4,80.5,74.66,27.3,NORMAL,0
2026-08-09T04:00:00,DG-001,81.0,0.186,288.1,56.6,99.8,73.19,27.02,NORMAL,0
2026-08-09T05:00:00,DG-001,80.35,0.242,265.9,53.5,69.8,73.53,27.86,NORMAL,0
2026-08-09T06:00:00,DG-001,83.12,0.305,349.2,70.0,74.0,76.44,27.44,NORMAL,0
2026-08-09T07:00:00,DG-001,82.87,0.312,420.3,84.0,31.0,76.38,25.29,NORMAL,0
2026-08-09T08:00:00,DG-001,81.22,0.205,422.1,83.3,46.0,75.84,27.99,NORMAL,0
2026-08-09T09:00:00,DG-001,84.16,0.279,392.0,79.6,89.8,75.02,25.04,NORMAL,0
2026-08-09T10:00:00,DG-001,82.09,0.344,410.5,80.7,31.1,76.5,26.07,NORMAL,0
2026-08-09T11:00:00,DG-001,83.88,0.277,338.9,69.4,94.7,76.9,26.68,NORMAL,0
2026-08-09T12:00:00,DG-001,82.7,0.399,410.1,81.1,37.9,75.23,27.8,NORMAL,0
2026-08-09T13:00:00,DG-001,80.39,0.175,398.3,79.1,85.7,77.29,26.78,NORMAL,0
2026-08-09T14:00:00,DG-001,78.45,0.262,369.8,73.7,90.9,75.12,26.78,NORMAL,0
2026-08-09T15:00:00,DG-001,95.46,0.695,433.9,86.7,83.1,88.35,25.46,WARNING,0
2026-08-09T16:00:00,DG-001,109.07,1.483,396.7,97.4,27.9,103.79,20.19,FAILURE_PRECURSOR,1
2026-08-09T17:00:00,DG-001,81.75,0.173,269.5,53.0,79.1,73.48,27.58,NORMAL,0
2026-08-09T18:00:00,DG-001,82.62,0.274,363.3,72.0,53.3,74.68,27.34,NORMAL,0
2026-08-09T19:00:00,DG-001,80.65,0.186,258.7,52.6,77.7,72.66,27.8,NORMAL,0
2026-08-09T20:00:00,DG-001,108.53,1.404,503.6,106.9,13.5,106.5,22.74,FAILURE_PRECURSOR,1
2026-08-09T21:00:00,DG-001,81.81,0.255,339.7,68.0,58.4,75.49,25.07,NORMAL,0
2026-08-09T22:00:00,DG-001,111.54,1.487,498.9,106.7,13.8,107.42,20.63,FAILURE_PRECURSOR,1
2026-08-09T23:00:00,DG-001,84.53,0.248,380.0,76.5,51.2,75.13,25.36,NORMAL,0
2026-08-10T00:00:00,DG-001,83.02,0.238,368.0,72.7,27.8,76.73,26.72,NORMAL,0
2026-08-10T01:00:00,DG-001,83.4,0.274,380.7,77.6,78.5,74.46,27.36,NORMAL,0
2026-08-10T02:00:00,DG-001,80.34,0.231,307.5,63.0,21.2,75.35,27.91,NORMAL,0
2026-08-10T03:00:00,DG-001,114.16,1.466,463.5,102.3,39.2,101.03,23.19,FAILURE_PRECURSOR,1
2026-08-10T04:00:00,DG-001,81.91,0.232,296.9,61.4,74.6,74.09,27.68,NORMAL,0
2026-08-10T05:00:00,DG-001,78.88,0.27,260.9,52.0,47.1,73.49,25.97,NORMAL,0
2026-08-10T06:00:00,DG-001,81.91,0.24,372.4,75.1,96.7,75.9,27.09,NORMAL,0
2026-08-10T07:00:00,DG-001,80.13,0.186,294.7,59.6,91.7,73.72,25.29,NORMAL,0
2026-08-10T08:00:00,DG-001,96.65,0.506,391.4,87.3,51.5,88.18,23.66,WARNING,0
2026-08-10T09:00:00,DG-001,83.54,0.271,347.7,71.0,57.1,76.89,25.69,NORMAL,0
2026-08-10T10:00:00,DG-001,111.82,1.58,469.6,103.2,39.1,106.68,21.06,FAILURE_PRECURSOR,1
2026-08-10T11:00:00,DG-001,83.38,0.318,340.1,70.6,89.3,76.24,25.13,NORMAL,0
2026-08-10T12:00:00,DG-001,95.78,0.48,409.4,86.9,84.9,88.43,25.97,WARNING,0
2026-08-10T13:00:00,DG-001,78.96,0.191,303.6,61.2,38.9,72.85,27.23,NORMAL,0
2026-08-10T14:00:00,DG-001,80.24,0.307,306.3,60.1,39.7,73.83,25.85,NORMAL,0
2026-08-10T15:00:00,DG-001,81.04,0.162,263.4,52.7,42.4,75.47,26.24,NORMAL,0
2026-08-10T16:00:00,DG-001,80.94,0.209,374.3,75.9,72.3,76.4,25.64,NORMAL,0
2026-08-10T17:00:00,DG-001,109.78,1.053,430.4,96.5,16.6,104.75,21.44,FAILURE_PRECURSOR,1
2026-08-10T18:00:00,DG-001,79.85,0.206,283.0,56.3,71.8,76.28,27.17,NORMAL,0
2026-08-10T19:00:00,DG-001,106.83,1.193,368.2,88.5,22.3,103.2,22.92,FAILURE_PRECURSOR,1
2026-08-10T20:00:00,DG-001,109.87,0.913,421.3,90.4,12.1,105.58,23.29,FAILURE_PRECURSOR,1
2026-08-10T21:00:00,DG-001,100.26,0.629,452.2,88.6,71.1,87.3,24.62,WARNING,0
2026-08-10T22:00:00,DG-001,80.43,0.162,293.8,57.8,58.1,74.18,26.29,NORMAL,0
2026-08-10T23:00:00,DG-001,81.72,0.202,416.6,81.9,94.1,76.6,25.1,NORMAL,0
2026-08-11T00:00:00,DG-001,79.08,0.279,374.6,74.4,84.4,76.09,25.25,NORMAL,0
2026-08-11T01:00:00,DG-001,78.68,0.164,283.8,55.5,96.0,74.34,25.71,NORMAL,0
2026-08-11T02:00:00,DG-001,80.5,0.233,353.0,70.0,84.1,74.57,27.81,NORMAL,0
2026-08-11T03:00:00,DG-001,80.52,0.227,312.5,61.6,95.1,76.94,27.29,NORMAL,0
2026-08-11T04:00:00,DG-001,100.58,0.646,456.6,93.7,41.6,89.95,24.25,WARNING,0
2026-08-11T05:00:00,DG-001,79.84,0.21,257.9,51.7,24.8,74.41,27.38,NORMAL,0
2026-08-11T06:00:00,DG-001,81.32,0.215,315.7,62.2,35.3,73.93,27.61,NORMAL,0
2026-08-11T07:00:00,DG-001,78.75,0.1,245.7,50.3,20.7,73.96,26.39,NORMAL,0
2026-08-11T08:00:00,DG-001,81.5,0.218,317.8,62.9,58.4,74.29,26.42,NORMAL,0
2026-08-11T09:00:00,DG-001,79.81,0.175,249.8,51.5,20.1,72.23,27.03,NORMAL,0
2026-08-11T10:00:00,DG-001,109.51,0.804,395.3,89.4,28.3,103.28,21.75,FAILURE_PRECURSOR,1
2026-08-11T11:00:00,DG-001,79.54,0.196,266.5,52.6,64.3,73.52,25.19,NORMAL,0
2026-08-11T12:00:00,DG-001,100.12,0.564,436.9,93.0,36.0,88.8,25.0,WARNING,0
2026-08-11T13:00:00,DG-001,98.48,0.632,434.6,87.1,60.6,88.75,23.06,WARNING,0
2026-08-11T14:00:00,DG-001,79.82,0.292,389.2,76.4,71.8,77.45,26.4,NORMAL,0
2026-08-11T15:00:00,DG-001,82.47,0.295,375.3,76.0,42.3,76.7,25.88,NORMAL,0
2026-08-11T16:00:00,DG-001,96.98,0.607,424.3,91.3,39.6,87.58,23.92,WARNING,0
2026-08-11T17:00:00,DG-001,81.78,0.134,294.8,59.5,96.2,73.6,25.17,NORMAL,0
2026-08-11T18:00:00,DG-001,80.66,0.268,401.8,79.8,34.6,75.43,27.89,NORMAL,0
2026-08-11T19:00:00,DG-001,83.22,0.206,314.1,63.5,49.9,75.03,27.76,NORMAL,0
2026-08-11T20:00:00,DG-001,81.76,0.262,374.3,73.4,54.3,77.4,25.0,NORMAL,0
2026-08-11T21:00:00,DG-001,81.29,0.259,288.9,56.5,42.5,73.48,27.36,NORMAL,0
2026-08-11T22:00:00,DG-001,79.28,0.269,343.4,67.8,88.8,74.08,26.31,NORMAL,0
2026-08-11T23:00:00,DG-001,78.82,0.182,273.5,56.6,69.3,74.45,25.7,NORMAL,0
2026-08-12T00:00:00,DG-001,82.78,0.12,342.6,67.8,50.1,73.61,25.25,NORMAL,0
2026-08-12T01:00:00,DG-001,84.02,0.166,320.6,65.3,66.6,77.02,25.54,NORMAL,0
2026-08-12T02:00:00,DG-001,108.06,1.13,396.3,89.6,16.1,105.72,21.97,FAILURE_PRECURSOR,1
2026-08-12T03:00:00,DG-001,106.7,0.898,390.9,88.1,19.1,103.59,23.01,FAILURE_PRECURSOR,1
2026-08-12T04:00:00,DG-001,82.84,0.173,388.9,76.7,45.3,76.19,25.08,NORMAL,0
2026-08-12T05:00:00,DG-001,97.41,0.492,366.7,79.7,53.7,89.96,24.56,WARNING,0
2026-08-12T06:00:00,DG-001,82.57,0.213,392.6,77.8,52.3,77.27,26.07,NORMAL,0
2026-08-12T07:00:00,DG-001,79.58,0.266,275.4,55.7,34.2,71.39,25.47,NORMAL,0
2026-08-12T08:00:00,DG-001,79.07,0.072,250.7,50.5,39.8,75.36,25.63,NORMAL,0
2026-08-12T09:00:00,DG-001,79.31,0.208,243.1,50.1,85.8,72.88,25.72,NORMAL,0
2026-08-12T10:00:00,DG-001,84.06,0.201,363.9,73.7,23.4,74.33,27.98,NORMAL,0
2026-08-12T11:00:00,DG-001,81.78,0.323,332.4,69.2,52.8,76.03,25.0,NORMAL,0
2026-08-12T12:00:00,DG-001,79.7,0.286,370.5,74.9,87.2,76.49,26.34,NORMAL,0
2026-08-12T13:00:00,DG-001,83.1,0.312,425.7,84.2,21.5,76.77,25.87,NORMAL,0
2026-08-12T14:00:00,DG-001,78.22,0.139,287.6,58.3,21.6,74.05,26.62,NORMAL,0
2026-08-12T15:00:00,DG-001,110.66,1.044,476.9,109.2,31.4,105.34,23.62,FAILURE_PRECURSOR,1
2026-08-12T16:00:00,DG-001,83.78,0.278,405.2,81.4,76.7,77.41,27.92,NORMAL,0
2026-08-12T17:00:00,DG-001,79.98,0.301,325.9,65.5,44.1,75.51,27.72,NORMAL,0
2026-08-12T18:00:00,DG-001,83.92,0.237,402.0,80.0,25.6,76.23,25.66,NORMAL,0
2026-08-12T19:00:00,DG-001,108.05,0.859,376.6,89.1,48.9,101.57,22.4,FAILURE_PRECURSOR,1
2026-08-12T20:00:00,DG-001,79.14,0.163,309.2,61.5,70.4,74.19,27.85,NORMAL,0
2026-08-12T21:00:00,DG-001,84.91,0.271,378.3,75.2,51.1,75.47,26.36,NORMAL,0
2026-08-12T22:00:00,DG-001,80.29,0.299,377.8,76.3,86.3,76.12,26.02,NORMAL,0
2026-08-12T23:00:00,DG-001,81.08,0.173,256.3,53.3,56.1,73.8,25.64,NORMAL,0
2026-08-13T00:00:00,DG-001,119.1,0.969,432.4,94.8,24.5,100.27,22.39,FAILURE_PRECURSOR,1
2026-08-13T01:00:00,DG-001,99.74,0.66,422.0,86.7,25.9,89.44,25.15,WARNING,0
2026-08-13T02:00:00,DG-001,94.33,0.64,384.8,78.6,43.4,86.81,23.44,WARNING,0
2026-08-13T03:00:00,DG-001,83.49,0.174,299.3,59.5,86.1,73.81,27.73,NORMAL,0
2026-08-13T04:00:00,DG-001,104.36,0.838,405.6,99.5,18.0,103.69,20.02,FAILURE_PRECURSOR,1
2026-08-13T05:00:00,DG-001,85.71,0.295,428.9,83.8,80.9,76.42,25.11,NORMAL,0
2026-08-13T06:00:00,DG-001,80.63,0.194,361.1,70.8,68.1,76.96,25.55,NORMAL,0
2026-08-13T07:00:00,DG-001,82.23,0.2,308.5,62.5,26.6,74.81,25.32,NORMAL,0
2026-08-13T08:00:00,DG-001,81.31,0.1,272.0,54.5,71.4,75.35,26.35,NORMAL,0
2026-08-13T09:00:00,DG-001,80.08,0.179,255.8,51.8,94.2,73.45,25.39,NORMAL,0
2026-08-13T10:00:00,DG-001,82.46,0.245,328.5,66.6,24.1,74.33,27.73,NORMAL,0
2026-08-13T11:00:00,DG-001,101.24,0.583,413.7,86.1,26.5,88.94,25.39,WARNING,0
2026-08-13T12:00:00,DG-001,98.17,0.673,411.0,90.2,41.4,88.19,23.33,WARNING,0
2026-08-13T13:00:00,DG-001,85.95,0.221,385.6,77.2,94.3,76.84,26.49,NORMAL,0
2026-08-13T14:00:00,DG-001,83.42,0.23,410.4,81.0,23.7,76.77,25.49,NORMAL,0
2026-08-13T15:00:00,DG-001,83.78,0.282,399.3,77.5,90.4,76.04,27.98,NORMAL,0
2026-08-13T16:00:00,DG-001,80.27,0.187,353.9,70.8,71.8,75.63,26.52,NORMAL,0
2026-08-13T17:00:00,DG-001,81.06,0.193,282.8,57.8,76.3,75.18,27.55,NORMAL,0
2026-08-13T18:00:00,DG-001,82.61,0.229,356.5,71.5,48.2,77.1,25.47,NORMAL,0
2026-08-13T19:00:00,DG-001,84.7,0.246,381.3,75.1,51.1,76.27,25.77,NORMAL,0
2026-08-13T20:00:00,DG-001,82.45,0.292,408.3,81.7,88.9,75.48,26.56,NORMAL,0
2026-08-13T21:00:00,DG-001,82.7,0.351,391.1,76.2,55.3,75.2,25.84,NORMAL,0
2026-08-13T22:00:00,DG-001,97.44,0.449,407.3,91.6,63.6,91.19,24.71,WARNING,0
2026-08-13T23:00:00,DG-001,81.6,0.324,415.4,82.2,21.6,77.02,27.61,NORMAL,0
2026-08-14T00:00:00,DG-001,97.76,0.433,479.4,92.1,75.2,89.12,25.6,WARNING,0
2026-08-14T01:00:00,DG-001,80.33,0.277,394.8,77.5,20.6,75.56,25.49,NORMAL,0
2026-08-14T02:00:00,DG-001,80.89,0.249,380.8,76.6,59.9,75.29,26.93,NORMAL,0
2026-08-14T03:00:00,DG-001,82.93,0.245,326.4,65.3,61.9,74.12,26.35,NORMAL,0
2026-08-14T04:00:00,DG-001,81.83,0.167,383.0,78.2,33.9,77.43,27.96,NORMAL,0
2026-08-14T05:00:00,DG-001,81.61,0.218,284.5,55.9,22.9,73.46,26.08,NORMAL,0
2026-08-14T06:00:00,DG-001,96.57,0.578,366.9,75.4,61.1,85.09,23.23,WARNING,0
2026-08-14T07:00:00,DG-001,83.62,0.313,416.9,83.9,52.3,77.91,26.76,NORMAL,0
2026-08-14T08:00:00,DG-001,81.23,0.176,381.9,75.5,50.5,75.71,25.51,NORMAL,0
2026-08-14T09:00:00,DG-001,99.92,0.697,346.9,75.3,25.1,86.18,25.56,WARNING,0
2026-08-14T10:00:00,DG-001,83.24,0.304,398.6,80.6,53.6,78.01,25.7,NORMAL,0
2026-08-14T11:00:00,DG-001,80.4,0.161,287.7,58.7,60.3,74.74,26.39,NORMAL,0
2026-08-14T12:00:00,DG-001,112.0,1.363,447.1,101.3,35.8,101.23,20.74,FAILURE_PRECURSOR,1
2026-08-14T13:00:00,DG-001,81.94,0.185,374.6,76.2,45.4,75.99,25.21,NORMAL,0
2026-08-14T14:00:00,DG-001,82.3,0.108,368.3,72.8,52.4,78.82,25.27,NORMAL,0
2026-08-14T15:00:00,DG-001,82.56,0.312,340.0,68.7,54.1,74.86,25.11,NORMAL,0
2026-08-14T16:00:00,DG-001,79.95,0.285,297.2,58.3,92.6,76.06,26.81,NORMAL,0
2026-08-14T17:00:00,DG-001,78.93,0.271,263.6,52.4,47.2,72.94,25.84,NORMAL,0
2026-08-14T18:00:00,DG-001,101.69,1.077,397.1,85.7,49.4,102.43,20.14,FAILURE_PRECURSOR,1
2026-08-14T19:00:00,DG-001,82.13,0.331,389.5,77.2,32.2,74.59,26.15,NORMAL,0
2026-08-14T20:00:00,DG-001,93.93,0.497,385.7,79.3,59.4,88.27,23.15,WARNING,0
2026-08-14T21:00:00,DG-001,81.72,0.284,269.3,52.7,74.2,74.73,25.86,NORMAL,0
2026-08-14T22:00:00,DG-001,80.41,0.229,284.4,55.9,30.3,75.3,26.51,NORMAL,0
2026-08-14T23:00:00,DG-001,78.25,0.223,282.1,58.2,49.1,75.05,25.0,NORMAL,0
2026-08-15T00:00:00,DG-001,82.79,0.331,387.0,77.1,90.9,75.3,27.9,NORMAL,0
2026-08-15T01:00:00,DG-001,80.15,0.167,342.7,67.9,50.2,75.21,25.63,NORMAL,0
2026-08-15T02:00:00,DG-001,83.85,0.228,311.7,64.3,73.3,76.33,27.0,NORMAL,0
2026-08-15T03:00:00,DG-001,80.57,0.277,265.4,53.6,72.3,73.54,27.3,NORMAL,0
2026-08-15T04:00:00,DG-001,109.83,1.004,427.3,96.6,42.3,102.6,21.24,FAILURE_PRECURSOR,1
2026-08-15T05:00:00,DG-001,79.49,0.297,274.9,53.8,93.8,74.92,27.06,NORMAL,0
2026-08-15T06:00:00,DG-001,81.5,0.246,252.3,50.1,87.9,73.96,27.47,NORMAL,0
2026-08-15T07:00:00,DG-001,82.49,0.234,354.2,72.1,84.7,76.03,26.71,NORMAL,0
2026-08-15T08:00:00,DG-001,81.2,0.246,280.7,56.8,78.2,74.7,27.87,NORMAL,0
2026-08-15T09:00:00,DG-001,83.57,0.217,353.3,71.4,57.9,76.34,26.64,NORMAL,0
2026-08-15T10:00:00,DG-001,97.46,0.536,402.6,85.9,61.7,88.88,25.21,WARNING,0
2026-08-15T11:00:00,DG-001,84.27,0.26,387.9,74.8,52.6,77.09,25.26,NORMAL,0
2026-08-15T12:00:00,DG-001,82.99,0.267,312.3,64.8,64.4,73.93,27.12,NORMAL,0
2026-08-15T13:00:00,DG-001,95.62,0.651,409.3,84.6,15.1,90.94,24.29,WARNING,0
2026-08-15T14:00:00,DG-001,79.64,0.128,271.2,55.2,80.4,74.09,27.19,NORMAL,0
2026-08-15T15:00:00,DG-001,81.35,0.128,334.0,67.3,86.7,74.55,27.62,NORMAL,0
2026-08-15T16:00:00,DG-001,81.64,0.207,376.2,75.2,62.2,75.5,27.12,NORMAL,0
2026-08-15T17:00:00,DG-001,82.54,0.268,335.1,66.5,39.5,73.33,26.6,NORMAL,0
2026-08-15T18:00:00,DG-001,79.69,0.26,399.7,79.0,89.4,77.52,27.26,NORMAL,0
2026-08-15T19:00:00,DG-001,82.63,0.275,401.6,80.9,21.3,76.68,26.89,NORMAL,0
2026-08-15T20:00:00,DG-001,80.0,0.159,275.4,55.1,42.1,74.04,25.0,NORMAL,0
2026-08-15T21:00:00,DG-001,81.26,0.227,360.3,71.1,58.3,74.1,25.37,NORMAL,0
2026-08-15T22:00:00,DG-001,96.51,0.689,452.2,92.5,80.6,91.15,24.49,WARNING,0
2026-08-15T23:00:00,DG-001,79.54,0.302,282.6,55.6,95.1,74.66,26.96,NORMAL,0
2026-08-16T00:00:00,DG-001,95.9,0.607,379.9,77.6,32.9,90.26,23.49,WARNING,0
2026-08-16T01:00:00,DG-001,81.68,0.283,343.0,69.2,68.6,76.84,27.85,NORMAL,0
2026-08-16T02:00:00,DG-001,81.04,0.196,393.0,79.1,43.6,77.49,26.22,NORMAL,0
2026-08-16T03:00:00,DG-001,84.16,0.188,295.0,60.2,95.8,76.48,25.89,NORMAL,0
2026-08-16T04:00:00,DG-001,84.21,0.262,371.6,74.9,54.7,78.34,25.55,NORMAL,0
2026-08-16T05:00:00,DG-001,95.83,0.471,448.7,90.3,74.4,87.83,24.53,WARNING,0
2026-08-16T06:00:00,DG-001,99.55,0.571,416.4,86.7,64.2,90.32,23.21,WARNING,0
2026-08-16T07:00:00,DG-001,82.79,0.258,400.8,78.7,92.5,77.46,26.45,NORMAL,0
2026-08-16T08:00:00,DG-001,84.15,0.181,415.3,81.2,59.2,76.29,26.26,NORMAL,0
2026-08-16T09:00:00,DG-001,83.3,0.272,334.9,67.2,37.0,76.6,27.06,NORMAL,0
2026-08-16T10:00:00,DG-001,96.98,0.535,371.8,76.7,69.2,85.3,23.9,WARNING,0
2026-08-16T11:00:00,DG-001,113.9,1.511,411.8,102.7,27.3,104.11,20.52,FAILURE_PRECURSOR,1
2026-08-16T12:00:00,DG-001,81.78,0.331,363.3,73.0,45.0,77.22,25.61,NORMAL,0
2026-08-16T13:00:00,DG-001,84.99,0.22,395.5,78.3,21.0,74.88,25.35,NORMAL,0
2026-08-16T14:00:00,DG-001,80.52,0.191,305.7,61.9,48.2,74.52,27.09,NORMAL,0
2026-08-16T15:00:00,DG-001,79.47,0.218,381.6,75.6,49.9,76.13,25.62,NORMAL,0
2026-08-16T16:00:00,DG-001,94.66,0.642,364.6,79.4,61.1,88.96,24.58,WARNING,0
2026-08-16T17:00:00,DG-001,83.37,0.225,271.5,55.1,75.6,74.34,27.78,NORMAL,0
2026-08-16T18:00:00,DG-001,82.55,0.243,364.6,72.5,90.5,75.19,26.26,NORMAL,0
2026-08-16T19:00:00,DG-001,82.8,0.251,345.8,69.7,35.6,75.5,26.93,NORMAL,0
2026-08-16T20:00:00,DG-001,82.44,0.232,314.7,63.5,46.1,75.06,26.74,NORMAL,0
2026-08-16T21:00:00,DG-001,98.44,0.509,408.6,84.4,62.5,87.97,23.64,WARNING,0
2026-08-16T22:00:00,DG-001,80.5,0.238,259.3,53.6,52.2,74.27,26.88,NORMAL,0
2026-08-16T23:00:00,DG-001,81.6,0.25,369.3,71.4,32.9,74.72,27.04,NORMAL,0
2026-08-17T00:00:00,DG-001,81.22,0.213,268.4,52.4,44.7,72.72,26.6,NORMAL,0
2026-08-17T01:00:00,DG-001,85.03,0.251,376.5,74.8,93.2,76.44,26.09,NORMAL,0
2026-08-17T02:00:00,DG-001,97.48,0.603,425.3,85.6,67.0,90.63,23.48,WARNING,0
2026-08-17T03:00:00,DG-001,80.02,0.268,372.3,74.9,22.2,77.27,26.46,NORMAL,0
2026-08-17T04:00:00,DG-001,79.17,0.169,279.0,55.9,65.7,73.86,26.57,NORMAL,0
2026-08-17T05:00:00,DG-001,83.2,0.239,415.3,80.4,40.2,76.33,25.57,NORMAL,0
2026-08-17T06:00:00,DG-001,100.13,0.624,403.1,86.3,40.7,88.4,24.99,WARNING,0
2026-08-17T07:00:00,DG-001,77.64,0.167,288.3,58.8,72.0,76.53,25.17,NORMAL,0
2026-08-17T08:00:00,DG-001,84.94,0.303,367.3,71.4,81.4,76.3,26.66,NORMAL,0
2026-08-17T09:00:00,DG-001,79.81,0.174,333.4,65.5,61.0,75.17,25.93,NORMAL,0
2026-08-17T10:00:00,DG-001,98.99,0.508,454.0,94.4,44.8,89.11,25.13,WARNING,0
2026-08-17T11:00:00,DG-001,80.95,0.329,299.4,60.7,32.5,75.57,27.53,NORMAL,0
2026-08-17T12:00:00,DG-001,80.72,0.287,353.9,70.7,78.1,75.87,25.65,NORMAL,0
2026-08-17T13:00:00,DG-001,82.99,0.276,387.5,76.3,65.9,75.51,27.09,NORMAL,0
2026-08-17T14:00:00,DG-001,86.7,0.276,418.2,82.2,84.9,76.16,26.02,NORMAL,0
2026-08-17T15:00:00,DG-001,85.33,0.239,368.5,74.8,97.2,76.08,26.43,NORMAL,0
2026-08-17T16:00:00,DG-001,99.67,0.528,364.1,81.0,84.9,87.82,25.11,WARNING,0
2026-08-17T17:00:00,DG-001,79.33,0.293,321.5,63.8,32.4,74.62,27.68,NORMAL,0
2026-08-17T18:00:00,DG-001,97.91,0.567,368.5,80.8,23.1,88.79,23.9,WARNING,0
2026-08-17T19:00:00,DG-001,83.59,0.224,296.4,58.4,34.6,73.91,26.44,NORMAL,0
2026-08-17T20:00:00,DG-001,81.3,0.213,298.9,59.5,42.4,75.36,25.98,NORMAL,0
2026-08-17T21:00:00,DG-001,82.35,0.299,313.0,62.4,97.0,76.37,26.89,NORMAL,0
2026-08-17T22:00:00,DG-001,79.45,0.088,274.5,53.7,76.3,74.24,26.08,NORMAL,0
2026-08-17T23:00:00,DG-001,81.1,0.232,358.0,71.4,55.4,75.64,25.9,NORMAL,0
2026-08-18T00:00:00,DG-001,95.42,0.541,363.9,81.2,71.9,87.78,23.31,WARNING,0
2026-08-18T01:00:00,DG-001,81.61,0.227,285.9,56.4,68.5,73.01,25.36,NORMAL,0
2026-08-18T02:00:00,DG-001,98.63,0.454,432.1,88.8,20.4,86.19,24.87,WARNING,0
2026-08-18T03:00:00,DG-001,81.73,0.216,382.8,75.8,49.7,73.64,27.17,NORMAL,0
2026-08-18T04:00:00,DG-001,80.49,0.288,364.9,72.9,22.1,75.61,27.11,NORMAL,0
2026-08-18T05:00:00,DG-001,83.42,0.2,409.2,82.9,89.4,77.38,27.25,NORMAL,0
2026-08-18T06:00:00,DG-001,96.29,0.48,404.4,80.2,72.5,89.61,23.48,WARNING,0
2026-08-18T07:00:00,DG-001,79.74,0.253,252.5,50.6,70.4,73.93,26.83,NORMAL,0
2026-08-18T08:00:00,DG-001,82.99,0.174,292.4,60.0,50.3,73.86,26.06,NORMAL,0
2026-08-18T09:00:00,DG-001,79.33,0.234,282.1,56.1,93.9,73.96,27.17,NORMAL,0
2026-08-18T10:00:00,DG-001,79.53,0.229,247.7,50.5,75.1,75.77,25.69,NORMAL,0
2026-08-18T11:00:00,DG-001,81.73,0.252,283.1,57.8,23.0,75.07,25.19,NORMAL,0
2026-08-18T12:00:00,DG-001,83.19,0.183,299.3,60.0,65.0,75.75,26.04,NORMAL,0
2026-08-18T13:00:00,DG-001,82.97,0.249,327.2,64.5,33.8,74.66,27.08,NORMAL,0
2026-08-18T14:00:00,DG-001,85.04,0.273,357.3,71.6,22.1,76.34,25.0,NORMAL,0
2026-08-18T15:00:00,DG-001,81.86,0.241,380.3,76.9,45.5,75.81,26.51,NORMAL,0
2026-08-18T16:00:00,DG-001,80.69,0.193,320.7,63.8,85.7,73.33,26.14,NORMAL,0
2026-08-18T17:00:00,DG-001,108.18,1.304,437.0,91.1,26.1,105.04,23.6,FAILURE_PRECURSOR,1
2026-08-18T18:00:00,DG-001,120.7,1.334,506.0,109.3,6.6,108.9,22.06,FAILURE_PRECURSOR,1
2026-08-18T19:00:00,DG-001,96.75,0.408,442.7,93.8,52.5,91.3,24.76,WARNING,0
2026-08-18T20:00:00,DG-001,82.39,0.277,345.2,67.3,26.4,74.6,27.9,NORMAL,0
2026-08-18T21:00:00,DG-001,83.27,0.265,405.2,80.5,24.2,76.97,26.79,NORMAL,0
2026-08-18T22:00:00,DG-001,83.97,0.238,313.3,64.3,26.7,75.88,26.8,NORMAL,0
2026-08-18T23:00:00,DG-001,82.43,0.255,325.7,64.1,97.1,75.27,25.38,NORMAL,0
2026-08-19T00:00:00,DG-001,109.78,0.943,429.3,100.0,14.3,102.66,21.93,FAILURE_PRECURSOR,1
2026-08-19T01:00:00,DG-001,81.59,0.272,288.0,58.7,65.3,74.15,25.94,NORMAL,0
2026-08-19T02:00:00,DG-001,109.83,1.204,450.3,95.0,27.4,105.75,23.69,FAILURE_PRECURSOR,1
2026-08-19T03:00:00,DG-001,82.35,0.203,391.1,76.8,35.5,77.12,27.2,NORMAL,0
2026-08-19T04:00:00,DG-001,109.25,1.528,382.0,89.5,6.9,108.1,22.15,FAILURE_PRECURSOR,1
2026-08-19T05:00:00,DG-001,83.19,0.227,303.1,62.5,31.8,72.55,25.94,NORMAL,0
2026-08-19T06:00:00,DG-001,96.48,0.572,436.7,84.0,62.2,90.47,25.11,WARNING,0
2026-08-19T07:00:00,DG-001,82.71,0.165,344.3,69.4,42.0,75.47,27.2,NORMAL,0
2026-08-19T08:00:00,DG-001,108.77,0.821,417.8,92.0,21.4,102.75,21.75,FAILURE_PRECURSOR,1
2026-08-19T09:00:00,DG-001,80.19,0.215,288.6,56.9,49.4,74.13,26.68,NORMAL,0
2026-08-19T10:00:00,DG-001,111.41,1.31,502.2,107.1,36.6,108.19,20.07,FAILURE_PRECURSOR,1
2026-08-19T11:00:00,DG-001,79.27,0.258,370.6,73.9,48.6,77.84,27.88,NORMAL,0
2026-08-19T12:00:00,DG-001,84.19,0.218,391.4,79.3,79.5,76.06,25.01,NORMAL,0
2026-08-19T13:00:00,DG-001,76.92,0.202,255.7,51.8,52.3,74.47,25.4,NORMAL,0
2026-08-19T14:00:00,DG-001,84.18,0.267,396.6,78.8,78.1,74.95,26.97,NORMAL,0
2026-08-19T15:00:00,DG-001,112.51,0.941,424.0,96.7,22.8,104.54,20.99,FAILURE_PRECURSOR,1
2026-08-19T16:00:00,DG-001,107.49,1.366,396.7,93.7,30.7,102.26,20.97,FAILURE_PRECURSOR,1
2026-08-19T17:00:00,DG-001,81.35,0.339,381.9,75.1,54.9,76.13,26.8,NORMAL,0
2026-08-19T18:00:00,DG-001,98.66,0.488,349.5,78.9,28.2,87.89,23.16,WARNING,0
2026-08-19T19:00:00,DG-001,81.94,0.241,347.3,69.3,68.2,74.43,25.32,NORMAL,0
2026-08-19T20:00:00,DG-001,99.3,0.533,401.5,86.7,70.6,92.39,23.43,WARNING,0
2026-08-19T21:00:00,DG-001,79.07,0.246,329.5,64.0,79.9,73.98,25.68,NORMAL,0
2026-08-19T22:00:00,DG-001,82.99,0.321,403.9,80.2,67.6,75.61,26.26,NORMAL,0
2026-08-19T23:00:00,DG-001,79.98,0.188,360.3,72.1,70.2,76.12,27.03,NORMAL,0
2026-08-20T00:00:00,DG-001,84.18,0.222,372.9,76.2,78.5,77.03,26.07,NORMAL,0
2026-08-20T01:00:00,DG-001,82.99,0.221,372.0,73.4,45.7,74.35,25.34,NORMAL,0
2026-08-20T02:00:00,DG-001,81.47,0.259,296.6,59.6,66.1,75.75,25.1,NORMAL,0
2026-08-20T03:00:00,DG-001,83.32,0.284,343.1,65.7,53.7,74.92,25.89,NORMAL,0
2026-08-20T04:00:00,DG-001,85.05,0.209,389.5,77.2,82.0,75.65,26.83,NORMAL,0
2026-08-20T05:00:00,DG-001,77.88,0.158,284.6,58.0,26.9,74.0,27.28,NORMAL,0
2026-08-20T06:00:00,DG-001,97.0,0.661,376.4,78.5,86.5,86.69,23.49,WARNING,0
2026-08-20T07:00:00,DG-001,111.21,1.212,467.3,105.0,35.1,106.48,23.45,FAILURE_PRECURSOR,1
2026-08-20T08:00:00,DG-001,111.85,1.467,505.1,106.6,11.7,104.38,22.59,FAILURE_PRECURSOR,1
2026-08-20T09:00:00,DG-001,97.42,0.696,348.8,76.3,18.4,87.1,25.81,WARNING,0
2026-08-20T10:00:00,DG-001,83.16,0.156,385.8,77.0,32.6,76.24,25.31,NORMAL,0
2026-08-20T11:00:00,DG-001,78.99,0.193,328.2,64.6,37.2,75.33,25.48,NORMAL,0
2026-08-20T12:00:00,DG-001,78.4,0.26,254.1,52.0,87.3,72.43,26.05,NORMAL,0
2026-08-20T13:00:00,DG-001,107.65,1.371,448.3,98.7,14.1,103.7,20.79,FAILURE_PRECURSOR,1
2026-08-20T14:00:00,DG-001,82.47,0.122,362.3,73.1,38.1,77.3,26.08,NORMAL,0
2026-08-20T15:00:00,DG-001,78.93,0.232,309.5,63.7,27.7,74.97,25.67,NORMAL,0
2026-08-20T16:00:00,DG-001,108.81,0.812,382.4,92.8,11.8,105.7,22.27,FAILURE_PRECURSOR,1
2026-08-20T17:00:00,DG-001,115.27,1.141,520.9,109.3,10.2,105.76,20.96,FAILURE_PRECURSOR,1
2026-08-20T18:00:00,DG-001,82.76,0.277,344.0,70.0,69.8,76.48,26.68,NORMAL,0
2026-08-20T19:00:00,DG-001,82.7,0.312,408.8,81.0,38.8,74.54,25.83,NORMAL,0
2026-08-20T20:00:00,DG-001,106.24,1.318,413.7,92.4,16.7,103.86,22.78,FAILURE_PRECURSOR,1
2026-08-20T21:00:00,DG-001,80.87,0.213,296.3,60.1,40.5,74.44,27.12,NORMAL,0
2026-08-20T22:00:00,DG-001,82.75,0.225,352.5,71.0,88.5,76.17,25.32,NORMAL,0
2026-08-20T23:00:00,DG-001,82.66,0.32,400.3,80.5,77.0,77.79,25.21,NORMAL,0
2026-08-21T00:00:00,DG-001,82.07,0.257,414.7,82.4,88.5,76.22,25.96,NORMAL,0
2026-08-21T01:00:00,DG-001,82.48,0.219,339.8,66.4,61.9,76.02,27.53,NORMAL,0
2026-08-21T02:00:00,DG-001,96.44,0.682,428.2,87.8,43.2,87.8,24.74,WARNING,0
2026-08-21T03:00:00,DG-001,84.66,0.266,420.0,84.8,86.7,75.03,26.7,NORMAL,0
2026-08-21T04:00:00,DG-001,80.04,0.271,265.8,52.5,97.0,74.16,25.71,NORMAL,0
2026-08-21T05:00:00,DG-001,83.97,0.234,385.4,75.7,80.8,76.73,25.58,NORMAL,0
2026-08-21T06:00:00,DG-001,114.9,1.595,415.1,97.2,13.4,99.41,22.7,FAILURE_PRECURSOR,1
2026-08-21T07:00:00,DG-001,111.61,1.507,501.6,105.0,24.8,105.76,23.73,FAILURE_PRECURSOR,1
2026-08-21T08:00:00,DG-001,83.62,0.207,279.3,55.9,44.6,72.75,27.22,NORMAL,0
2026-08-21T09:00:00,DG-001,80.15,0.247,281.3,56.9,34.2,73.7,27.88,NORMAL,0
2026-08-21T10:00:00,DG-001,80.83,0.21,314.3,62.5,23.3,73.81,26.74,NORMAL,0
2026-08-21T11:00:00,DG-001,81.77,0.236,354.7,70.7,37.9,75.14,26.3,NORMAL,0
2026-08-21T12:00:00,DG-001,82.01,0.168,324.6,64.6,54.7,76.58,25.11,NORMAL,0
2026-08-21T13:00:00,DG-001,81.27,0.203,291.4,58.5,46.2,74.7,27.27,NORMAL,0
2026-08-21T14:00:00,DG-001,80.74,0.265,240.6,50.2,60.1,71.47,27.36,NORMAL,0
2026-08-21T15:00:00,DG-001,81.23,0.195,287.0,56.5,92.1,72.33,27.68,NORMAL,0
2026-08-21T16:00:00,DG-001,82.24,0.25,382.0,76.3,35.2,76.44,27.45,NORMAL,0
2026-08-21T17:00:00,DG-001,78.64,0.243,264.4,52.7,92.2,73.87,26.79,NORMAL,0
2026-08-21T18:00:00,DG-001,81.24,0.224,296.6,61.0,52.1,75.67,26.93,NORMAL,0
2026-08-21T19:00:00,DG-001,78.95,0.237,274.5,53.4,59.5,73.68,26.85,NORMAL,0
2026-08-21T20:00:00,DG-001,81.39,0.222,305.8,61.3,44.0,73.46,26.84,NORMAL,0
2026-08-21T21:00:00,DG-001,78.96,0.306,346.9,67.4,65.1,75.69,25.16,NORMAL,0
2026-08-21T22:00:00,DG-001,81.9,0.223,316.1,62.6,99.3,74.78,25.35,NORMAL,0
2026-08-21T23:00:00,DG-001,110.06,1.402,468.6,102.3,22.0,103.12,20.62,FAILURE_PRECURSOR,1
2026-08-22T00:00:00,DG-001,84.54,0.307,352.9,71.5,24.2,75.3,27.66,NORMAL,0
2026-08-22T01:00:00,DG-001,82.61,0.269,272.3,54.9,84.9,75.65,25.07,NORMAL,0
2026-08-22T02:00:00,DG-001,82.95,0.336,403.5,79.6,66.8,77.6,26.55,NORMAL,0
2026-08-22T03:00:00,DG-001,101.94,0.411,405.7,86.4,87.9,90.19,24.93,WARNING,0
2026-08-22T04:00:00,DG-001,82.22,0.232,378.1,75.3,70.0,75.39,27.37,NORMAL,0
2026-08-22T05:00:00,DG-001,78.89,0.212,279.5,55.9,68.7,72.5,26.75,NORMAL,0
2026-08-22T06:00:00,DG-001,81.84,0.223,375.0,74.7,46.3,76.58,26.77,NORMAL,0
2026-08-22T07:00:00,DG-001,96.34,0.523,393.6,80.0,49.5,87.41,25.18,WARNING,0
2026-08-22T08:00:00,DG-001,113.02,1.376,496.5,108.2,7.7,103.52,21.09,FAILURE_PRECURSOR,1
2026-08-22T09:00:00,DG-001,100.34,0.523,367.7,77.4,77.2,85.42,23.94,WARNING,0
2026-08-22T10:00:00,DG-001,111.88,1.121,490.0,108.5,13.1,102.48,23.59,FAILURE_PRECURSOR,1
2026-08-22T11:00:00,DG-001,83.03,0.219,390.7,78.0,79.0,77.6,25.56,NORMAL,0
2026-08-22T12:00:00,DG-001,100.35,0.523,453.7,94.7,81.9,88.9,24.98,WARNING,0
2026-08-22T13:00:00,DG-001,115.03,0.802,518.3,107.7,26.1,107.26,22.76,FAILURE_PRECURSOR,1
2026-08-22T14:00:00,DG-001,80.49,0.264,293.7,58.6,34.3,73.39,25.51,NORMAL,0
2026-08-22T15:00:00,DG-001,83.51,0.244,356.7,70.4,71.9,74.7,27.14,NORMAL,0
2026-08-22T16:00:00,DG-001,83.18,0.269,360.4,73.4,95.8,77.1,27.73,NORMAL,0
2026-08-22T17:00:00,DG-001,101.03,0.406,438.6,92.6,43.6,89.09,23.67,WARNING,0
2026-08-22T18:00:00,DG-001,95.21,0.581,430.1,85.2,31.0,87.66,25.8,WARNING,0
2026-08-22T19:00:00,DG-001,110.61,1.234,386.6,85.7,35.7,103.85,22.22,FAILURE_PRECURSOR,1
2026-08-22T20:00:00,DG-001,79.12,0.176,264.0,51.9,36.0,73.66,25.64,NORMAL,0
2026-08-22T21:00:00,DG-001,97.52,0.697,387.2,81.5,63.6,85.72,24.12,WARNING,0
2026-08-22T22:00:00,DG-001,83.78,0.228,415.3,81.0,60.6,77.63,25.65,NORMAL,0
2026-08-22T23:00:00,DG-001,85.0,0.314,404.4,81.5,81.1,77.85,25.66,NORMAL,0
2026-08-23T00:00:00,DG-001,80.79,0.238,330.9,67.2,59.4,75.93,25.15,NORMAL,0
2026-08-23T01:00:00,DG-001,99.59,0.418,431.7,88.0,66.1,85.94,23.52,WARNING,0
2026-08-23T02:00:00,DG-001,82.72,0.225,278.7,57.1,25.7,73.9,27.1,NORMAL,0
2026-08-23T03:00:00,DG-001,98.94,0.587,458.0,93.9,43.8,88.8,23.08,WARNING,0
2026-08-23T04:00:00,DG-001,98.77,0.559,418.7,85.1,57.1,91.15,23.16,WARNING,0
2026-08-23T05:00:00,DG-001,82.48,0.333,361.9,72.5,82.4,76.73,26.55,NORMAL,0
2026-08-23T06:00:00,DG-001,97.46,0.406,410.0,88.0,58.9,89.69,25.42,WARNING,0
2026-08-23T07:00:00,DG-001,78.31,0.302,298.5,59.1,39.2,74.64,27.24,NORMAL,0
2026-08-23T08:00:00,DG-001,81.66,0.202,265.6,51.9,85.3,73.69,26.79,NORMAL,0
2026-08-23T09:00:00,DG-001,102.58,0.619,459.2,94.1,50.8,89.48,25.88,WARNING,0
2026-08-23T10:00:00,DG-001,84.69,0.244,391.4,78.3,74.8,75.27,26.45,NORMAL,0
2026-08-23T11:00:00,DG-001,79.92,0.238,273.6,53.6,86.6,73.6,26.24,NORMAL,0
2026-08-23T12:00:00,DG-001,83.77,0.255,377.5,76.6,79.0,74.71,27.91,NORMAL,0
2026-08-23T13:00:00,DG-001,93.25,0.478,393.4,80.9,33.2,88.54,23.64,WARNING,0
2026-08-23T14:00:00,DG-001,82.8,0.135,389.6,77.7,25.9,75.73,26.18,NORMAL,0
2026-08-23T15:00:00,DG-001,81.71,0.226,263.2,54.8,35.6,73.84,25.5,NORMAL,0
2026-08-23T16:00:00,DG-001,107.82,1.41,465.3,99.9,33.5,107.01,22.82,FAILURE_PRECURSOR,1
2026-08-23T17:00:00,DG-001,82.36,0.224,416.9,82.5,55.4,76.49,26.24,NORMAL,0
2026-08-23T18:00:00,DG-001,81.11,0.304,351.1,71.4,63.7,76.25,26.66,NORMAL,0
2026-08-23T19:00:00,DG-001,98.04,0.653,445.8,92.9,41.4,89.29,23.06,WARNING,0
2026-08-23T20:00:00,DG-001,81.25,0.236,318.1,63.0,79.1,73.77,25.12,NORMAL,0
2026-08-23T21:00:00,DG-001,84.08,0.291,330.9,68.6,92.3,76.34,26.97,NORMAL,0
2026-08-23T22:00:00,DG-001,81.54,0.274,260.2,50.5,76.4,73.92,26.95,NORMAL,0
2026-08-23T23:00:00,DG-001,97.32,0.435,462.9,91.8,28.8,91.68,23.91,WARNING,0
2026-08-24T00:00:00,DG-001,80.02,0.23,276.8,56.2,32.7,73.79,27.14,NORMAL,0
2026-08-24T01:00:00,DG-001,80.05,0.146,323.6,63.1,65.3,74.76,26.56,NORMAL,0
2026-08-24T02:00:00,DG-001,82.51,0.216,358.6,72.7,31.6,76.94,27.94,NORMAL,0
2026-08-24T03:00:00,DG-001,112.73,1.465,469.3,101.9,25.9,107.8,20.2,FAILURE_PRECURSOR,1
2026-08-24T04:00:00,DG-001,105.83,0.84,358.8,91.9,31.2,106.27,21.52,FAILURE_PRECURSOR,1
2026-08-24T05:00:00,DG-001,81.88,0.231,324.4,65.3,53.9,74.19,27.65,NORMAL,0
2026-08-24T06:00:00,DG-001,114.88,1.491,420.0,97.2,30.9,102.41,23.54,FAILURE_PRECURSOR,1
2026-08-24T07:00:00,DG-001,82.21,0.21,340.3,66.2,36.9,75.09,26.75,NORMAL,0
2026-08-24T08:00:00,DG-001,82.33,0.179,284.4,57.8,97.4,73.58,25.4,NORMAL,0
2026-08-24T09:00:00,DG-001,81.09,0.233,311.9,64.1,76.0,73.61,26.18,NORMAL,0
2026-08-24T10:00:00,DG-001,116.4,0.895,463.6,106.9,31.5,110.08,21.96,FAILURE_PRECURSOR,1
2026-08-24T11:00:00,DG-001,84.14,0.219,387.4,75.5,98.3,75.97,26.51,NORMAL,0
2026-08-24T12:00:00,DG-001,105.25,0.883,355.0,92.0,44.9,106.98,23.39,FAILURE_PRECURSOR,1
2026-08-24T13:00:00,DG-001,82.03,0.182,388.1,77.6,99.2,77.43,26.3,NORMAL,0
2026-08-24T14:00:00,DG-001,81.71,0.3,345.1,67.1,45.3,78.26,27.53,NORMAL,0
2026-08-24T15:00:00,DG-001,84.31,0.23,375.9,73.8,94.2,74.63,26.32,NORMAL,0
2026-08-24T16:00:00,DG-001,98.88,0.506,432.4,90.6,62.8,89.96,23.12,WARNING,0
2026-08-24T17:00:00,DG-001,80.81,0.24,277.5,55.4,22.4,75.08,25.19,NORMAL,0
2026-08-24T18:00:00,DG-001,103.33,1.35,412.9,86.0,39.8,101.78,22.2,FAILURE_PRECURSOR,1
2026-08-24T19:00:00,DG-001,82.89,0.235,311.6,62.2,87.5,76.52,27.6,NORMAL,0
2026-08-24T20:00:00,DG-001,84.72,0.251,415.7,84.7,71.4,76.46,25.67,NORMAL,0
2026-08-24T21:00:00,DG-001,80.74,0.168,236.5,50.3,45.9,74.37,25.46,NORMAL,0
2026-08-24T22:00:00,DG-001,80.49,0.224,403.7,80.6,59.5,77.12,26.51,NORMAL,0
2026-08-24T23:00:00,DG-001,111.05,1.445,418.0,100.9,35.0,106.35,21.14,FAILURE_PRECURSOR,1
2026-08-25T00:00:00,DG-001,81.26,0.279,316.3,64.2,55.1,75.69,26.51,NORMAL,0
2026-08-25T01:00:00,DG-001,78.81,0.232,322.7,66.4,56.9,74.77,26.66,NORMAL,0
2026-08-25T02:00:00,DG-001,80.24,0.15,270.7,53.1,73.5,74.89,25.83,NORMAL,0
2026-08-25T03:00:00,DG-001,82.13,0.294,375.2,74.8,46.7,74.39,25.19,NORMAL,0
2026-08-25T04:00:00,DG-001,94.56,0.475,404.4,85.6,55.1,89.53,25.96,WARNING,0
2026-08-25T05:00:00,DG-001,81.85,0.259,393.1,76.3,65.0,77.4,27.17,NORMAL,0
2026-08-25T06:00:00,DG-001,83.68,0.316,365.6,72.4,74.3,76.41,26.51,NORMAL,0
2026-08-25T07:00:00,DG-001,110.49,1.316,544.3,107.9,13.5,101.76,20.37,FAILURE_PRECURSOR,1
2026-08-25T08:00:00,DG-001,83.11,0.149,421.4,83.7,26.4,76.57,26.56,NORMAL,0
2026-08-25T09:00:00,DG-001,81.75,0.261,328.1,66.2,63.1,75.56,27.63,NORMAL,0
2026-08-25T10:00:00,DG-001,108.48,0.914,491.6,96.1,34.2,104.09,21.76,FAILURE_PRECURSOR,1
2026-08-25T11:00:00,DG-001,81.51,0.329,324.2,67.2,42.9,75.52,26.09,NORMAL,0
2026-08-25T12:00:00,DG-001,78.51,0.147,281.1,55.2,43.0,75.75,26.17,NORMAL,0
2026-08-25T13:00:00,DG-001,83.24,0.255,289.6,57.6,52.5,73.68,25.04,NORMAL,0
2026-08-25T14:00:00,DG-001,80.71,0.26,300.5,61.3,33.2,75.61,27.1,NORMAL,0
2026-08-25T15:00:00,DG-001,97.27,0.568,363.0,78.6,40.4,87.73,23.92,WARNING,0
2026-08-25T16:00:00,DG-001,100.36,0.461,391.4,81.7,48.3,88.88,25.97,WARNING,0
2026-08-25T17:00:00,DG-001,83.11,0.31,368.4,74.6,72.1,76.27,25.81,NORMAL,0
2026-08-25T18:00:00,DG-001,79.12,0.169,266.6,54.0,72.6,74.2,27.86,NORMAL,0
2026-08-25T19:00:00,DG-001,96.69,0.562,472.1,94.6,71.9,90.45,25.67,WARNING,0
2026-08-25T20:00:00,DG-001,82.44,0.264,332.4,66.5,22.3,73.02,26.9,NORMAL,0
2026-08-25T21:00:00,DG-001,80.37,0.256,300.1,58.8,29.9,74.87,25.78,NORMAL,0
2026-08-25T22:00:00,DG-001,111.7,1.43,448.6,102.6,36.2,104.25,21.79,FAILURE_PRECURSOR,1
2026-08-25T23:00:00,DG-001,81.39,0.219,257.1,52.4,77.1,73.74,25.94,NORMAL,0
2026-08-26T00:00:00,DG-001,84.62,0.265,371.8,74.3,44.9,76.86,25.52,NORMAL,0
2026-08-26T01:00:00,DG-001,81.37,0.209,400.4,80.8,28.3,75.63,25.72,NORMAL,0
2026-08-26T02:00:00,DG-001,110.6,1.597,415.9,91.2,28.1,105.93,21.41,FAILURE_PRECURSOR,1
2026-08-26T03:00:00,DG-001,81.15,0.254,360.7,72.2,44.6,76.65,25.59,NORMAL,0
2026-08-26T04:00:00,DG-001,98.66,0.596,398.1,82.7,44.5,86.55,25.0,WARNING,0
2026-08-26T05:00:00,DG-001,110.64,1.029,391.9,88.2,43.0,102.57,20.59,FAILURE_PRECURSOR,1
2026-08-26T06:00:00,DG-001,109.38,1.572,435.7,101.7,50.0,105.51,21.41,FAILURE_PRECURSOR,1
2026-08-26T07:00:00,DG-001,78.53,0.152,264.4,51.7,50.0,73.39,26.57,NORMAL,0
2026-08-26T08:00:00,DG-001,83.43,0.268,407.2,79.9,39.7,76.67,25.44,NORMAL,0
2026-08-26T09:00:00,DG-001,81.27,0.299,361.3,73.0,41.7,75.91,27.03,NORMAL,0
2026-08-26T10:00:00,DG-001,110.88,1.51,418.7,91.8,25.6,104.89,23.25,FAILURE_PRECURSOR,1
2026-08-26T11:00:00,DG-001,110.05,1.233,464.2,103.6,14.7,105.61,23.34,FAILURE_PRECURSOR,1
2026-08-26T12:00:00,DG-001,82.33,0.182,363.6,71.5,73.0,76.51,26.7,NORMAL,0
2026-08-26T13:00:00,DG-001,83.09,0.194,281.7,55.8,91.7,73.74,26.98,NORMAL,0
2026-08-26T14:00:00,DG-001,84.26,0.29,425.2,84.3,58.5,76.01,27.58,NORMAL,0
2026-08-26T15:00:00,DG-001,83.38,0.294,401.4,78.9,54.5,76.73,26.12,NORMAL,0
2026-08-26T16:00:00,DG-001,109.68,1.057,484.8,104.0,44.9,109.61,20.47,FAILURE_PRECURSOR,1
2026-08-26T17:00:00,DG-001,95.65,0.665,439.3,90.6,68.1,88.65,24.88,WARNING,0
2026-08-26T18:00:00,DG-001,94.88,0.597,422.4,86.1,80.6,89.89,25.86,WARNING,0
2026-08-26T19:00:00,DG-001,84.7,0.339,411.7,83.2,89.3,76.26,25.38,NORMAL,0
2026-08-26T20:00:00,DG-001,81.83,0.247,347.1,69.6,88.2,77.15,25.64,NORMAL,0
2026-08-26T21:00:00,DG-001,82.08,0.214,265.9,53.3,88.7,73.57,27.42,NORMAL,0
2026-08-26T22:00:00,DG-001,100.58,0.446,390.1,81.1,23.4,90.47,25.55,WARNING,0
2026-08-26T23:00:00,DG-001,82.91,0.291,349.4,69.0,69.8,76.09,27.39,NORMAL,0
2026-08-27T00:00:00,DG-001,110.18,1.22,377.0,95.8,21.3,107.34,20.18,FAILURE_PRECURSOR,1
2026-08-27T01:00:00,DG-001,79.13,0.232,308.3,61.4,89.3,76.35,25.61,NORMAL,0
2026-08-27T02:00:00,DG-001,99.92,0.614,468.0,94.0,37.3,90.81,23.12,WARNING,0
2026-08-27T03:00:00,DG-001,83.85,0.292,405.4,79.9,38.7,76.18,27.62,NORMAL,0
2026-08-27T04:00:00,DG-001,82.91,0.278,292.2,58.5,41.6,73.35,27.98,NORMAL,0
2026-08-27T05:00:00,DG-001,111.37,1.234,496.0,108.4,25.0,104.7,23.38,FAILURE_PRECURSOR,1
2026-08-27T06:00:00,DG-001,80.73,0.267,387.6,78.1,45.4,76.07,26.89,NORMAL,0
2026-08-27T07:00:00,DG-001,82.98,0.265,401.9,81.2,67.1,76.22,25.17,NORMAL,0
2026-08-27T08:00:00,DG-001,94.11,0.621,406.3,84.1,24.6,87.52,23.5,WARNING,0
2026-08-27T09:00:00,DG-001,79.94,0.2,253.1,52.3,73.4,74.53,25.2,NORMAL,0
2026-08-27T10:00:00,DG-001,81.78,0.208,335.6,67.6,75.2,75.35,25.83,NORMAL,0
2026-08-27T11:00:00,DG-001,81.9,0.214,350.7,69.4,52.4,76.99,27.56,NORMAL,0
2026-08-27T12:00:00,DG-001,84.45,0.281,372.7,73.4,37.9,75.64,27.82,NORMAL,0
2026-08-27T13:00:00,DG-001,80.56,0.209,303.4,62.5,54.1,75.04,26.96,NORMAL,0
2026-08-27T14:00:00,DG-001,100.38,0.427,443.0,88.3,82.9,88.69,25.2,WARNING,0
2026-08-27T15:00:00,DG-001,83.27,0.266,416.0,84.2,92.0,76.72,27.04,NORMAL,0
2026-08-27T16:00:00,DG-001,110.61,1.264,451.2,100.2,32.2,107.22,23.34,FAILURE_PRECURSOR,1
2026-08-27T17:00:00,DG-001,80.1,0.203,271.6,53.8,65.4,75.02,27.61,NORMAL,0
2026-08-27T18:00:00,DG-001,82.97,0.313,371.2,75.7,44.2,76.54,25.71,NORMAL,0
2026-08-27T19:00:00,DG-001,79.34,0.25,379.6,76.1,63.2,74.65,25.24,NORMAL,0
2026-08-27T20:00:00,DG-001,82.67,0.182,358.7,72.4,23.5,76.26,25.01,NORMAL,0
2026-08-27T21:00:00,DG-001,80.77,0.179,320.9,64.7,45.9,75.31,25.76,NORMAL,0
2026-08-27T22:00:00,DG-001,81.32,0.327,303.2,60.2,82.2,72.25,26.04,NORMAL,0
2026-08-27T23:00:00,DG-001,83.29,0.313,368.9,74.4,83.7,76.02,26.22,NORMAL,0
2026-08-28T00:00:00,DG-001,83.34,0.309,407.4,80.7,24.5,75.8,26.46,NORMAL,0
2026-08-28T01:00:00,DG-001,82.91,0.22,374.5,75.1,22.4,76.68,27.42,NORMAL,0
2026-08-28T02:00:00,DG-001,84.16,0.281,404.1,81.6,38.2,76.28,26.64,NORMAL,0
2026-08-28T03:00:00,DG-001,113.1,0.974,375.2,92.5,28.2,104.48,22.75,FAILURE_PRECURSOR,1
2026-08-28T04:00:00,DG-001,81.59,0.179,264.2,52.4,93.7,72.36,27.29,NORMAL,0
2026-08-28T05:00:00,DG-001,79.33,0.161,271.9,53.7,87.1,75.33,25.63,NORMAL,0
2026-08-28T06:00:00,DG-001,97.57,0.431,438.6,92.6,35.1,87.21,25.6,WARNING,0
2026-08-28T07:00:00,DG-001,79.85,0.209,383.4,77.6,88.0,77.42,27.88,NORMAL,0
2026-08-28T08:00:00,DG-001,100.14,0.436,402.8,88.8,86.7,87.49,24.57,WARNING,0
2026-08-28T09:00:00,DG-001,83.29,0.279,378.0,74.8,39.6,76.11,25.4,NORMAL,0
2026-08-28T10:00:00,DG-001,78.45,0.18,248.5,50.3,43.5,75.63,27.11,NORMAL,0
2026-08-28T11:00:00,DG-001,80.06,0.199,275.1,54.6,47.4,72.95,25.77,NORMAL,0
2026-08-28T12:00:00,DG-001,82.55,0.217,412.7,81.2,50.6,75.91,26.45,NORMAL,0
2026-08-28T13:00:00,DG-001,81.75,0.216,354.4,70.9,32.0,76.09,26.27,NORMAL,0
2026-08-28T14:00:00,DG-001,96.36,0.531,358.8,77.7,44.4,85.62,25.11,WARNING,0
2026-08-28T15:00:00,DG-001,81.07,0.164,321.8,61.8,84.5,75.61,26.15,NORMAL,0
2026-08-28T16:00:00,DG-001,79.84,0.245,406.8,81.6,36.6,75.36,26.18,NORMAL,0
2026-08-28T17:00:00,DG-001,97.07,0.549,408.5,86.4,51.2,89.11,25.57,WARNING,0
2026-08-28T18:00:00,DG-001,86.31,0.214,392.4,78.7,38.7,77.21,27.25,NORMAL,0
2026-08-28T19:00:00,DG-001,99.23,0.642,391.5,81.8,83.3,87.98,23.45,WARNING,0
2026-08-28T20:00:00,DG-001,83.79,0.292,407.5,81.1,97.5,77.57,25.36,NORMAL,0
2026-08-28T21:00:00,DG-001,80.89,0.293,255.6,50.9,87.4,73.13,27.26,NORMAL,0
2026-08-28T22:00:00,DG-001,83.24,0.277,319.1,63.5,74.7,72.23,26.64,NORMAL,0
2026-08-28T23:00:00,DG-001,80.22,0.195,292.1,57.3,63.2,73.08,26.84,NORMAL,0
2026-08-29T00:00:00,DG-001,83.77,0.241,354.5,71.9,41.9,76.14,27.24,NORMAL,0
2026-08-29T01:00:00,DG-001,82.81,0.173,252.0,52.0,75.5,75.76,27.52,NORMAL,0
2026-08-29T02:00:00,DG-001,81.27,0.136,293.7,59.3,23.7,75.89,26.55,NORMAL,0
2026-08-29T03:00:00,DG-001,110.2,1.532,405.1,92.4,47.6,106.77,20.23,FAILURE_PRECURSOR,1
2026-08-29T04:00:00,DG-001,84.16,0.245,292.5,58.7,23.8,74.54,25.8,NORMAL,0
2026-08-29T05:00:00,DG-001,79.83,0.178,278.0,55.5,65.1,75.12,26.27,NORMAL,0
2026-08-29T06:00:00,DG-001,79.47,0.344,406.9,81.3,94.9,76.61,26.01,NORMAL,0
2026-08-29T07:00:00,DG-001,103.06,0.464,459.0,94.1,86.6,87.27,23.24,WARNING,0
2026-08-29T08:00:00,DG-001,81.22,0.269,347.8,68.1,39.0,75.91,27.04,NORMAL,0
2026-08-29T09:00:00,DG-001,79.68,0.178,318.4,63.4,94.6,74.28,27.08,NORMAL,0
2026-08-29T10:00:00,DG-001,100.97,0.458,442.7,89.8,80.2,91.01,25.32,WARNING,0
2026-08-29T11:00:00,DG-001,80.94,0.181,349.3,72.6,80.7,76.65,26.8,NORMAL,0
2026-08-29T12:00:00,DG-001,83.48,0.353,427.5,83.9,73.5,76.13,27.06,NORMAL,0
2026-08-29T13:00:00,DG-001,83.58,0.187,394.8,80.5,82.8,77.23,27.96,NORMAL,0
2026-08-29T14:00:00,DG-001,78.14,0.201,314.6,62.5,89.2,75.46,26.0,NORMAL,0
2026-08-29T15:00:00,DG-001,111.21,1.055,427.1,98.8,22.1,103.66,22.0,FAILURE_PRECURSOR,1
2026-08-29T16:00:00,DG-001,80.2,0.268,260.1,51.4,64.2,74.51,26.37,NORMAL,0
2026-08-29T17:00:00,DG-001,79.75,0.227,293.2,58.6,29.4,73.93,27.74,NORMAL,0
2026-08-29T18:00:00,DG-001,83.26,0.197,399.4,80.0,50.2,75.58,25.04,NORMAL,0
2026-08-29T19:00:00,DG-001,79.71,0.22,342.7,68.1,20.0,75.77,26.76,NORMAL,0
2026-08-29T20:00:00,DG-001,82.74,0.269,288.1,59.3,23.9,74.57,27.3,NORMAL,0
2026-08-29T21:00:00,DG-001,81.07,0.156,289.7,57.7,86.1,72.11,25.12,NORMAL,0
2026-08-29T22:00:00,DG-001,95.55,0.584,405.6,80.6,21.8,87.09,25.08,WARNING,0
2026-08-29T23:00:00,DG-001,97.88,0.455,365.8,78.6,28.3,87.33,25.52,WARNING,0
2026-08-30T00:00:00,DG-001,79.79,0.288,295.6,60.0,48.9,76.25,26.92,NORMAL,0
2026-08-30T01:00:00,DG-001,81.67,0.304,373.6,74.6,67.7,76.13,27.97,NORMAL,0
2026-08-30T02:00:00,DG-001,82.24,0.2,332.6,67.7,52.2,73.53,25.93,NORMAL,0
2026-08-30T03:00:00,DG-001,80.46,0.184,286.6,55.9,32.4,73.88,27.16,NORMAL,0
2026-08-30T04:00:00,DG-001,83.59,0.29,324.8,64.2,67.4,77.11,25.64,NORMAL,0
2026-08-30T05:00:00,DG-001,82.8,0.146,320.9,65.0,22.4,76.29,26.67,NORMAL,0
2026-08-30T06:00:00,DG-001,80.4,0.299,349.9,70.0,23.4,75.77,25.46,NORMAL,0
2026-08-30T07:00:00,DG-001,86.29,0.279,374.0,75.7,35.4,73.97,26.99,NORMAL,0
2026-08-30T08:00:00,DG-001,82.94,0.124,341.5,69.2,91.3,76.35,26.92,NORMAL,0
2026-08-30T09:00:00,DG-001,113.63,1.079,431.6,99.2,28.6,105.68,22.05,FAILURE_PRECURSOR,1
2026-08-30T10:00:00,DG-001,111.08,1.238,536.6,109.8,39.7,107.85,22.99,FAILURE_PRECURSOR,1
2026-08-30T11:00:00,DG-001,80.63,0.175,320.3,64.0,80.1,74.39,27.88,NORMAL,0
2026-08-30T12:00:00,DG-001,80.37,0.17,283.8,57.2,28.3,75.89,25.06,NORMAL,0
2026-08-30T13:00:00,DG-001,82.72,0.264,377.1,75.0,28.5,75.03,27.26,NORMAL,0
2026-08-30T14:00:00,DG-001,81.17,0.152,298.1,60.8,88.7,74.24,27.54,NORMAL,0
2026-08-30T15:00:00,DG-001,81.14,0.27,270.1,53.7,99.0,75.11,27.03,NORMAL,0
2026-08-30T16:00:00,DG-001,95.84,0.535,386.9,79.0,35.3,88.28,25.92,WARNING,0
2026-08-30T17:00:00,DG-001,81.0,0.192,350.0,69.6,58.6,76.0,27.69,NORMAL,0
2026-08-30T18:00:00,DG-001,83.7,0.227,381.2,77.0,37.1,77.17,27.18,NORMAL,0
2026-08-30T19:00:00,DG-001,82.33,0.182,373.4,74.5,54.7,76.97,27.63,NORMAL,0
2026-08-30T20:00:00,DG-001,98.23,0.452,421.7,92.4,59.4,89.16,25.88,WARNING,0
2026-08-30T21:00:00,DG-001,96.39,0.426,442.4,93.7,19.6,88.15,24.85,WARNING,0
2026-08-30T22:00:00,DG-001,95.7,0.567,350.0,76.3,56.6,86.27,23.38,WARNING,0
2026-08-30T23:00:00,DG-001,84.27,0.177,315.4,62.1,54.7,75.52,26.13,NORMAL,0
2026-08-31T00:00:00,DG-001,84.92,0.227,421.0,83.2,27.6,77.96,27.44,NORMAL,0
2026-08-31T01:00:00,DG-001,83.74,0.243,304.8,61.6,98.9,76.14,25.49,NORMAL,0
2026-08-31T02:00:00,DG-001,95.35,0.622,393.4,80.8,40.0,86.74,23.18,WARNING,0
2026-08-31T03:00:00,DG-001,106.12,1.336,400.8,88.0,14.2,101.89,21.35,FAILURE_PRECURSOR,1
2026-08-31T04:00:00,DG-001,107.81,1.496,476.8,107.6,48.7,105.02,22.45,FAILURE_PRECURSOR,1
2026-08-31T05:00:00,DG-001,80.73,0.235,318.3,61.4,63.7,76.2,25.58,NORMAL,0
2026-08-31T06:00:00,DG-001,80.55,0.215,301.8,61.5,69.7,75.37,26.99,NORMAL,0
2026-08-31T07:00:00,DG-001,96.83,0.423,397.7,80.1,68.8,93.22,25.47,WARNING,0
2026-08-31T08:00:00,DG-001,82.03,0.213,372.6,74.7,66.1,75.83,26.76,NORMAL,0
2026-08-31T09:00:00,DG-001,115.01,1.479,454.8,107.9,24.8,105.11,22.37,FAILURE_PRECURSOR,1
2026-08-31T10:00:00,DG-001,83.26,0.166,273.6,53.4,45.7,74.87,26.4,NORMAL,0
2026-08-31T11:00:00,DG-001,83.47,0.238,417.1,84.1,71.3,76.42,26.3,NORMAL,0
2026-08-31T12:00:00,DG-001,77.91,0.224,248.7,51.0,23.8,72.99,27.58,NORMAL,0
2026-08-31T13:00:00,DG-001,83.28,0.254,323.7,63.8,92.9,75.94,25.58,NORMAL,0
2026-08-31T14:00:00,DG-001,81.56,0.283,245.7,50.4,36.8,76.55,26.19,NORMAL,0
2026-08-31T15:00:00,DG-001,116.27,1.472,491.9,102.6,30.4,103.56,22.79,FAILURE_PRECURSOR,1
2026-08-31T16:00:00,DG-001,111.4,1.075,463.4,103.3,13.0,103.09,22.72,FAILURE_PRECURSOR,1
2026-08-31T17:00:00,DG-001,83.62,0.217,394.9,78.9,81.7,75.98,27.92,NORMAL,0
2026-08-31T18:00:00,DG-001,79.26,0.243,257.5,52.5,41.3,72.9,27.29,NORMAL,0
2026-08-31T19:00:00,DG-001,82.79,0.235,342.6,68.9,34.8,75.27,26.62,NORMAL,0
2026-08-31T20:00:00,DG-001,80.13,0.252,283.0,56.6,72.5,75.23,27.95,NORMAL,0
2026-08-31T21:00:00,DG-001,81.32,0.257,408.1,81.1,86.2,77.73,27.65,NORMAL,0
2026-08-31T22:00:00,DG-001,81.66,0.299,296.3,59.0,36.6,73.61,25.26,NORMAL,0
2026-08-31T23:00:00,DG-001,81.0,0.198,267.9,54.7,40.0,75.47,27.63,NORMAL,0
2026-09-01T00:00:00,DG-001,80.26,0.293,317.6,62.9,62.9,73.6,27.24,NORMAL,0
2026-09-01T01:00:00,DG-001,82.06,0.297,324.7,64.8,97.1,75.06,27.51,NORMAL,0
2026-09-01T02:00:00,DG-001,82.01,0.268,365.4,73.7,71.1,76.0,25.0,NORMAL,0
2026-09-01T03:00:00,DG-001,81.64,0.211,398.1,79.6,47.2,75.56,26.1,NORMAL,0
2026-09-01T04:00:00,DG-001,83.06,0.211,395.8,79.7,56.8,75.77,25.77,NORMAL,0
2026-09-01T05:00:00,DG-001,83.35,0.307,406.7,80.5,83.8,75.87,27.38,NORMAL,0
2026-09-01T06:00:00,DG-001,83.11,0.306,385.9,76.4,85.1,76.84,26.52,NORMAL,0
2026-09-01T07:00:00,DG-001,99.11,0.409,460.2,93.3,34.9,87.62,24.41,WARNING,0
2026-09-01T08:00:00,DG-001,80.47,0.298,383.0,77.5,89.8,76.5,25.98,NORMAL,0
2026-09-01T09:00:00,DG-001,84.36,0.259,316.7,63.1,37.5,76.85,26.37,NORMAL,0
2026-09-01T10:00:00,DG-001,80.57,0.212,271.9,54.8,47.8,74.38,26.35,NORMAL,0
2026-09-01T11:00:00,DG-001,82.69,0.179,350.0,71.3,95.3,76.47,27.16,NORMAL,0
2026-09-01T12:00:00,DG-001,101.22,0.628,411.6,81.1,33.7,87.71,25.66,WARNING,0
2026-09-01T13:00:00,DG-001,81.71,0.214,321.9,65.1,67.2,76.45,26.4,NORMAL,0
2026-09-01T14:00:00,DG-001,85.92,0.274,379.1,74.9,82.6,77.17,25.29,NORMAL,0
2026-09-01T15:00:00,DG-001,81.23,0.214,373.2,75.0,64.1,77.16,26.73,NORMAL,0
2026-09-01T16:00:00,DG-001,79.64,0.196,266.8,52.4,82.6,74.15,26.17,NORMAL,0
2026-09-01T17:00:00,DG-001,80.24,0.209,400.5,80.0,24.6,78.32,26.01,NORMAL,0
2026-09-01T18:00:00,DG-001,81.98,0.258,383.0,77.0,23.5,74.38,27.21,NORMAL,0
2026-09-01T19:00:00,DG-001,98.15,0.502,399.5,79.1,19.6,86.52,23.66,WARNING,0
2026-09-01T20:00:00,DG-001,81.52,0.199,267.0,53.4,73.5,73.63,27.15,NORMAL,0
2026-09-01T21:00:00,DG-001,82.38,0.237,316.8,63.0,60.7,75.42,27.0,NORMAL,0
2026-09-01T22:00:00,DG-001,84.86,0.256,376.7,75.6,91.9,75.44,26.23,NORMAL,0
2026-09-01T23:00:00,DG-001,111.23,0.921,436.0,104.6,39.8,104.55,22.61,FAILURE_PRECURSOR,1
2026-09-02T00:00:00,DG-001,94.13,0.566,422.6,92.2,61.5,86.99,24.21,WARNING,0
2026-09-02T01:00:00,DG-001,84.37,0.291,416.1,85.0,65.2,74.94,25.72,NORMAL,0
2026-09-02T02:00:00,DG-001,84.46,0.206,316.1,63.5,96.0,75.29,25.51,NORMAL,0
2026-09-02T03:00:00,DG-001,81.5,0.237,288.0,58.2,62.6,74.0,25.08,NORMAL,0
2026-09-02T04:00:00,DG-001,83.04,0.359,392.8,78.8,30.6,77.01,26.06,NORMAL,0
2026-09-02T05:00:00,DG-001,84.88,0.253,377.6,76.9,39.0,74.85,25.74,NORMAL,0
2026-09-02T06:00:00,DG-001,80.69,0.183,318.9,63.7,60.2,74.75,25.77,NORMAL,0
2026-09-02T07:00:00,DG-001,82.79,0.256,382.3,77.0,79.5,77.52,25.85,NORMAL,0
2026-09-02T08:00:00,DG-001,81.24,0.3,389.3,77.6,44.4,76.66,27.13,NORMAL,0
2026-09-02T09:00:00,DG-001,80.19,0.123,256.1,51.4,52.8,74.51,25.07,NORMAL,0
2026-09-02T10:00:00,DG-001,102.57,0.662,445.6,94.1,26.5,87.39,24.94,WARNING,0
2026-09-02T11:00:00,DG-001,115.89,1.233,419.8,104.4,35.8,107.59,20.8,FAILURE_PRECURSOR,1
2026-09-02T12:00:00,DG-001,81.97,0.304,323.0,66.1,22.0,75.04,25.44,NORMAL,0
2026-09-02T13:00:00,DG-001,81.5,0.26,398.0,80.8,21.6,77.89,26.48,NORMAL,0
2026-09-02T14:00:00,DG-001,81.76,0.335,408.0,81.6,78.9,78.19,25.51,NORMAL,0
2026-09-02T15:00:00,DG-001,94.68,0.455,401.1,76.8,65.1,86.8,24.91,WARNING,0
2026-09-02T16:00:00,DG-001,81.55,0.237,338.5,67.7,84.7,74.14,27.24,NORMAL,0
2026-09-02T17:00:00,DG-001,81.05,0.148,344.6,67.0,25.4,76.37,27.36,NORMAL,0
2026-09-02T18:00:00,DG-001,83.62,0.237,385.9,76.8,52.2,74.89,25.33,NORMAL,0
2026-09-02T19:00:00,DG-001,95.98,0.677,429.3,87.2,16.2,87.47,23.05,WARNING,0
2026-09-02T20:00:00,DG-001,83.58,0.195,404.7,81.9,27.3,74.81,25.72,NORMAL,0
2026-09-02T21:00:00,DG-001,79.69,0.284,353.8,71.0,60.1,75.99,27.78,NORMAL,0
2026-09-02T22:00:00,DG-001,76.44,0.186,321.3,62.7,86.2,73.73,26.59,NORMAL,0
2026-09-02T23:00:00,DG-001,84.05,0.25,290.8,58.1,47.4,73.55,27.89,NORMAL,0
2026-09-03T00:00:00,DG-001,111.79,1.6,410.2,89.8,35.6,103.17,22.96,FAILURE_PRECURSOR,1
2026-09-03T01:00:00,DG-001,97.35,0.593,397.9,84.4,51.5,86.75,23.76,WARNING,0
2026-09-03T02:00:00,DG-001,83.8,0.391,400.2,79.8,43.5,78.51,26.51,NORMAL,0
2026-09-03T03:00:00,DG-001,82.2,0.171,290.5,57.3,89.5,74.24,26.24,NORMAL,0
2026-09-03T04:00:00,DG-001,82.43,0.215,284.8,56.6,68.0,74.08,27.58,NORMAL,0
2026-09-03T05:00:00,DG-001,82.48,0.274,405.1,81.0,55.2,76.72,25.52,NORMAL,0
2026-09-03T06:00:00,DG-001,78.38,0.175,298.8,60.8,80.4,77.19,26.98,NORMAL,0
2026-09-03T07:00:00,DG-001,99.0,0.627,453.7,94.1,50.9,91.37,24.97,WARNING,0
2026-09-03T08:00:00,DG-001,79.0,0.161,296.7,61.0,93.3,75.09,26.55,NORMAL,0
2026-09-03T09:00:00,DG-001,82.04,0.198,285.0,57.8,45.9,73.11,27.92,NORMAL,0
2026-09-03T10:00:00,DG-001,80.86,0.244,298.0,59.9,69.3,74.97,25.59,NORMAL,0
2026-09-03T11:00:00,DG-001,83.11,0.19,367.2,73.3,79.6,76.01,26.4,NORMAL,0
2026-09-03T12:00:00,DG-001,82.0,0.215,261.7,50.5,61.1,72.26,26.27,NORMAL,0
2026-09-03T13:00:00,DG-001,100.58,0.67,417.0,84.6,40.9,88.5,24.81,WARNING,0
2026-09-03T14:00:00,DG-001,94.66,0.62,417.8,89.0,73.0,90.06,25.24,WARNING,0
2026-09-03T15:00:00,DG-001,95.85,0.656,407.0,84.8,60.1,92.06,23.36,WARNING,0
2026-09-03T16:00:00,DG-001,84.5,0.25,413.3,82.3,80.6,78.26,27.41,NORMAL,0
2026-09-03T17:00:00,DG-001,113.64,0.9,466.8,93.8,15.6,105.21,21.14,FAILURE_PRECURSOR,1
2026-09-03T18:00:00,DG-001,99.24,0.44,428.0,90.1,67.2,88.56,25.66,WARNING,0
2026-09-03T19:00:00,DG-001,79.37,0.248,285.4,55.5,97.0,74.73,25.77,NORMAL,0
2026-09-03T20:00:00,DG-001,80.07,0.175,291.7,58.3,56.8,74.63,26.34,NORMAL,0
2026-09-03T21:00:00,DG-001,93.45,0.682,401.7,85.1,36.2,87.41,24.97,WARNING,0
2026-09-03T22:00:00,DG-001,80.12,0.287,403.2,81.5,25.0,76.67,25.53,NORMAL,0
2026-09-03T23:00:00,DG-001,103.31,1.107,390.7,86.2,46.0,97.61,22.99,FAILURE_PRECURSOR,1
2026-09-04T00:00:00,DG-001,79.51,0.127,243.0,50.9,99.6,73.99,25.91,NORMAL,0
2026-09-04T01:00:00,DG-001,79.59,0.149,322.1,63.3,92.8,75.52,26.52,NORMAL,0
2026-09-04T02:00:00,DG-001,80.38,0.189,279.3,54.2,94.6,76.06,27.18,NORMAL,0
2026-09-04T03:00:00,DG-001,80.93,0.313,367.5,74.4,46.9,75.82,25.55,NORMAL,0
2026-09-04T04:00:00,DG-001,79.11,0.214,300.8,58.2,99.1,74.44,27.61,NORMAL,0
2026-09-04T05:00:00,DG-001,79.01,0.219,257.6,51.9,84.9,72.87,26.17,NORMAL,0
2026-09-04T06:00:00,DG-001,84.05,0.305,377.5,76.5,56.0,78.49,26.8,NORMAL,0
2026-09-04T07:00:00,DG-001,78.29,0.192,296.7,59.3,32.9,75.0,27.79,NORMAL,0
2026-09-04T08:00:00,DG-001,81.82,0.215,350.1,71.8,22.7,75.07,25.57,NORMAL,0
2026-09-04T09:00:00,DG-001,110.8,1.219,441.4,99.3,45.7,104.6,21.18,FAILURE_PRECURSOR,1
2026-09-04T10:00:00,DG-001,82.73,0.183,387.7,77.8,64.0,75.21,25.79,NORMAL,0
2026-09-04T11:00:00,DG-001,101.02,0.666,437.0,93.8,35.4,89.72,24.84,WARNING,0
2026-09-04T12:00:00,DG-001,79.4,0.153,296.7,59.0,25.2,75.73,26.19,NORMAL,0
2026-09-04T13:00:00,DG-001,81.95,0.226,420.4,85.0,97.2,76.27,26.72,NORMAL,0
2026-09-04T14:00:00,DG-001,80.28,0.214,321.4,64.3,48.5,74.62,25.86,NORMAL,0
2026-09-04T15:00:00,DG-001,97.53,0.637,396.8,83.7,28.6,88.51,25.91,WARNING,0
2026-09-04T16:00:00,DG-001,82.24,0.194,393.4,78.3,71.5,77.2,25.91,NORMAL,0
2026-09-04T17:00:00,DG-001,97.93,0.689,399.3,83.1,35.1,86.92,25.1,WARNING,0
2026-09-04T18:00:00,DG-001,81.26,0.182,318.6,62.3,67.2,74.16,27.8,NORMAL,0
2026-09-04T19:00:00,DG-001,76.52,0.149,261.3,50.7,98.9,75.42,26.57,NORMAL,0
2026-09-04T20:00:00,DG-001,98.08,0.577,421.0,89.6,18.5,88.78,23.06,WARNING,0
2026-09-04T21:00:00,DG-001,111.26,1.257,467.8,93.1,46.4,100.88,23.55,FAILURE_PRECURSOR,1
2026-09-04T22:00:00,DG-001,84.05,0.319,402.2,80.2,98.9,76.91,25.03,NORMAL,0
2026-09-04T23:00:00,DG-001,93.53,0.695,393.5,82.2,40.1,86.88,23.18,WARNING,0
2026-09-05T00:00:00,DG-001,80.96,0.253,311.0,61.1,98.7,73.49,27.05,NORMAL,0
2026-09-05T01:00:00,DG-001,80.94,0.232,372.3,76.3,75.6,74.49,26.26,NORMAL,0
2026-09-05T02:00:00,DG-001,83.37,0.285,406.6,83.4,98.8,77.99,26.07,NORMAL,0
2026-09-05T03:00:00,DG-001,82.14,0.193,322.8,64.4,93.4,74.98,26.12,NORMAL,0
2026-09-05T04:00:00,DG-001,107.55,1.546,480.1,104.3,8.0,103.97,21.87,FAILURE_PRECURSOR,1
2026-09-05T05:00:00,DG-001,81.87,0.275,277.8,54.4,59.7,74.71,27.34,NORMAL,0
2026-09-05T06:00:00,DG-001,110.54,1.354,478.5,106.4,32.4,103.22,23.46,FAILURE_PRECURSOR,1
2026-09-05T07:00:00,DG-001,84.19,0.256,422.4,83.4,45.4,78.02,26.97,NORMAL,0
2026-09-05T08:00:00,DG-001,83.68,0.212,357.7,72.0,52.7,75.55,25.6,NORMAL,0
2026-09-05T09:00:00,DG-001,105.41,0.851,434.6,95.4,43.0,106.4,23.4,FAILURE_PRECURSOR,1
2026-09-05T10:00:00,DG-001,83.62,0.234,378.8,75.7,24.5,75.48,25.25,NORMAL,0
2026-09-05T11:00:00,DG-001,110.53,1.151,473.0,106.1,32.0,105.44,21.72,FAILURE_PRECURSOR,1
2026-09-05T12:00:00,DG-001,97.12,0.436,364.0,76.0,77.9,85.29,23.4,WARNING,0
2026-09-05T13:00:00,DG-001,80.42,0.284,319.8,64.4,94.8,75.74,25.88,NORMAL,0
2026-09-05T14:00:00,DG-001,82.93,0.182,296.1,59.8,31.0,74.47,25.14,NORMAL,0
2026-09-05T15:00:00,DG-001,81.12,0.142,326.9,64.6,42.8,76.86,27.08,NORMAL,0
2026-09-05T16:00:00,DG-001,82.26,0.309,349.5,71.1,47.9,75.12,25.04,NORMAL,0
2026-09-05T17:00:00,DG-001,82.36,0.151,274.5,55.4,20.8,74.62,26.56,NORMAL,0
2026-09-05T18:00:00,DG-001,83.57,0.23,387.4,77.6,97.9,75.67,26.16,NORMAL,0
2026-09-05T19:00:00,DG-001,83.86,0.239,381.4,75.2,71.8,75.65,27.95,NORMAL,0
2026-09-05T20:00:00,DG-001,83.91,0.176,388.9,78.2,87.1,75.4,26.85,NORMAL,0
2026-09-05T21:00:00,DG-001,79.62,0.195,325.2,64.1,71.5,74.47,25.34,NORMAL,0
2026-09-05T22:00:00,DG-001,81.02,0.16,287.3,55.4,67.3,74.83,26.9,NORMAL,0
2026-09-05T23:00:00,DG-001,82.28,0.246,359.0,72.1,53.5,77.66,26.15,NORMAL,0
2026-09-06T00:00:00,DG-001,83.73,0.251,381.1,76.6,94.0,75.29,26.46,NORMAL,0
2026-09-06T01:00:00,DG-001,82.8,0.3,387.8,77.4,89.9,76.03,26.79,NORMAL,0
2026-09-06T02:00:00,DG-001,78.28,0.187,244.5,50.0,63.8,75.27,26.34,NORMAL,0
2026-09-06T03:00:00,DG-001,81.97,0.203,348.2,69.9,39.0,76.22,25.54,NORMAL,0
2026-09-06T04:00:00,DG-001,81.44,0.183,307.5,60.3,21.0,74.43,27.02,NORMAL,0
2026-09-06T05:00:00,DG-001,97.11,0.57,443.6,85.9,36.2,91.88,23.59,WARNING,0
2026-09-06T06:00:00,DG-001,83.62,0.216,365.6,73.7,47.9,76.73,26.68,NORMAL,0
2026-09-06T07:00:00,DG-001,82.86,0.265,392.2,78.2,58.4,76.95,26.7,NORMAL,0
2026-09-06T08:00:00,DG-001,83.21,0.114,274.4,52.9,48.3,74.33,25.58,NORMAL,0
2026-09-06T09:00:00,DG-001,81.07,0.244,284.0,56.5,61.9,74.01,26.64,NORMAL,0
2026-09-06T10:00:00,DG-001,114.55,1.459,441.3,100.5,37.3,104.52,23.0,FAILURE_PRECURSOR,1
2026-09-06T11:00:00,DG-001,82.75,0.288,284.7,55.9,76.7,73.06,25.83,NORMAL,0
2026-09-06T12:00:00,DG-001,112.3,1.216,486.5,108.6,5.3,108.13,23.13,FAILURE_PRECURSOR,1
2026-09-06T13:00:00,DG-001,96.59,0.46,398.7,86.9,76.1,85.96,24.6,WARNING,0
2026-09-06T14:00:00,DG-001,106.27,0.885,379.4,91.3,27.6,103.52,23.34,FAILURE_PRECURSOR,1
2026-09-06T15:00:00,DG-001,81.36,0.209,273.9,55.3,76.2,73.28,26.52,NORMAL,0
2026-09-06T16:00:00,DG-001,95.87,0.579,399.8,76.7,50.4,83.18,23.62,WARNING,0
2026-09-06T17:00:00,DG-001,80.93,0.19,257.5,51.6,98.4,73.37,26.31,NORMAL,0
2026-09-06T18:00:00,DG-001,81.45,0.18,316.5,62.8,91.6,73.41,25.67,NORMAL,0
2026-09-06T19:00:00,DG-001,81.93,0.2,311.8,63.2,79.4,74.05,26.92,NORMAL,0
2026-09-06T20:00:00,DG-001,80.33,0.279,356.5,71.4,90.7,77.22,26.72,NORMAL,0
2026-09-06T21:00:00,DG-001,82.36,0.306,371.2,74.4,94.3,75.11,25.42,NORMAL,0
2026-09-06T22:00:00,DG-001,81.31,0.261,328.6,63.8,35.1,74.14,26.77,NORMAL,0
2026-09-06T23:00:00,DG-001,80.0,0.242,311.2,61.1,87.3,75.0,26.28,NORMAL,0
2026-09-07T00:00:00,DG-001,107.39,1.427,381.2,92.2,35.5,102.14,20.77,FAILURE_PRECURSOR,1
2026-09-07T01:00:00,DG-001,82.44,0.261,330.4,66.3,93.2,75.5,26.76,NORMAL,0
2026-09-07T02:00:00,DG-001,83.95,0.197,390.9,77.8,87.9,76.42,26.53,NORMAL,0
2026-09-07T03:00:00,DG-001,83.71,0.112,326.2,64.7,41.2,75.16,25.24,NORMAL,0
2026-09-07T04:00:00,DG-001,107.03,1.027,436.6,96.1,16.3,107.2,23.48,FAILURE_PRECURSOR,1
2026-09-07T05:00:00,DG-001,82.97,0.266,349.5,69.9,95.7,74.45,27.09,NORMAL,0
2026-09-07T06:00:00,DG-001,79.96,0.22,284.4,58.5,65.8,76.39,27.2,NORMAL,0
2026-09-07T07:00:00,DG-001,82.4,0.253,397.3,79.5,80.4,74.73,25.3,NORMAL,0
2026-09-07T08:00:00,DG-001,78.96,0.254,295.3,57.9,78.0,75.16,27.9,NORMAL,0
2026-09-07T09:00:00,DG-001,82.22,0.217,403.3,81.6,98.2,77.38,26.85,NORMAL,0
2026-09-07T10:00:00,DG-001,83.36,0.251,398.3,78.9,24.6,76.35,26.59,NORMAL,0
2026-09-07T11:00:00,DG-001,78.89,0.071,259.6,50.2,20.6,73.84,26.97,NORMAL,0
2026-09-07T12:00:00,DG-001,83.93,0.196,404.5,82.0,41.8,75.07,26.21,NORMAL,0
2026-09-07T13:00:00,DG-001,84.02,0.255,372.7,73.8,64.8,75.84,27.1,NORMAL,0
2026-09-07T14:00:00,DG-001,80.77,0.242,275.8,55.4,52.5,73.87,26.64,NORMAL,0
2026-09-07T15:00:00,DG-001,84.21,0.188,384.1,76.6,60.6,76.61,27.08,NORMAL,0
2026-09-07T16:00:00,DG-001,80.3,0.276,388.3,77.6,62.5,76.36,25.74,NORMAL,0
2026-09-07T17:00:00,DG-001,81.16,0.278,318.2,63.1,72.0,75.89,26.99,NORMAL,0
2026-09-07T18:00:00,DG-001,82.84,0.257,382.5,77.0,78.6,77.63,27.55,NORMAL,0
2026-09-07T19:00:00,DG-001,83.85,0.297,368.2,71.6,27.5,76.23,26.07,NORMAL,0
2026-09-07T20:00:00,DG-001,110.12,1.074,475.0,103.2,29.2,104.96,21.09,FAILURE_PRECURSOR,1
2026-09-07T21:00:00,DG-001,84.04,0.344,425.7,84.8,82.9,76.97,27.89,NORMAL,0
2026-09-07T22:00:00,DG-001,99.91,0.628,391.7,83.0,16.8,89.86,25.4,WARNING,0
2026-09-07T23:00:00,DG-001,99.93,0.606,375.5,81.5,87.1,91.24,25.24,WARNING,0
2026-09-08T00:00:00,DG-001,83.92,0.229,372.5,76.2,59.7,74.0,27.32,NORMAL,0
2026-09-08T01:00:00,DG-001,85.77,0.333,428.4,84.8,24.7,77.1,25.55,NORMAL,0
2026-09-08T02:00:00,DG-001,83.46,0.183,344.3,69.8,84.6,76.28,25.9,NORMAL,0
2026-09-08T03:00:00,DG-001,98.07,0.543,440.4,91.3,71.6,87.65,25.71,WARNING,0
2026-09-08T04:00:00,DG-001,83.93,0.209,398.7,82.0,40.8,77.17,26.31,NORMAL,0
2026-09-08T05:00:00,DG-001,83.83,0.306,359.5,70.3,43.1,75.14,26.69,NORMAL,0
2026-09-08T06:00:00,DG-001,85.64,0.205,353.1,71.2,39.7,74.25,25.35,NORMAL,0
2026-09-08T07:00:00,DG-001,79.11,0.192,315.6,62.3,59.9,74.23,25.04,NORMAL,0
2026-09-08T08:00:00,DG-001,81.07,0.181,288.3,56.7,42.8,75.17,25.12,NORMAL,0
2026-09-08T09:00:00,DG-001,80.04,0.206,301.3,59.2,82.3,75.92,26.43,NORMAL,0
2026-09-08T10:00:00,DG-001,76.66,0.172,291.3,56.6,72.5,73.95,26.59,NORMAL,0
2026-09-08T11:00:00,DG-001,80.13,0.297,325.2,65.7,52.2,74.45,25.22,NORMAL,0
2026-09-08T12:00:00,DG-001,81.89,0.287,339.0,67.4,94.7,75.05,27.51,NORMAL,0
2026-09-08T13:00:00,DG-001,98.41,0.661,467.2,91.1,33.7,89.48,23.86,WARNING,0
2026-09-08T14:00:00,DG-001,80.24,0.171,378.7,75.7,89.0,76.67,27.96,NORMAL,0
2026-09-08T15:00:00,DG-001,79.01,0.117,246.0,50.3,73.0,75.67,27.48,NORMAL,0
2026-09-08T16:00:00,DG-001,82.19,0.247,389.4,77.5,73.0,77.29,26.71,NORMAL,0
2026-09-08T17:00:00,DG-001,81.67,0.299,351.9,69.8,56.3,76.2,25.6,NORMAL,0
2026-09-08T18:00:00,DG-001,97.59,0.478,438.3,91.6,76.0,87.93,24.19,WARNING,0
2026-09-08T19:00:00,DG-001,80.99,0.306,353.0,70.4,86.6,74.28,27.67,NORMAL,0
2026-09-08T20:00:00,DG-001,79.55,0.189,264.8,53.3,76.8,73.42,27.26,NORMAL,0
2026-09-08T21:00:00,DG-001,81.58,0.235,423.5,84.2,53.7,75.84,25.22,NORMAL,0
2026-09-08T22:00:00,DG-001,82.24,0.152,302.9,60.7,57.3,72.93,26.3,NORMAL,0
2026-09-08T23:00:00,DG-001,78.88,0.18,264.7,53.3,88.7,73.09,27.68,NORMAL,0
2026-09-09T00:00:00,DG-001,80.75,0.235,336.2,66.6,44.5,75.63,27.82,NORMAL,0
2026-09-09T01:00:00,DG-001,80.83,0.261,280.8,53.6,47.2,73.26,27.13,NORMAL,0
2026-09-09T02:00:00,DG-001,81.25,0.183,373.1,74.9,70.4,76.34,26.71,NORMAL,0
2026-09-09T03:00:00,DG-001,83.46,0.28,389.1,79.5,34.3,76.44,26.27,NORMAL,0
2026-09-09T04:00:00,DG-001,83.04,0.287,400.4,77.7,55.2,75.76,27.58,NORMAL,0
2026-09-09T05:00:00,DG-001,83.84,0.249,383.4,75.6,98.0,77.42,27.65,NORMAL,0
2026-09-09T06:00:00,DG-001,81.78,0.248,360.6,70.8,35.4,78.05,26.07,NORMAL,0
2026-09-09T07:00:00,DG-001,80.24,0.287,355.3,71.3,64.5,75.0,27.91,NORMAL,0
2026-09-09T08:00:00,DG-001,81.45,0.284,408.5,80.1,94.1,77.64,26.16,NORMAL,0
2026-09-09T09:00:00,DG-001,80.55,0.312,305.4,61.8,89.5,74.79,26.47,NORMAL,0
2026-09-09T10:00:00,DG-001,80.03,0.265,398.8,78.9,66.7,76.3,27.55,NORMAL,0
2026-09-09T11:00:00,DG-001,95.26,0.512,474.7,92.9,49.9,88.45,23.33,WARNING,0
2026-09-09T12:00:00,DG-001,84.71,0.33,402.3,79.7,43.3,77.42,25.65,NORMAL,0
2026-09-09T13:00:00,DG-001,83.88,0.265,421.2,82.2,83.8,74.66,27.37,NORMAL,0
2026-09-09T14:00:00,DG-001,80.5,0.138,307.7,60.1,81.1,77.51,27.95,NORMAL,0
2026-09-09T15:00:00,DG-001,79.06,0.166,298.4,60.3,62.7,76.03,26.48,NORMAL,0
2026-09-09T16:00:00,DG-001,81.81,0.24,307.0,61.3,79.0,74.46,26.9,NORMAL,0
2026-09-09T17:00:00,DG-001,82.79,0.226,406.1,80.7,66.8,76.88,25.79,NORMAL,0
2026-09-09T18:00:00,DG-001,81.66,0.296,399.8,79.8,91.4,78.74,25.78,NORMAL,0
2026-09-09T19:00:00,DG-001,83.48,0.248,333.5,66.4,85.8,74.24,25.02,NORMAL,0
2026-09-09T20:00:00,DG-001,81.69,0.257,373.3,75.2,58.5,75.23,27.66,NORMAL,0
2026-09-09T21:00:00,DG-001,110.61,1.533,409.1,86.2,21.0,102.86,23.27,FAILURE_PRECURSOR,1
2026-09-09T22:00:00,DG-001,82.37,0.238,400.6,79.9,37.5,75.66,26.44,NORMAL,0
2026-09-09T23:00:00,DG-001,82.71,0.3,389.6,78.5,98.4,77.31,27.54,NORMAL,0
2026-09-10T00:00:00,DG-001,83.61,0.208,389.7,76.9,90.3,74.98,27.74,NORMAL,0
2026-09-10T01:00:00,DG-001,81.2,0.272,336.2,67.9,69.5,75.41,27.58,NORMAL,0
2026-09-10T02:00:00,DG-001,79.9,0.254,256.4,52.5,59.9,74.06,26.06,NORMAL,0
2026-09-10T03:00:00,DG-001,81.04,0.178,330.1,65.9,48.4,75.68,26.38,NORMAL,0
2026-09-10T04:00:00,DG-001,80.02,0.217,272.5,56.1,32.5,74.11,25.45,NORMAL,0
2026-09-10T05:00:00,DG-001,78.02,0.315,318.0,63.3,32.8,74.36,26.69,NORMAL,0
2026-09-10T06:00:00,DG-001,108.37,1.536,450.5,95.8,23.0,102.61,22.59,FAILURE_PRECURSOR,1
2026-09-10T07:00:00,DG-001,94.73,0.509,397.5,83.7,64.6,88.75,24.91,WARNING,0
2026-09-10T08:00:00,DG-001,84.73,0.26,311.4,61.0,89.0,74.62,27.79,NORMAL,0
2026-09-10T09:00:00,DG-001,79.38,0.202,262.8,52.6,20.3,75.45,26.49,NORMAL,0
2026-09-10T10:00:00,DG-001,84.17,0.34,396.8,78.7,46.5,76.55,26.84,NORMAL,0
2026-09-10T11:00:00,DG-001,81.52,0.184,364.9,72.6,33.8,75.14,27.7,NORMAL,0
2026-09-10T12:00:00,DG-001,80.82,0.214,300.6,59.7,50.7,75.53,25.13,NORMAL,0
2026-09-10T13:00:00,DG-001,85.85,0.287,424.7,84.6,70.5,75.66,26.55,NORMAL,0
2026-09-10T14:00:00,DG-001,81.05,0.281,400.0,78.7,63.6,78.53,27.65,NORMAL,0
2026-09-10T15:00:00,DG-001,82.37,0.263,321.9,65.3,55.3,74.44,26.41,NORMAL,0
2026-09-10T16:00:00,DG-001,80.81,0.26,391.5,77.1,33.6,75.63,25.38,NORMAL,0
2026-09-10T17:00:00,DG-001,96.3,0.433,453.1,84.6,23.4,91.24,24.58,WARNING,0
2026-09-10T18:00:00,DG-001,107.12,1.155,396.3,87.1,29.8,104.14,21.34,FAILURE_PRECURSOR,1
2026-09-10T19:00:00,DG-001,83.83,0.223,424.6,83.5,54.8,75.58,27.36,NORMAL,0
2026-09-10T20:00:00,DG-001,82.02,0.24,405.0,81.7,68.1,75.28,26.76,NORMAL,0
2026-09-10T21:00:00,DG-001,79.29,0.193,272.8,55.1,73.6,75.55,25.65,NORMAL,0
2026-09-10T22:00:00,DG-001,81.4,0.269,371.6,73.0,54.6,75.24,27.42,NORMAL,0
2026-09-10T23:00:00,DG-001,81.67,0.323,415.8,82.6,59.8,78.93,25.57,NORMAL,0
2026-09-11T00:00:00,DG-001,79.57,0.179,318.4,62.1,37.9,73.86,26.95,NORMAL,0
2026-09-11T01:00:00,DG-001,97.73,0.568,378.6,86.1,74.5,89.49,25.9,WARNING,0
2026-09-11T02:00:00,DG-001,94.17,0.494,401.2,79.1,83.9,89.52,23.4,WARNING,0
2026-09-11T03:00:00,DG-001,81.01,0.205,272.9,53.3,39.2,74.2,27.78,NORMAL,0
2026-09-11T04:00:00,DG-001,84.54,0.427,420.6,84.8,88.6,77.34,26.43,NORMAL,0
2026-09-11T05:00:00,DG-001,83.16,0.225,372.3,73.6,26.6,77.12,26.78,NORMAL,0
2026-09-11T06:00:00,DG-001,95.61,0.657,383.3,87.3,15.3,90.22,24.11,WARNING,0
2026-09-11T07:00:00,DG-001,78.45,0.209,270.8,54.6,61.7,73.73,27.73,NORMAL,0
2026-09-11T08:00:00,DG-001,100.84,0.409,431.5,85.1,47.7,90.15,24.47,WARNING,0
2026-09-11T09:00:00,DG-001,81.09,0.171,316.9,63.3,72.1,73.59,25.18,NORMAL,0
2026-09-11T10:00:00,DG-001,110.31,1.003,447.4,103.7,9.5,105.36,22.13,FAILURE_PRECURSOR,1
2026-09-11T11:00:00,DG-001,98.34,0.562,352.3,76.1,16.5,87.41,23.01,WARNING,0
2026-09-11T12:00:00,DG-001,83.44,0.29,377.3,76.3,70.1,76.47,26.23,NORMAL,0
2026-09-11T13:00:00,DG-001,82.62,0.29,348.8,70.9,53.8,74.77,26.33,NORMAL,0
2026-09-11T14:00:00,DG-001,83.27,0.354,365.0,73.3,22.4,75.0,25.72,NORMAL,0
2026-09-11T15:00:00,DG-001,82.3,0.292,421.5,84.5,77.9,75.41,25.04,NORMAL,0
2026-09-11T16:00:00,DG-001,81.59,0.251,288.6,58.0,58.5,74.93,25.51,NORMAL,0
2026-09-11T17:00:00,DG-001,81.21,0.183,328.3,66.5,87.7,74.41,26.83,NORMAL,0
2026-09-11T18:00:00,DG-001,98.65,0.596,352.8,78.3,36.4,88.92,24.17,WARNING,0
2026-09-11T19:00:00,DG-001,83.37,0.287,393.6,78.1,58.3,76.23,26.69,NORMAL,0
2026-09-11T20:00:00,DG-001,97.68,0.661,369.7,78.7,88.0,90.44,23.4,WARNING,0
2026-09-11T21:00:00,DG-001,96.2,0.668,397.6,83.1,88.3,89.75,25.84,WARNING,0
2026-09-11T22:00:00,DG-001,80.03,0.101,269.2,52.3,64.1,73.21,25.55,NORMAL,0
2026-09-11T23:00:00,DG-001,80.82,0.167,288.0,55.6,92.9,74.47,26.49,NORMAL,0
2026-09-12T00:00:00,DG-001,81.58,0.097,250.7,50.8,35.1,73.55,27.41,NORMAL,0
2026-09-12T01:00:00,DG-001,83.27,0.389,418.7,83.4,85.8,74.45,27.2,NORMAL,0
2026-09-12T02:00:00,DG-001,81.41,0.3,388.8,77.7,81.8,77.26,26.44,NORMAL,0
2026-09-12T03:00:00,DG-001,82.7,0.347,378.5,74.6,69.5,75.39,27.67,NORMAL,0
2026-09-12T04:00:00,DG-001,82.79,0.31,366.5,73.5,90.0,74.89,25.89,NORMAL,0
2026-09-12T05:00:00,DG-001,83.09,0.209,357.4,70.2,29.1,75.59,25.56,NORMAL,0
2026-09-12T06:00:00,DG-001,81.45,0.135,286.9,56.4,99.7,74.24,25.68,NORMAL,0
2026-09-12T07:00:00,DG-001,82.14,0.184,338.4,68.0,27.8,73.88,26.28,NORMAL,0
2026-09-12T08:00:00,DG-001,93.66,0.446,395.8,82.6,48.5,90.54,23.93,WARNING,0
2026-09-12T09:00:00,DG-001,82.49,0.215,428.7,84.8,49.6,77.63,26.28,NORMAL,0
2026-09-12T10:00:00,DG-001,106.12,1.22,406.1,85.3,29.1,105.25,21.47,FAILURE_PRECURSOR,1
2026-09-12T11:00:00,DG-001,83.36,0.249,346.4,68.7,73.3,75.0,27.15,NORMAL,0
2026-09-12T12:00:00,DG-001,82.43,0.217,319.4,62.9,81.0,75.27,25.65,NORMAL,0
2026-09-12T13:00:00,DG-001,97.37,0.557,454.9,91.6,36.3,87.64,23.9,WARNING,0
2026-09-12T14:00:00,DG-001,80.34,0.278,358.8,72.8,49.0,74.9,27.24,NORMAL,0
2026-09-12T15:00:00,DG-001,79.73,0.15,287.5,57.0,34.1,74.18,27.37,NORMAL,0
2026-09-12T16:00:00,DG-001,78.43,0.121,252.4,51.1,22.4,73.9,27.96,NORMAL,0
2026-09-12T17:00:00,DG-001,79.23,0.16,312.3,63.0,98.5,75.52,25.84,NORMAL,0
2026-09-12T18:00:00,DG-001,96.9,0.637,386.7,80.3,47.0,87.1,24.07,WARNING,0
2026-09-12T19:00:00,DG-001,83.71,0.287,333.4,67.6,24.7,77.0,25.35,NORMAL,0
2026-09-12T20:00:00,DG-001,82.96,0.254,374.5,73.4,52.3,74.48,27.66,NORMAL,0
2026-09-12T21:00:00,DG-001,85.32,0.276,412.1,82.3,85.7,77.28,25.33,NORMAL,0
2026-09-12T22:00:00,DG-001,95.02,0.654,415.0,77.3,53.8,86.92,24.81,WARNING,0
2026-09-12T23:00:00,DG-001,106.43,0.865,544.4,109.0,8.0,104.08,21.89,FAILURE_PRECURSOR,1
2026-09-13T00:00:00,DG-001,83.65,0.218,276.4,56.1,88.7,74.1,27.4,NORMAL,0
2026-09-13T01:00:00,DG-001,81.4,0.226,320.4,64.7,95.7,76.46,26.81,NORMAL,0
2026-09-13T02:00:00,DG-001,79.86,0.207,327.1,65.9,28.4,75.57,25.18,NORMAL,0
2026-09-13T03:00:00,DG-001,81.17,0.266,356.4,71.9,65.4,75.35,25.35,NORMAL,0
2026-09-13T04:00:00,DG-001,110.43,1.18,502.2,102.1,20.0,105.46,21.84,FAILURE_PRECURSOR,1
2026-09-13T05:00:00,DG-001,83.24,0.26,387.3,78.7,20.9,77.63,25.25,NORMAL,0
2026-09-13T06:00:00,DG-001,82.71,0.25,336.4,65.9,99.7,74.46,27.89,NORMAL,0
2026-09-13T07:00:00,DG-001,83.06,0.297,373.2,73.4,55.7,77.4,25.85,NORMAL,0
2026-09-13T08:00:00,DG-001,77.55,0.199,307.2,60.1,80.9,73.62,26.42,NORMAL,0
2026-09-13T09:00:00,DG-001,82.22,0.197,355.3,69.5,76.6,74.88,26.75,NORMAL,0
2026-09-13T10:00:00,DG-001,80.63,0.185,297.2,59.9,75.3,74.7,25.48,NORMAL,0
2026-09-13T11:00:00,DG-001,106.29,1.514,417.7,86.8,45.8,104.47,20.62,FAILURE_PRECURSOR,1
2026-09-13T12:00:00,DG-001,110.97,0.977,485.7,107.7,7.3,105.52,21.39,FAILURE_PRECURSOR,1
2026-09-13T13:00:00,DG-001,82.25,0.362,349.2,69.7,64.0,74.55,27.6,NORMAL,0
2026-09-13T14:00:00,DG-001,79.87,0.154,270.3,52.4,61.2,74.73,25.55,NORMAL,0
2026-09-13T15:00:00,DG-001,98.09,0.646,436.6,92.0,46.8,88.91,25.84,WARNING,0
2026-09-13T16:00:00,DG-001,81.12,0.158,279.8,55.8,68.1,73.92,27.32,NORMAL,0
2026-09-13T17:00:00,DG-001,97.45,0.648,379.7,80.3,29.9,90.03,24.37,WARNING,0
2026-09-13T18:00:00,DG-001,80.77,0.156,287.3,57.6,37.9,74.75,25.35,NORMAL,0
2026-09-13T19:00:00,DG-001,109.55,1.269,449.9,99.4,24.0,107.36,20.89,FAILURE_PRECURSOR,1
2026-09-13T20:00:00,DG-001,96.99,0.498,430.4,92.4,88.4,86.9,25.68,WARNING,0
2026-09-13T21:00:00,DG-001,84.42,0.311,416.9,84.0,59.1,75.56,25.96,NORMAL,0
2026-09-13T22:00:00,DG-001,100.61,0.59,429.3,92.4,60.4,90.6,25.22,WARNING,0
2026-09-13T23:00:00,DG-001,85.5,0.27,420.0,83.3,63.7,76.71,25.42,NORMAL,0
2026-09-14T00:00:00,DG-001,80.35,0.124,283.9,56.9,93.9,75.87,26.68,NORMAL,0
2026-09-14T01:00:00,DG-001,96.0,0.618,356.7,76.0,59.3,86.71,24.18,WARNING,0
2026-09-14T02:00:00,DG-001,96.37,0.581,484.5,94.7,54.3,89.55,25.0,WARNING,0
2026-09-14T03:00:00,DG-001,78.56,0.176,332.6,67.2,75.8,75.96,26.3,NORMAL,0
2026-09-14T04:00:00,DG-001,84.26,0.218,349.7,69.1,31.2,75.87,27.2,NORMAL,0
2026-09-14T05:00:00,DG-001,78.09,0.115,256.4,51.6,35.4,74.44,26.93,NORMAL,0
2026-09-14T06:00:00,DG-001,112.57,1.043,482.4,98.2,28.8,105.33,22.04,FAILURE_PRECURSOR,1
2026-09-14T07:00:00,DG-001,98.01,0.517,347.9,76.2,60.9,90.18,23.61,WARNING,0
2026-09-14T08:00:00,DG-001,96.76,0.694,392.6,84.3,28.5,87.26,23.72,WARNING,0
2026-09-14T09:00:00,DG-001,82.1,0.225,319.2,64.0,26.8,75.45,26.93,NORMAL,0
2026-09-14T10:00:00,DG-001,98.67,0.548,432.6,85.7,41.8,88.98,23.19,WARNING,0
2026-09-14T11:00:00,DG-001,113.53,1.112,412.6,90.3,44.6,102.71,20.76,FAILURE_PRECURSOR,1
2026-09-14T12:00:00,DG-001,96.89,0.515,359.8,81.1,16.0,86.97,24.96,WARNING,0
2026-09-14T13:00:00,DG-001,96.89,0.633,404.8,81.0,60.6,87.29,24.92,WARNING,0
2026-09-14T14:00:00,DG-001,82.97,0.178,326.6,66.4,72.0,74.82,27.8,NORMAL,0
2026-09-14T15:00:00,DG-001,80.29,0.201,260.9,52.2,52.5,73.67,26.97,NORMAL,0
2026-09-14T16:00:00,DG-001,80.8,0.193,271.8,54.8,46.0,72.88,25.25,NORMAL,0
2026-09-14T17:00:00,DG-001,81.23,0.237,354.6,70.4,69.5,76.87,26.24,NORMAL,0
2026-09-14T18:00:00,DG-001,106.41,1.199,460.5,97.5,7.9,106.31,22.06,FAILURE_PRECURSOR,1
2026-09-14T19:00:00,DG-001,108.05,1.047,449.4,94.4,49.1,102.59,21.01,FAILURE_PRECURSOR,1
2026-09-14T20:00:00,DG-001,84.52,0.302,387.5,76.7,83.7,76.14,27.26,NORMAL,0
2026-09-14T21:00:00,DG-001,113.2,1.514,457.5,102.8,10.5,104.95,20.35,FAILURE_PRECURSOR,1
2026-09-14T22:00:00,DG-001,112.74,0.895,410.4,91.8,48.2,102.39,20.25,FAILURE_PRECURSOR,1
2026-09-14T23:00:00,DG-001,97.93,0.661,450.8,92.6,84.4,88.49,25.18,WARNING,0
2026-09-15T00:00:00,DG-001,79.91,0.185,317.4,64.5,71.7,75.61,26.39,NORMAL,0
2026-09-15T01:00:00,DG-001,82.19,0.239,294.9,59.0,29.1,73.51,26.71,NORMAL,0
2026-09-15T02:00:00,DG-001,83.23,0.257,398.3,79.0,89.8,75.1,27.41,NORMAL,0
2026-09-15T03:00:00,DG-001,81.72,0.157,296.1,56.8,51.3,75.1,25.06,NORMAL,0
2026-09-15T04:00:00,DG-001,82.47,0.333,398.8,80.2,27.8,76.55,26.91,NORMAL,0
2026-09-15T05:00:00,DG-001,80.6,0.168,349.1,70.1,58.9,74.99,27.9,NORMAL,0
2026-09-15T06:00:00,DG-001,78.89,0.232,361.9,72.0,93.8,74.79,27.25,NORMAL,0
2026-09-15T07:00:00,DG-001,80.62,0.244,261.3,52.3,47.5,74.73,26.25,NORMAL,0
2026-09-15T08:00:00,DG-001,81.34,0.209,314.0,63.3,97.9,75.94,25.28,NORMAL,0
2026-09-15T09:00:00,DG-001,80.95,0.275,343.5,68.5,89.3,76.68,26.0,NORMAL,0
2026-09-15T10:00:00,DG-001,79.48,0.245,354.9,71.5,42.2,75.46,25.73,NORMAL,0
2026-09-15T11:00:00,DG-001,81.74,0.149,269.8,53.9,86.7,72.96,26.52,NORMAL,0
2026-09-15T12:00:00,DG-001,82.83,0.268,418.0,82.1,53.6,75.67,26.43,NORMAL,0
2026-09-15T13:00:00,DG-001,80.74,0.261,300.2,60.0,62.5,74.81,27.36,NORMAL,0
2026-09-15T14:00:00,DG-001,100.02,0.408,411.4,86.2,15.9,86.02,25.14,WARNING,0
2026-09-15T15:00:00,DG-001,79.68,0.194,304.8,62.1,88.9,75.58,27.35,NORMAL,0
2026-09-15T16:00:00,DG-001,80.17,0.295,349.1,68.4,33.5,76.42,25.29,NORMAL,0
2026-09-15T17:00:00,DG-001,82.81,0.164,322.1,66.7,70.9,76.58,25.97,NORMAL,0
2026-09-15T18:00:00,DG-001,80.02,0.273,389.7,76.5,65.9,75.28,27.98,NORMAL,0
2026-09-15T19:00:00,DG-001,84.77,0.242,356.6,72.9,50.6,75.88,25.09,NORMAL,0
2026-09-15T20:00:00,DG-001,78.76,0.284,299.4,60.2,77.7,74.36,26.26,NORMAL,0
2026-09-15T21:00:00,DG-001,83.8,0.356,405.0,79.9,26.8,76.03,26.75,NORMAL,0
2026-09-15T22:00:00,DG-001,81.16,0.273,288.3,57.4,35.2,74.96,25.43,NORMAL,0
2026-09-15T23:00:00,DG-001,106.3,0.958,362.5,85.2,9.6,101.69,21.45,FAILURE_PRECURSOR,1
2026-09-16T00:00:00,DG-001,82.83,0.244,322.0,64.0,23.2,73.29,26.11,NORMAL,0
2026-09-16T01:00:00,DG-001,100.06,0.628,412.1,87.7,75.8,87.11,24.16,WARNING,0
2026-09-16T02:00:00,DG-001,79.9,0.203,269.0,54.1,90.2,74.77,25.84,NORMAL,0
2026-09-16T03:00:00,DG-001,80.41,0.15,323.0,63.8,32.8,74.94,25.93,NORMAL,0
2026-09-16T04:00:00,DG-001,80.23,0.244,254.2,52.0,23.3,73.65,26.57,NORMAL,0
2026-09-16T05:00:00,DG-001,83.52,0.26,346.2,69.3,95.8,74.74,25.86,NORMAL,0
2026-09-16T06:00:00,DG-001,82.49,0.223,316.1,65.4,68.2,75.97,25.7,NORMAL,0
2026-09-16T07:00:00,DG-001,79.15,0.311,291.8,58.8,47.4,76.38,27.93,NORMAL,0
2026-09-16T08:00:00,DG-001,97.46,0.661,370.8,76.9,65.0,89.97,25.46,WARNING,0
2026-09-16T09:00:00,DG-001,83.21,0.206,411.7,83.1,22.8,75.75,26.9,NORMAL,0
2026-09-16T10:00:00,DG-001,110.79,1.412,401.5,92.0,21.2,102.43,23.08,FAILURE_PRECURSOR,1
2026-09-16T11:00:00,DG-001,111.55,1.469,476.6,101.8,31.9,108.25,22.87,FAILURE_PRECURSOR,1
2026-09-16T12:00:00,DG-001,82.93,0.175,319.9,62.1,62.0,76.27,27.54,NORMAL,0
2026-09-16T13:00:00,DG-001,81.04,0.136,248.1,50.4,63.1,74.32,27.46,NORMAL,0
2026-09-16T14:00:00,DG-001,81.2,0.277,341.6,70.1,48.4,74.2,27.58,NORMAL,0
2026-09-16T15:00:00,DG-001,80.43,0.238,287.6,57.5,41.5,74.46,27.39,NORMAL,0
2026-09-16T16:00:00,DG-001,82.32,0.174,272.5,56.0,81.0,72.37,27.37,NORMAL,0
2026-09-16T17:00:00,DG-001,81.23,0.288,316.3,64.5,33.2,76.22,25.18,NORMAL,0
2026-09-16T18:00:00,DG-001,81.4,0.272,319.2,62.4,81.6,75.98,26.59,NORMAL,0
2026-09-16T19:00:00,DG-001,100.03,0.627,407.7,82.0,69.6,87.3,25.95,WARNING,0
2026-09-16T20:00:00,DG-001,102.24,0.671,415.8,83.8,61.3,89.67,23.26,WARNING,0
2026-09-16T21:00:00,DG-001,80.9,0.255,354.5,73.4,60.2,77.42,27.33,NORMAL,0
2026-09-16T22:00:00,DG-001,84.54,0.197,378.1,75.2,78.1,75.54,27.36,NORMAL,0
2026-09-16T23:00:00,DG-001,83.22,0.296,427.5,84.6,67.9,76.95,26.48,NORMAL,0
2026-09-17T00:00:00,DG-001,79.48,0.32,369.0,72.7,81.8,75.93,27.59,NORMAL,0
2026-09-17T01:00:00,DG-001,85.13,0.201,378.7,77.5,86.4,76.79,26.36,NORMAL,0
2026-09-17T02:00:00,DG-001,101.73,1.191,360.9,90.1,34.9,104.05,23.32,FAILURE_PRECURSOR,1
2026-09-17T03:00:00,DG-001,83.09,0.311,375.3,74.3,49.6,75.88,27.31,NORMAL,0
2026-09-17T04:00:00,DG-001,109.37,0.801,444.6,97.9,5.9,108.62,21.27,FAILURE_PRECURSOR,1
2026-09-17T05:00:00,DG-001,82.74,0.234,282.1,55.7,69.7,73.42,27.7,NORMAL,0
2026-09-17T06:00:00,DG-001,96.45,0.613,369.9,79.1,45.8,88.27,24.89,WARNING,0
2026-09-17T07:00:00,DG-001,96.91,0.644,359.4,78.1,88.8,87.21,23.49,WARNING,0
2026-09-17T08:00:00,DG-001,79.45,0.142,284.2,56.1,25.4,75.17,27.96,NORMAL,0
2026-09-17T09:00:00,DG-001,95.59,0.696,384.9,81.3,66.7,86.76,23.79,WARNING,0
2026-09-17T10:00:00,DG-001,99.46,0.563,470.6,92.0,27.8,89.75,25.33,WARNING,0
2026-09-17T11:00:00,DG-001,80.14,0.214,305.6,62.0,69.7,75.14,27.74,NORMAL,0
2026-09-17T12:00:00,DG-001,109.03,1.039,411.5,91.1,17.3,104.62,21.46,FAILURE_PRECURSOR,1
2026-09-17T13:00:00,DG-001,108.29,1.188,463.7,103.9,6.1,101.58,21.99,FAILURE_PRECURSOR,1
2026-09-17T14:00:00,DG-001,110.31,1.361,433.5,98.6,45.7,106.81,20.37,FAILURE_PRECURSOR,1
2026-09-17T15:00:00,DG-001,81.83,0.209,385.1,77.6,45.0,76.81,27.29,NORMAL,0
2026-09-17T16:00:00,DG-001,81.13,0.224,287.3,56.6,44.3,75.69,27.0,NORMAL,0
2026-09-17T17:00:00,DG-001,81.06,0.163,279.8,56.1,76.0,73.46,27.59,NORMAL,0
2026-09-17T18:00:00,DG-001,97.46,0.64,362.3,76.7,81.4,85.62,23.03,WARNING,0
2026-09-17T19:00:00,DG-001,83.69,0.263,345.5,68.3,76.3,74.49,25.35,NORMAL,0
2026-09-17T20:00:00,DG-001,108.52,0.837,362.1,87.1,16.2,102.71,21.92,FAILURE_PRECURSOR,1
2026-09-17T21:00:00,DG-001,81.06,0.125,341.5,68.2,81.2,76.21,27.83,NORMAL,0
2026-09-17T22:00:00,DG-001,81.11,0.232,408.2,81.3,44.0,75.49,26.47,NORMAL,0
2026-09-17T23:00:00,DG-001,84.22,0.228,387.6,76.9,26.2,75.74,27.43,NORMAL,0
2026-09-18T00:00:00,DG-001,95.98,0.568,447.4,93.5,34.4,89.12,23.33,WARNING,0
2026-09-18T01:00:00,DG-001,96.7,0.662,338.0,76.1,65.7,88.81,24.75,WARNING,0
2026-09-18T02:00:00,DG-001,94.89,0.559,370.1,75.5,40.6,88.04,23.4,WARNING,0
2026-09-18T03:00:00,DG-001,82.84,0.316,396.7,79.2,83.8,76.37,27.52,NORMAL,0
2026-09-18T04:00:00,DG-001,82.69,0.319,420.3,84.5,97.6,78.33,26.98,NORMAL,0
2026-09-18T05:00:00,DG-001,83.64,0.261,391.2,77.8,39.7,75.54,25.11,NORMAL,0
2026-09-18T06:00:00,DG-001,80.83,0.205,322.3,65.1,64.8,75.09,27.9,NORMAL,0
2026-09-18T07:00:00,DG-001,99.95,0.671,438.3,90.4,36.1,86.44,24.83,WARNING,0
2026-09-18T08:00:00,DG-001,83.13,0.254,395.7,78.6,23.5,76.76,27.73,NORMAL,0
2026-09-18T09:00:00,DG-001,82.86,0.279,403.5,81.9,67.7,77.71,25.47,NORMAL,0
2026-09-18T10:00:00,DG-001,79.58,0.196,291.6,58.8,42.0,75.23,25.69,NORMAL,0
2026-09-18T11:00:00,DG-001,84.94,0.37,380.7,77.2,22.4,76.9,27.92,NORMAL,0
2026-09-18T12:00:00,DG-001,78.68,0.19,303.4,59.8,76.8,74.75,25.73,NORMAL,0
2026-09-18T13:00:00,DG-001,99.94,0.614,402.7,84.4,26.5,88.09,23.87,WARNING,0
2026-09-18T14:00:00,DG-001,80.73,0.233,333.3,66.0,46.4,74.71,27.43,NORMAL,0
2026-09-18T15:00:00,DG-001,82.08,0.177,274.4,56.4,79.9,76.22,27.28,NORMAL,0
2026-09-18T16:00:00,DG-001,101.92,1.038,418.6,95.9,49.2,106.75,20.63,FAILURE_PRECURSOR,1
2026-09-18T17:00:00,DG-001,83.41,0.255,387.0,77.3,84.3,76.72,25.01,NORMAL,0
2026-09-18T18:00:00,DG-001,98.24,0.425,442.2,91.2,17.4,89.29,23.36,WARNING,0
2026-09-18T19:00:00,DG-001,98.8,0.631,423.4,87.9,37.8,86.89,23.43,WARNING,0
2026-09-18T20:00:00,DG-001,77.88,0.29,298.0,59.1,93.5,75.55,26.23,NORMAL,0
2026-09-18T21:00:00,DG-001,84.61,0.177,388.3,76.3,36.2,77.64,27.43,NORMAL,0
2026-09-18T22:00:00,DG-001,82.2,0.201,389.3,78.1,88.3,76.48,26.75,NORMAL,0
2026-09-18T23:00:00,DG-001,82.0,0.254,406.9,80.4,86.8,76.58,26.48,NORMAL,0
2026-09-19T00:00:00,DG-001,80.57,0.137,342.5,66.4,66.1,75.68,25.96,NORMAL,0
2026-09-19T01:00:00,DG-001,82.77,0.224,363.4,72.2,78.5,75.23,27.54,NORMAL,0
2026-09-19T02:00:00,DG-001,77.97,0.207,302.1,58.5,69.0,76.41,26.68,NORMAL,0
2026-09-19T03:00:00,DG-001,101.03,0.445,421.9,92.4,62.3,92.3,23.86,WARNING,0
2026-09-19T04:00:00,DG-001,82.3,0.226,386.5,77.1,23.7,76.98,26.85,NORMAL,0
2026-09-19T05:00:00,DG-001,83.29,0.189,335.4,68.4,67.7,76.94,26.92,NORMAL,0
2026-09-19T06:00:00,DG-001,79.95,0.264,240.5,50.6,84.1,74.59,27.97,NORMAL,0
2026-09-19T07:00:00,DG-001,84.32,0.246,386.6,77.4,79.5,75.93,26.29,NORMAL,0
2026-09-19T08:00:00,DG-001,80.45,0.23,303.3,60.0,78.3,74.05,27.63,NORMAL,0
2026-09-19T09:00:00,DG-001,80.22,0.211,264.7,53.5,60.3,74.14,27.13,NORMAL,0
2026-09-19T10:00:00,DG-001,108.4,1.093,438.3,88.5,15.5,106.21,21.76,FAILURE_PRECURSOR,1
2026-09-19T11:00:00,DG-001,110.68,1.599,440.2,92.8,25.2,106.42,20.05,FAILURE_PRECURSOR,1
2026-09-19T12:00:00,DG-001,80.75,0.176,314.8,63.2,80.2,74.64,25.25,NORMAL,0
2026-09-19T13:00:00,DG-001,85.2,0.239,423.4,82.9,82.3,77.7,26.64,NORMAL,0
2026-09-19T14:00:00,DG-001,79.86,0.179,272.8,52.8,42.5,75.32,27.14,NORMAL,0
2026-09-19T15:00:00,DG-001,81.65,0.281,271.8,54.1,61.2,74.2,27.63,NORMAL,0
2026-09-19T16:00:00,DG-001,111.23,1.17,415.6,92.5,12.1,102.6,20.85,FAILURE_PRECURSOR,1
2026-09-19T17:00:00,DG-001,81.03,0.223,301.7,61.1,58.6,76.09,27.51,NORMAL,0
2026-09-19T18:00:00,DG-001,83.68,0.192,358.6,73.9,44.7,75.21,26.2,NORMAL,0
2026-09-19T19:00:00,DG-001,110.13,1.315,495.8,108.6,32.2,106.62,21.38,FAILURE_PRECURSOR,1
2026-09-19T20:00:00,DG-001,81.44,0.254,372.3,74.1,51.8,76.45,27.03,NORMAL,0
2026-09-19T21:00:00,DG-001,79.1,0.152,293.5,60.1,77.4,75.12,25.57,NORMAL,0
2026-09-19T22:00:00,DG-001,78.81,0.2,276.7,55.2,29.0,74.68,26.3,NORMAL,0
2026-09-19T23:00:00,DG-001,82.23,0.271,359.0,72.8,39.1,76.43,26.87,NORMAL,0
2026-09-20T00:00:00,DG-001,82.81,0.191,338.3,67.8,34.1,76.06,25.97,NORMAL,0
2026-09-20T01:00:00,DG-001,84.09,0.166,344.4,69.6,92.0,75.85,27.09,NORMAL,0
2026-09-20T02:00:00,DG-001,84.27,0.277,352.4,69.3,52.7,75.12,26.62,NORMAL,0
2026-09-20T03:00:00,DG-001,82.39,0.248,409.3,82.5,39.2,76.64,27.02,NORMAL,0
2026-09-20T04:00:00,DG-001,79.91,0.241,366.3,72.9,75.9,76.29,26.8,NORMAL,0
2026-09-20T05:00:00,DG-001,81.92,0.204,323.4,63.2,83.7,74.12,25.9,NORMAL,0
2026-09-20T06:00:00,DG-001,83.03,0.297,360.6,71.9,25.3,77.66,26.68,NORMAL,0
2026-09-20T07:00:00,DG-001,82.62,0.284,381.0,75.3,83.6,77.16,28.0,NORMAL,0
2026-09-20T08:00:00,DG-001,78.43,0.172,269.3,54.0,97.2,75.47,26.61,NORMAL,0
2026-09-20T09:00:00,DG-001,99.36,0.523,427.2,90.8,59.2,89.59,23.58,WARNING,0
2026-09-20T10:00:00,DG-001,81.31,0.242,357.0,71.3,88.2,74.7,26.51,NORMAL,0
2026-09-20T11:00:00,DG-001,109.51,1.225,534.1,109.3,11.9,109.57,21.86,FAILURE_PRECURSOR,1
2026-09-20T12:00:00,DG-001,81.68,0.227,329.5,65.3,69.8,76.58,25.14,NORMAL,0
2026-09-20T13:00:00,DG-001,82.9,0.251,326.0,65.4,58.2,76.84,25.79,NORMAL,0
2026-09-20T14:00:00,DG-001,111.62,1.445,437.9,105.5,18.7,101.45,21.29,FAILURE_PRECURSOR,1
2026-09-20T15:00:00,DG-001,101.34,0.647,452.5,91.5,30.5,88.18,23.11,WARNING,0
2026-09-20T16:00:00,DG-001,79.07,0.275,321.0,64.2,66.1,74.84,25.92,NORMAL,0
2026-09-20T17:00:00,DG-001,109.66,1.399,402.5,92.7,48.0,100.93,23.18,FAILURE_PRECURSOR,1
2026-09-20T18:00:00,DG-001,108.32,1.392,468.5,100.9,41.5,106.14,23.97,FAILURE_PRECURSOR,1
2026-09-20T19:00:00,DG-001,82.74,0.239,317.1,63.2,35.0,74.96,27.38,NORMAL,0
2026-09-20T20:00:00,DG-001,81.15,0.254,367.6,73.4,88.3,76.26,26.95,NORMAL,0
2026-09-20T21:00:00,DG-001,82.64,0.243,349.6,69.5,87.6,75.03,26.73,NORMAL,0
2026-09-20T22:00:00,DG-001,94.8,0.539,352.6,75.2,64.3,89.06,25.78,WARNING,0
2026-09-20T23:00:00,DG-001,97.16,0.486,391.2,81.5,42.9,87.18,24.37,WARNING,0
2026-09-21T00:00:00,DG-001,81.89,0.104,286.5,58.1,84.8,75.44,25.3,NORMAL,0
2026-09-21T01:00:00,DG-001,108.22,0.975,420.3,101.5,9.2,105.32,20.58,FAILURE_PRECURSOR,1
2026-09-21T02:00:00,DG-001,79.97,0.219,262.6,52.1,72.5,74.23,25.5,NORMAL,0
2026-09-21T03:00:00,DG-001,81.57,0.196,254.3,51.6,24.5,73.6,27.3,NORMAL,0
2026-09-21T04:00:00,DG-001,81.82,0.272,272.0,54.5,51.6,76.76,26.34,NORMAL,0
2026-09-21T05:00:00,DG-001,84.62,0.279,362.1,71.8,91.7,74.24,25.07,NORMAL,0
2026-09-21T06:00:00,DG-001,83.87,0.223,353.6,71.0,32.7,76.94,27.76,NORMAL,0
2026-09-21T07:00:00,DG-001,82.94,0.264,282.1,56.6,91.8,74.76,26.97,NORMAL,0
2026-09-21T08:00:00,DG-001,82.24,0.266,294.0,58.0,57.6,73.27,26.2,NORMAL,0
2026-09-21T09:00:00,DG-001,82.81,0.232,322.9,65.8,35.4,75.06,25.1,NORMAL,0
2026-09-21T10:00:00,DG-001,77.96,0.296,268.2,53.9,84.2,74.3,27.52,NORMAL,0
2026-09-21T11:00:00,DG-001,84.26,0.222,404.5,80.6,73.2,74.12,26.88,NORMAL,0
2026-09-21T12:00:00,DG-001,78.15,0.252,315.2,62.3,43.6,74.09,26.35,NORMAL,0
2026-09-21T13:00:00,DG-001,96.29,0.535,372.4,76.9,23.5,87.75,23.27,WARNING,0
2026-09-21T14:00:00,DG-001,111.72,1.052,449.2,95.1,42.8,103.12,23.06,FAILURE_PRECURSOR,1
2026-09-21T15:00:00,DG-001,80.21,0.206,319.2,65.4,54.1,74.06,27.34,NORMAL,0
2026-09-21T16:00:00,DG-001,79.67,0.194,321.0,64.8,26.1,74.38,25.77,NORMAL,0
2026-09-21T17:00:00,DG-001,81.01,0.228,343.3,68.2,47.2,75.37,27.45,NORMAL,0
2026-09-21T18:00:00,DG-001,82.78,0.29,415.4,82.2,47.8,75.19,27.19,NORMAL,0
2026-09-21T19:00:00,DG-001,81.1,0.221,258.9,53.6,79.6,72.2,26.42,NORMAL,0
2026-09-21T20:00:00,DG-001,81.13,0.277,341.0,67.7,40.2,76.07,26.06,NORMAL,0
2026-09-21T21:00:00,DG-001,80.67,0.201,284.9,56.2,76.7,75.11,25.16,NORMAL,0
2026-09-21T22:00:00,DG-001,102.71,0.525,470.4,94.6,29.2,89.48,23.81,WARNING,0
2026-09-21T23:00:00,DG-001,84.79,0.228,413.4,84.2,57.1,76.43,27.74,NORMAL,0
2026-09-22T00:00:00,DG-001,82.51,0.175,289.3,57.8,88.0,72.47,25.34,NORMAL,0
2026-09-22T01:00:00,DG-001,82.63,0.187,386.5,76.6,69.4,75.89,27.98,NORMAL,0
2026-09-22T02:00:00,DG-001,83.29,0.298,320.6,65.4,73.2,73.32,27.93,NORMAL,0
2026-09-22T03:00:00,DG-001,95.03,0.495,357.4,79.4,39.1,87.99,25.86,WARNING,0
2026-09-22T04:00:00,DG-001,82.02,0.24,268.1,54.8,30.0,73.95,27.39,NORMAL,0
2026-09-22T05:00:00,DG-001,80.14,0.265,345.8,68.9,47.3,75.94,25.73,NORMAL,0
2026-09-22T06:00:00,DG-001,98.99,0.599,432.2,91.2,26.9,89.13,23.84,WARNING,0
2026-09-22T07:00:00,DG-001,82.19,0.209,385.5,77.2,75.2,76.5,25.42,NORMAL,0
2026-09-22T08:00:00,DG-001,95.87,0.608,399.2,80.6,69.4,87.76,24.56,WARNING,0
2026-09-22T09:00:00,DG-001,81.46,0.286,394.1,79.9,22.2,76.33,26.57,NORMAL,0
2026-09-22T10:00:00,DG-001,81.32,0.212,390.4,79.4,53.7,75.13,25.58,NORMAL,0
2026-09-22T11:00:00,DG-001,84.13,0.26,413.9,82.1,51.8,76.42,25.3,NORMAL,0
2026-09-22T12:00:00,DG-001,80.28,0.258,364.7,74.7,94.0,75.99,25.01,NORMAL,0
2026-09-22T13:00:00,DG-001,79.87,0.188,266.9,53.5,44.4,73.23,26.42,NORMAL,0
2026-09-22T14:00:00,DG-001,97.87,0.654,419.1,84.6,47.0,87.31,24.31,WARNING,0
2026-09-22T15:00:00,DG-001,101.69,0.42,365.0,77.9,84.6,87.18,24.97,WARNING,0
2026-09-22T16:00:00,DG-001,84.3,0.261,401.2,81.0,72.5,78.29,25.35,NORMAL,0
2026-09-22T17:00:00,DG-001,81.17,0.324,258.2,52.4,37.2,74.22,26.77,NORMAL,0
2026-09-22T18:00:00,DG-001,82.23,0.279,351.4,71.3,86.5,75.37,27.32,NORMAL,0
2026-09-22T19:00:00,DG-001,79.55,0.185,289.4,57.2,37.7,73.86,25.33,NORMAL,0
2026-09-22T20:00:00,DG-001,83.3,0.356,421.1,84.9,39.5,76.56,25.43,NORMAL,0
2026-09-22T21:00:00,DG-001,98.97,0.535,415.7,88.3,57.5,89.83,23.72,WARNING,0
2026-09-22T22:00:00,DG-001,96.77,0.44,362.9,80.2,80.4,88.74,24.54,WARNING,0
2026-09-22T23:00:00,DG-001,82.84,0.122,272.2,55.2,85.9,75.05,26.42,NORMAL,0
2026-09-23T00:00:00,DG-001,84.13,0.233,392.2,78.1,85.5,77.39,26.99,NORMAL,0
2026-09-23T01:00:00,DG-001,84.55,0.279,420.9,81.4,75.6,77.39,25.73,NORMAL,0
2026-09-23T02:00:00,DG-001,80.35,0.171,275.0,53.2,57.4,74.73,25.43,NORMAL,0
2026-09-23T03:00:00,DG-001,82.38,0.179,329.0,65.0,99.7,74.94,25.32,NORMAL,0
2026-09-23T04:00:00,DG-001,104.36,1.254,454.8,98.0,24.4,103.75,20.92,FAILURE_PRECURSOR,1
2026-09-23T05:00:00,DG-001,82.78,0.26,385.9,75.1,58.1,76.31,27.16,NORMAL,0
2026-09-23T06:00:00,DG-001,79.39,0.224,335.7,66.8,28.9,76.17,26.21,NORMAL,0
2026-09-23T07:00:00,DG-001,99.77,0.61,419.8,81.3,64.9,91.43,23.24,WARNING,0
2026-09-23T08:00:00,DG-001,82.32,0.326,319.3,63.7,51.0,75.97,25.29,NORMAL,0
2026-09-23T09:00:00,DG-001,82.94,0.172,322.4,63.9,78.0,76.14,27.19,NORMAL,0
2026-09-23T10:00:00,DG-001,97.46,0.628,382.5,83.0,28.7,87.42,24.56,WARNING,0
2026-09-23T11:00:00,DG-001,110.52,1.198,492.6,106.3,27.4,106.98,23.15,FAILURE_PRECURSOR,1
2026-09-23T12:00:00,DG-001,79.84,0.242,337.6,67.8,30.0,76.35,27.77,NORMAL,0
2026-09-23T13:00:00,DG-001,111.05,1.302,490.3,109.2,22.3,106.87,23.64,FAILURE_PRECURSOR,1
2026-09-23T14:00:00,DG-001,98.5,0.61,397.8,83.4,70.5,88.57,25.76,WARNING,0
2026-09-23T15:00:00,DG-001,84.51,0.303,375.8,76.8,91.4,76.87,27.02,NORMAL,0
2026-09-23T16:00:00,DG-001,83.89,0.232,339.3,69.2,88.7,75.92,25.97,NORMAL,0
2026-09-23T17:00:00,DG-001,79.5,0.154,300.0,60.0,36.5,75.42,26.49,NORMAL,0
2026-09-23T18:00:00,DG-001,80.67,0.193,338.0,66.3,53.9,74.71,27.88,NORMAL,0
2026-09-23T19:00:00,DG-001,79.83,0.301,350.7,69.9,30.4,76.16,27.89,NORMAL,0
2026-09-23T20:00:00,DG-001,86.84,0.246,393.2,78.6,79.1,75.09,26.69,NORMAL,0
2026-09-23T21:00:00,DG-001,82.33,0.258,359.7,72.1,41.6,77.74,25.67,NORMAL,0
2026-09-23T22:00:00,DG-001,81.54,0.249,364.3,72.3,40.4,75.54,25.73,NORMAL,0
2026-09-23T23:00:00,DG-001,79.96,0.144,308.2,61.1,74.3,75.72,27.66,NORMAL,0
2026-09-24T00:00:00,DG-001,81.77,0.183,379.3,76.8,96.2,74.48,25.44,NORMAL,0
2026-09-24T01:00:00,DG-001,82.37,0.234,327.3,66.5,34.3,74.46,26.11,NORMAL,0
2026-09-24T02:00:00,DG-001,84.26,0.38,406.2,80.1,47.2,77.56,25.11,NORMAL,0
2026-09-24T03:00:00,DG-001,78.72,0.209,278.2,58.0,38.8,73.72,25.53,NORMAL,0
2026-09-24T04:00:00,DG-001,82.71,0.091,259.8,51.8,50.8,74.69,27.07,NORMAL,0
2026-09-24T05:00:00,DG-001,83.12,0.284,360.2,72.4,50.9,75.8,26.39,NORMAL,0
2026-09-24T06:00:00,DG-001,85.35,0.244,419.0,82.2,34.1,77.41,25.8,NORMAL,0
2026-09-24T07:00:00,DG-001,100.61,0.699,438.4,91.2,58.7,88.56,25.1,WARNING,0
2026-09-24T08:00:00,DG-001,78.19,0.156,276.8,54.8,30.6,74.31,26.51,NORMAL,0
2026-09-24T09:00:00,DG-001,84.81,0.273,362.7,71.9,73.0,75.75,26.77,NORMAL,0
2026-09-24T10:00:00,DG-001,98.1,0.504,454.1,92.2,73.3,89.63,25.32,WARNING,0
2026-09-24T11:00:00,DG-001,82.47,0.239,288.8,56.1,70.2,74.82,27.87,NORMAL,0
2026-09-24T12:00:00,DG-001,85.56,0.183,392.5,79.5,74.6,79.02,25.66,NORMAL,0
2026-09-24T13:00:00,DG-001,98.18,0.557,423.3,86.5,51.0,88.26,25.26,WARNING,0
2026-09-24T14:00:00,DG-001,81.2,0.182,301.7,61.8,26.8,76.42,26.59,NORMAL,0
2026-09-24T15:00:00,DG-001,94.4,0.455,392.6,75.7,42.6,89.83,24.24,WARNING,0
2026-09-24T16:00:00,DG-001,82.27,0.253,360.3,70.8,87.0,76.14,25.09,NORMAL,0
2026-09-24T17:00:00,DG-001,107.05,1.505,446.9,99.9,39.8,104.71,21.27,FAILURE_PRECURSOR,1
2026-09-24T18:00:00,DG-001,81.79,0.204,308.3,62.2,59.5,74.61,25.52,NORMAL,0
2026-09-24T19:00:00,DG-001,82.62,0.252,343.2,68.1,77.3,73.52,25.3,NORMAL,0
2026-09-24T20:00:00,DG-001,80.85,0.168,377.9,76.2,21.1,76.91,26.14,NORMAL,0
2026-09-24T21:00:00,DG-001,83.1,0.243,398.9,79.8,99.7,77.6,25.94,NORMAL,0
2026-09-24T22:00:00,DG-001,80.22,0.248,284.2,57.4,74.9,75.6,27.44,NORMAL,0
2026-09-24T23:00:00,DG-001,82.96,0.26,343.8,68.3,82.3,75.7,27.67,NORMAL,0
2026-09-25T00:00:00,DG-001,98.56,0.446,388.4,78.3,45.9,87.28,24.57,WARNING,0
2026-09-25T01:00:00,DG-001,82.61,0.292,388.8,76.8,72.3,75.96,27.45,NORMAL,0
2026-09-25T02:00:00,DG-001,79.46,0.23,289.2,57.9,59.2,74.37,26.63,NORMAL,0
2026-09-25T03:00:00,DG-001,82.06,0.248,332.8,66.5,93.8,75.85,27.53,NORMAL,0
2026-09-25T04:00:00,DG-001,76.77,0.265,293.5,60.5,99.2,75.29,26.26,NORMAL,0
2026-09-25T05:00:00,DG-001,80.29,0.268,283.1,56.6,88.2,75.54,26.28,NORMAL,0
2026-09-25T06:00:00,DG-001,80.99,0.188,329.1,66.5,79.8,73.51,27.36,NORMAL,0
2026-09-25T07:00:00,DG-001,82.18,0.185,432.0,84.7,66.1,77.62,26.89,NORMAL,0
2026-09-25T08:00:00,DG-001,85.55,0.262,360.5,74.3,31.9,75.79,27.63,NORMAL,0
2026-09-25T09:00:00,DG-001,83.02,0.24,397.6,80.9,58.4,75.72,26.27,NORMAL,0
2026-09-25T10:00:00,DG-001,81.37,0.21,336.2,67.1,40.3,74.91,25.68,NORMAL,0
2026-09-25T11:00:00,DG-001,81.9,0.214,261.5,52.9,95.8,74.22,26.24,NORMAL,0
2026-09-25T12:00:00,DG-001,81.41,0.23,295.7,58.4,41.9,74.82,27.46,NORMAL,0
2026-09-25T13:00:00,DG-001,80.11,0.286,290.4,56.9,22.8,74.75,26.98,NORMAL,0
2026-09-25T14:00:00,DG-001,81.42,0.288,356.7,71.5,68.4,75.22,27.02,NORMAL,0
2026-09-25T15:00:00,DG-001,108.03,1.116,442.2,90.8,39.7,103.84,21.66,FAILURE_PRECURSOR,1
2026-09-25T16:00:00,DG-001,80.97,0.167,323.7,64.3,34.0,75.26,25.13,NORMAL,0
2026-09-25T17:00:00,DG-001,84.0,0.195,360.5,71.7,60.7,74.59,26.19,NORMAL,0
2026-09-25T18:00:00,DG-001,82.84,0.098,260.5,52.1,50.0,73.65,26.28,NORMAL,0
2026-09-25T19:00:00,DG-001,96.97,0.606,357.8,78.6,71.8,87.92,23.9,WARNING,0
2026-09-25T20:00:00,DG-001,82.31,0.317,394.1,79.2,58.9,77.15,27.44,NORMAL,0
2026-09-25T21:00:00,DG-001,83.49,0.218,382.7,76.8,71.7,75.84,25.4,NORMAL,0
2026-09-25T22:00:00,DG-001,100.91,0.566,446.6,92.2,30.8,88.4,24.83,WARNING,0
2026-09-25T23:00:00,DG-001,105.76,1.53,385.0,87.2,16.3,103.56,23.45,FAILURE_PRECURSOR,1
2026-09-26T00:00:00,DG-001,79.71,0.137,262.6,54.4,99.9,73.4,27.11,NORMAL,0
2026-09-26T01:00:00,DG-001,99.74,0.682,421.4,87.7,83.6,89.03,23.82,WARNING,0
2026-09-26T02:00:00,DG-001,96.15,0.497,376.8,76.7,58.5,85.72,24.55,WARNING,0
2026-09-26T03:00:00,DG-001,79.75,0.233,323.0,64.4,20.0,74.52,27.9,NORMAL,0
2026-09-26T04:00:00,DG-001,85.35,0.212,395.4,78.1,67.6,77.06,26.58,NORMAL,0
2026-09-26T05:00:00,DG-001,118.66,1.585,436.3,109.7,33.0,106.99,22.24,FAILURE_PRECURSOR,1
2026-09-26T06:00:00,DG-001,83.4,0.256,364.6,72.1,30.4,74.74,26.35,NORMAL,0
2026-09-26T07:00:00,DG-001,79.48,0.194,256.7,52.0,38.8,74.11,26.79,NORMAL,0
2026-09-26T08:00:00,DG-001,83.97,0.198,355.1,69.8,38.8,75.92,25.18,NORMAL,0
2026-09-26T09:00:00,DG-001,83.93,0.311,413.6,80.8,67.6,77.54,25.64,NORMAL,0
2026-09-26T10:00:00,DG-001,80.27,0.193,316.9,63.5,43.1,75.74,27.42,NORMAL,0
2026-09-26T11:00:00,DG-001,102.5,0.689,442.6,91.6,44.0,88.61,25.17,WARNING,0
2026-09-26T12:00:00,DG-001,98.8,1.123,370.2,86.0,23.6,106.99,21.04,FAILURE_PRECURSOR,1
2026-09-26T13:00:00,DG-001,100.38,0.584,394.6,85.9,61.6,85.5,23.22,WARNING,0
2026-09-26T14:00:00,DG-001,83.22,0.192,321.0,65.0,23.7,75.09,25.33,NORMAL,0
2026-09-26T15:00:00,DG-001,83.93,0.183,337.0,67.1,89.1,74.61,25.11,NORMAL,0
2026-09-26T16:00:00,DG-001,82.56,0.227,381.8,77.3,64.1,78.16,26.6,NORMAL,0
2026-09-26T17:00:00,DG-001,80.61,0.235,339.7,66.6,30.8,74.95,27.26,NORMAL,0
2026-09-26T18:00:00,DG-001,81.4,0.244,418.3,83.8,23.9,76.24,25.57,NORMAL,0
2026-09-26T19:00:00,DG-001,83.2,0.218,405.9,79.9,25.5,76.69,26.34,NORMAL,0
2026-09-26T20:00:00,DG-001,82.39,0.172,310.7,63.1,70.2,75.12,25.05,NORMAL,0
2026-09-26T21:00:00,DG-001,80.46,0.232,358.3,72.1,69.4,76.07,25.33,NORMAL,0
2026-09-26T22:00:00,DG-001,82.1,0.216,414.0,83.0,31.5,76.54,27.67,NORMAL,0
2026-09-26T23:00:00,DG-001,96.94,0.641,397.0,83.3,48.5,87.63,24.94,WARNING,0
2026-09-27T00:00:00,DG-001,82.67,0.323,416.4,83.8,68.7,76.83,26.36,NORMAL,0
2026-09-27T01:00:00,DG-001,83.95,0.249,404.8,81.6,58.1,76.75,26.14,NORMAL,0
2026-09-27T02:00:00,DG-001,78.79,0.216,266.5,54.1,67.4,74.28,26.66,NORMAL,0
2026-09-27T03:00:00,DG-001,97.64,0.452,393.6,76.4,90.0,88.19,24.02,WARNING,0
2026-09-27T04:00:00,DG-001,96.51,0.593,435.7,86.3,15.5,84.53,25.62,WARNING,0
2026-09-27T05:00:00,DG-001,85.73,0.33,363.5,71.9,61.3,75.41,25.9,NORMAL,0
2026-09-27T06:00:00,DG-001,81.44,0.073,250.5,50.4,68.3,75.57,25.84,NORMAL,0
2026-09-27T07:00:00,DG-001,80.93,0.26,293.9,58.2,80.7,73.59,27.41,NORMAL,0
2026-09-27T08:00:00,DG-001,82.91,0.285,350.3,68.2,21.6,76.31,25.51,NORMAL,0
2026-09-27T09:00:00,DG-001,109.6,0.921,525.0,108.4,40.8,108.51,21.34,FAILURE_PRECURSOR,1
2026-09-27T10:00:00,DG-001,80.94,0.199,363.4,72.0,71.1,76.87,25.63,NORMAL,0
2026-09-27T11:00:00,DG-001,81.54,0.229,358.5,71.8,70.2,75.83,25.52,NORMAL,0
2026-09-27T12:00:00,DG-001,81.33,0.151,291.3,56.6,74.3,75.68,27.6,NORMAL,0
2026-09-27T13:00:00,DG-001,80.35,0.297,368.9,73.1,29.7,75.16,27.05,NORMAL,0
2026-09-27T14:00:00,DG-001,80.29,0.198,280.2,58.1,90.4,74.95,25.51,NORMAL,0
2026-09-27T15:00:00,DG-001,81.73,0.145,286.4,57.1,58.2,75.74,26.98,NORMAL,0
2026-09-27T16:00:00,DG-001,80.23,0.219,311.5,59.9,79.9,75.04,27.43,NORMAL,0
2026-09-27T17:00:00,DG-001,97.15,0.534,420.9,89.8,35.9,84.81,24.46,WARNING,0
2026-09-27T18:00:00,DG-001,81.14,0.278,298.1,59.2,34.8,75.38,26.05,NORMAL,0
2026-09-27T19:00:00,DG-001,83.99,0.296,414.6,82.8,42.8,78.2,25.51,NORMAL,0
2026-09-27T20:00:00,DG-001,80.25,0.285,306.6,61.1,40.3,74.55,27.09,NORMAL,0
2026-09-27T21:00:00,DG-001,111.08,0.925,435.8,95.1,34.9,105.24,20.67,FAILURE_PRECURSOR,1
2026-09-27T22:00:00,DG-001,100.01,0.628,430.8,91.0,58.5,88.45,24.64,WARNING,0
2026-09-27T23:00:00,DG-001,106.69,0.843,417.3,96.7,43.3,104.92,20.71,FAILURE_PRECURSOR,1
2026-09-28T00:00:00,DG-001,81.95,0.356,394.1,80.3,67.6,76.74,27.39,NORMAL,0
2026-09-28T01:00:00,DG-001,80.9,0.234,289.0,58.7,30.9,75.89,25.0,NORMAL,0
2026-09-28T02:00:00,DG-001,80.66,0.174,280.7,55.7,22.1,75.41,25.1,NORMAL,0
2026-09-28T03:00:00,DG-001,111.23,0.913,480.4,101.8,22.9,103.59,20.96,FAILURE_PRECURSOR,1
2026-09-28T04:00:00,DG-001,96.08,0.588,333.5,75.6,17.0,87.44,24.03,WARNING,0
2026-09-28T05:00:00,DG-001,82.67,0.296,405.1,82.6,57.7,75.98,25.87,NORMAL,0
2026-09-28T06:00:00,DG-001,81.7,0.212,359.1,71.8,66.3,77.79,25.71,NORMAL,0
2026-09-28T07:00:00,DG-001,80.67,0.188,292.6,57.5,28.2,74.05,26.07,NORMAL,0
2026-09-28T08:00:00,DG-001,82.25,0.226,315.8,63.4,24.1,77.03,27.46,NORMAL,0
2026-09-28T09:00:00,DG-001,79.99,0.066,248.3,50.9,43.7,74.03,25.73,NORMAL,0
2026-09-28T10:00:00,DG-001,82.32,0.305,368.8,74.4,38.6,76.65,25.44,NORMAL,0
2026-09-28T11:00:00,DG-001,79.57,0.256,421.6,84.2,33.3,76.56,27.2,NORMAL,0
2026-09-28T12:00:00,DG-001,95.66,0.632,444.8,86.1,69.0,90.38,23.75,WARNING,0
2026-09-28T13:00:00,DG-001,99.03,0.697,438.9,92.4,34.8,87.44,25.63,WARNING,0
2026-09-28T14:00:00,DG-001,81.98,0.344,321.6,65.1,52.9,75.48,27.53,NORMAL,0
2026-09-28T15:00:00,DG-001,82.9,0.272,362.6,70.7,21.1,74.9,26.34,NORMAL,0
2026-09-28T16:00:00,DG-001,95.03,0.625,412.4,85.2,31.1,86.64,25.78,WARNING,0
2026-09-28T17:00:00,DG-001,83.48,0.145,326.0,63.6,32.6,74.1,26.45,NORMAL,0
2026-09-28T18:00:00,DG-001,106.6,1.535,412.4,91.0,39.6,103.7,20.48,FAILURE_PRECURSOR,1
2026-09-28T19:00:00,DG-001,83.39,0.258,376.6,74.5,38.1,75.59,27.73,NORMAL,0
2026-09-28T20:00:00,DG-001,83.82,0.331,405.2,80.8,75.4,77.01,25.57,NORMAL,0
2026-09-28T21:00:00,DG-001,82.4,0.25,286.4,57.0,97.3,73.86,27.47,NORMAL,0
2026-09-28T22:00:00,DG-001,82.36,0.192,276.3,56.5,62.4,74.5,27.2,NORMAL,0
2026-09-28T23:00:00,DG-001,107.49,0.811,457.5,96.5,15.0,104.55,20.38,FAILURE_PRECURSOR,1
2026-09-29T00:00:00,DG-001,80.36,0.294,302.7,60.3,50.9,76.23,25.25,NORMAL,0
2026-09-29T01:00:00,DG-001,84.76,0.286,399.1,78.4,22.9,75.29,25.2,NORMAL,0
2026-09-29T02:00:00,DG-001,79.11,0.299,385.4,77.1,98.9,77.13,26.84,NORMAL,0
2026-09-29T03:00:00,DG-001,82.03,0.25,387.9,77.4,99.8,73.35,26.27,NORMAL,0
2026-09-29T04:00:00,DG-001,109.38,0.82,427.9,86.0,5.6,101.29,23.49,FAILURE_PRECURSOR,1
2026-09-29T05:00:00,DG-001,98.71,0.422,456.1,93.8,74.9,92.0,25.86,WARNING,0
2026-09-29T06:00:00,DG-001,82.65,0.211,412.1,82.4,47.1,76.63,26.32,NORMAL,0
2026-09-29T07:00:00,DG-001,82.07,0.194,254.1,53.3,32.6,75.86,25.96,NORMAL,0
2026-09-29T08:00:00,DG-001,111.03,1.216,363.1,85.6,11.8,100.58,23.39,FAILURE_PRECURSOR,1
2026-09-29T09:00:00,DG-001,84.24,0.257,397.6,79.4,73.2,76.55,27.83,NORMAL,0
2026-09-29T10:00:00,DG-001,79.45,0.267,305.4,60.8,50.1,73.52,26.44,NORMAL,0
2026-09-29T11:00:00,DG-001,79.36,0.257,264.2,53.4,49.3,74.68,27.13,NORMAL,0
2026-09-29T12:00:00,DG-001,82.27,0.27,368.9,74.0,33.6,76.43,27.5,NORMAL,0
2026-09-29T13:00:00,DG-001,78.49,0.193,275.4,55.0,75.2,75.42,25.13,NORMAL,0
2026-09-29T14:00:00,DG-001,86.24,0.332,360.2,71.8,78.1,76.56,27.83,NORMAL,0
2026-09-29T15:00:00,DG-001,111.36,1.01,499.3,108.1,7.2,102.97,23.88,FAILURE_PRECURSOR,1
2026-09-29T16:00:00,DG-001,83.18,0.273,363.7,71.3,44.6,74.84,27.15,NORMAL,0
2026-09-29T17:00:00,DG-001,81.44,0.22,306.9,61.2,35.3,75.44,25.14,NORMAL,0
2026-09-29T18:00:00,DG-001,83.43,0.264,418.0,83.6,75.4,75.3,27.3,NORMAL,0
2026-09-29T19:00:00,DG-001,96.71,0.645,416.9,91.3,81.4,89.15,25.76,WARNING,0
2026-09-29T20:00:00,DG-001,95.18,0.666,365.9,75.4,51.7,88.51,23.9,WARNING,0
2026-09-29T21:00:00,DG-001,96.1,0.621,420.6,91.3,64.3,89.34,24.26,WARNING,0
2026-09-29T22:00:00,DG-001,83.23,0.136,265.0,52.6,92.3,74.92,27.13,NORMAL,0
2026-09-29T23:00:00,DG-001,81.99,0.258,291.8,59.1,91.4,73.06,25.41,NORMAL,0
2026-09-30T00:00:00,DG-001,82.07,0.239,335.9,68.5,56.1,76.7,25.45,NORMAL,0
2026-09-30T01:00:00,DG-001,83.23,0.27,420.1,83.1,90.3,77.71,27.23,NORMAL,0
2026-09-30T02:00:00,DG-001,99.39,0.403,427.3,91.7,38.0,86.69,25.03,WARNING,0
2026-09-30T03:00:00,DG-001,81.28,0.257,320.2,64.0,83.7,75.73,26.94,NORMAL,0
2026-09-30T04:00:00,DG-001,82.47,0.24,311.2,63.1,73.2,76.35,27.73,NORMAL,0
2026-09-30T05:00:00,DG-001,94.24,0.529,422.1,82.7,19.7,87.26,23.37,WARNING,0
2026-09-30T06:00:00,DG-001,80.07,0.172,266.7,53.0,92.8,75.06,25.34,NORMAL,0
2026-09-30T07:00:00,DG-001,81.49,0.181,423.1,83.7,88.1,75.76,26.37,NORMAL,0
2026-09-30T08:00:00,DG-001,85.6,0.323,333.2,67.5,97.9,75.44,26.44,NORMAL,0
2026-09-30T09:00:00,DG-001,95.43,0.553,376.8,78.1,43.2,90.05,24.07,WARNING,0
2026-09-30T10:00:00,DG-001,81.13,0.275,257.4,50.7,39.5,72.67,25.93,NORMAL,0
2026-09-30T11:00:00,DG-001,84.72,0.285,388.5,78.3,40.5,76.07,26.81,NORMAL,0
2026-09-30T12:00:00,DG-001,98.52,0.645,423.4,82.2,53.6,89.28,24.21,WARNING,0
2026-09-30T13:00:00,DG-001,81.34,0.276,344.0,69.3,67.0,75.0,25.29,NORMAL,0
2026-09-30T14:00:00,DG-001,104.91,0.816,448.3,89.3,7.3,102.97,23.9,FAILURE_PRECURSOR,1
2026-09-30T15:00:00,DG-001,96.62,0.677,389.2,82.4,22.9,87.35,25.82,WARNING,0
2026-09-30T16:00:00,DG-001,83.74,0.255,362.9,72.9,61.1,74.95,26.26,NORMAL,0
2026-09-30T17:00:00,DG-001,82.95,0.253,382.0,77.3,77.8,76.67,26.97,NORMAL,0
2026-09-30T18:00:00,DG-001,80.8,0.261,343.3,67.9,55.3,75.09,25.86,NORMAL,0
2026-09-30T19:00:00,DG-001,81.5,0.294,289.3,58.8,65.0,73.9,27.96,NORMAL,0
2026-09-30T20:00:00,DG-001,83.84,0.275,413.6,83.9,91.9,76.29,27.21,NORMAL,0
2026-09-30T21:00:00,DG-001,82.74,0.163,283.1,58.5,65.3,74.41,27.62,NORMAL,0
2026-09-30T22:00:00,DG-001,82.72,0.235,421.4,83.0,45.7,77.16,27.05,NORMAL,0
2026-09-30T23:00:00,DG-001,83.02,0.215,290.1,58.9,97.4,75.14,26.34,NORMAL,0
2026-10-01T00:00:00,DG-001,110.63,1.292,380.0,87.4,16.7,104.59,20.51,FAILURE_PRECURSOR,1
2026-10-01T01:00:00,DG-001,82.55,0.292,412.0,83.8,44.7,75.62,25.82,NORMAL,0
2026-10-01T02:00:00,DG-001,99.12,0.424,389.7,80.3,22.6,88.33,24.0,WARNING,0
2026-10-01T03:00:00,DG-001,84.5,0.285,299.5,60.8,96.5,74.71,27.24,NORMAL,0
2026-10-01T04:00:00,DG-001,82.48,0.189,336.5,68.5,73.2,76.51,26.2,NORMAL,0
2026-10-01T05:00:00,DG-001,113.07,1.361,494.0,107.2,27.6,106.14,23.27,FAILURE_PRECURSOR,1
2026-10-01T06:00:00,DG-001,82.36,0.217,251.2,50.3,70.1,74.66,25.27,NORMAL,0
2026-10-01T07:00:00,DG-001,84.91,0.255,354.0,71.7,74.7,75.35,25.71,NORMAL,0
2026-10-01T08:00:00,DG-001,83.28,0.214,340.6,68.9,54.5,76.05,27.23,NORMAL,0
2026-10-01T09:00:00,DG-001,80.42,0.231,294.1,58.3,66.2,72.93,27.58,NORMAL,0
2026-10-01T10:00:00,DG-001,80.89,0.286,409.7,80.1,77.9,77.07,27.04,NORMAL,0
2026-10-01T11:00:00,DG-001,97.94,0.625,440.5,91.5,84.2,91.21,24.92,WARNING,0
2026-10-01T12:00:00,DG-001,82.68,0.205,339.2,68.6,48.1,77.61,26.32,NORMAL,0
2026-10-01T13:00:00,DG-001,83.05,0.263,418.8,83.5,29.0,77.84,26.96,NORMAL,0
2026-10-01T14:00:00,DG-001,84.09,0.225,377.9,76.7,33.5,76.39,27.58,NORMAL,0
2026-10-01T15:00:00,DG-001,96.95,0.606,345.6,82.3,62.8,87.06,25.64,WARNING,0
2026-10-01T16:00:00,DG-001,80.34,0.295,271.3,53.9,29.7,73.82,27.71,NORMAL,0
2026-10-01T17:00:00,DG-001,86.05,0.26,388.3,79.7,65.0,74.99,25.9,NORMAL,0
2026-10-01T18:00:00,DG-001,84.28,0.259,367.3,75.1,72.2,76.92,26.07,NORMAL,0
2026-10-01T19:00:00,DG-001,81.59,0.329,282.7,55.6,99.7,76.85,25.17,NORMAL,0
2026-10-01T20:00:00,DG-001,108.01,0.846,425.8,98.1,28.6,103.88,21.67,FAILURE_PRECURSOR,1
2026-10-01T21:00:00,DG-001,101.24,0.563,371.8,76.4,89.8,90.13,25.3,WARNING,0
2026-10-01T22:00:00,DG-001,99.32,0.602,374.0,76.8,45.9,85.05,24.88,WARNING,0
2026-10-01T23:00:00,DG-001,81.7,0.312,389.6,79.3,22.8,76.65,26.48,NORMAL,0
2026-10-02T00:00:00,DG-001,84.89,0.295,430.3,84.9,34.2,75.27,27.08,NORMAL,0
2026-10-02T01:00:00,DG-001,96.97,0.52,392.5,82.1,37.7,85.96,25.04,WARNING,0
2026-10-02T02:00:00,DG-001,79.97,0.193,355.5,71.7,60.6,77.38,27.15,NORMAL,0
2026-10-02T03:00:00,DG-001,84.38,0.263,424.7,84.4,46.4,75.02,26.56,NORMAL,0
2026-10-02T04:00:00,DG-001,79.69,0.254,341.2,67.6,22.3,75.75,25.25,NORMAL,0
2026-10-02T05:00:00,DG-001,84.01,0.283,394.1,77.6,37.5,75.7,26.05,NORMAL,0
2026-10-02T06:00:00,DG-001,80.17,0.168,283.8,56.7,54.5,73.36,25.11,NORMAL,0
2026-10-02T07:00:00,DG-001,107.84,1.433,399.5,94.0,16.7,102.47,23.16,FAILURE_PRECURSOR,1
2026-10-02T08:00:00,DG-001,77.91,0.18,258.3,52.2,50.4,75.49,26.06,NORMAL,0
2026-10-02T09:00:00,DG-001,80.9,0.265,305.0,61.2,53.4,74.96,27.66,NORMAL,0
2026-10-02T10:00:00,DG-001,81.67,0.197,350.5,70.5,43.2,75.83,27.36,NORMAL,0
2026-10-02T11:00:00,DG-001,100.32,0.436,399.7,81.2,53.7,88.19,24.24,WARNING,0
2026-10-02T12:00:00,DG-001,81.03,0.162,338.5,66.0,65.7,75.26,25.42,NORMAL,0
2026-10-02T13:00:00,DG-001,84.01,0.248,306.8,63.4,99.1,74.65,27.47,NORMAL,0
2026-10-02T14:00:00,DG-001,79.93,0.355,401.5,81.1,59.3,75.15,27.56,NORMAL,0
2026-10-02T15:00:00,DG-001,84.14,0.202,411.0,83.7,40.6,74.5,25.32,NORMAL,0
2026-10-02T16:00:00,DG-001,84.08,0.285,377.5,76.2,35.1,76.49,27.94,NORMAL,0
2026-10-02T17:00:00,DG-001,82.15,0.238,371.9,74.7,88.7,76.78,27.0,NORMAL,0
2026-10-02T18:00:00,DG-001,109.62,0.951,389.3,90.3,34.2,106.02,22.24,FAILURE_PRECURSOR,1
2026-10-02T19:00:00,DG-001,101.97,0.567,367.2,80.4,60.0,86.34,23.06,WARNING,0
2026-10-02T20:00:00,DG-001,113.04,1.038,439.2,104.0,5.1,106.61,21.34,FAILURE_PRECURSOR,1
2026-10-02T21:00:00,DG-001,81.36,0.14,290.2,57.2,56.1,74.61,27.62,NORMAL,0
2026-10-02T22:00:00,DG-001,79.82,0.134,276.0,56.2,75.4,74.25,27.39,NORMAL,0
2026-10-02T23:00:00,DG-001,111.09,0.966,406.3,85.6,30.9,106.91,22.78,FAILURE_PRECURSOR,1
2026-10-03T00:00:00,DG-001,83.75,0.134,410.9,82.6,98.1,76.47,26.42,NORMAL,0
2026-10-03T01:00:00,DG-001,83.36,0.191,385.0,78.6,97.9,75.1,27.61,NORMAL,0
2026-10-03T02:00:00,DG-001,81.06,0.25,354.1,72.4,26.8,74.92,27.96,NORMAL,0
2026-10-03T03:00:00,DG-001,85.52,0.175,398.2,80.0,59.8,75.96,25.47,NORMAL,0
2026-10-03T04:00:00,DG-001,96.51,0.694,369.6,80.3,75.5,88.04,25.01,WARNING,0
2026-10-03T05:00:00,DG-001,79.81,0.164,262.7,52.6,44.5,73.52,25.15,NORMAL,0
2026-10-03T06:00:00,DG-001,111.0,0.803,493.3,102.7,41.2,102.99,23.04,FAILURE_PRECURSOR,1
2026-10-03T07:00:00,DG-001,110.38,1.23,443.7,94.1,45.5,104.22,20.83,FAILURE_PRECURSOR,1
2026-10-03T08:00:00,DG-001,82.99,0.31,393.4,77.9,59.2,76.17,27.57,NORMAL,0
2026-10-03T09:00:00,DG-001,82.03,0.249,382.5,76.5,92.8,76.74,26.72,NORMAL,0
2026-10-03T10:00:00,DG-001,81.87,0.214,359.7,72.3,98.2,76.2,27.41,NORMAL,0
2026-10-03T11:00:00,DG-001,79.77,0.316,260.4,53.3,94.5,75.28,25.27,NORMAL,0
2026-10-03T12:00:00,DG-001,84.95,0.261,409.4,81.1,35.7,74.89,27.42,NORMAL,0
2026-10-03T13:00:00,DG-001,81.03,0.146,344.1,69.8,36.0,75.25,28.0,NORMAL,0
2026-10-03T14:00:00,DG-001,83.17,0.265,353.8,73.3,50.5,76.16,25.1,NORMAL,0
2026-10-03T15:00:00,DG-001,109.06,1.119,446.6,94.2,47.6,104.91,21.18,FAILURE_PRECURSOR,1
2026-10-03T16:00:00,DG-001,82.35,0.248,391.6,78.5,54.4,77.62,26.17,NORMAL,0
2026-10-03T17:00:00,DG-001,80.77,0.138,296.5,59.2,78.2,74.41,27.47,NORMAL,0
2026-10-03T18:00:00,DG-001,79.18,0.269,353.9,69.8,35.0,74.31,26.75,NORMAL,0
2026-10-03T19:00:00,DG-001,82.5,0.152,367.3,73.7,78.6,75.78,26.16,NORMAL,0
2026-10-03T20:00:00,DG-001,82.78,0.357,391.0,76.4,93.6,78.07,25.83,NORMAL,0
2026-10-03T21:00:00,DG-001,99.25,0.476,420.6,89.8,23.2,89.87,25.88,WARNING,0
2026-10-03T22:00:00,DG-001,79.71,0.218,298.5,57.7,82.4,72.8,25.46,NORMAL,0
2026-10-03T23:00:00,DG-001,81.38,0.157,297.6,59.0,45.7,73.33,27.28,NORMAL,0
2026-10-04T00:00:00,DG-001,82.57,0.2,390.5,76.4,40.0,75.98,25.23,NORMAL,0
2026-10-04T01:00:00,DG-001,82.05,0.32,330.0,65.8,30.2,75.18,27.24,NORMAL,0
2026-10-04T02:00:00,DG-001,81.81,0.237,272.0,54.1,41.9,74.0,25.7,NORMAL,0
2026-10-04T03:00:00,DG-001,81.38,0.189,262.3,52.9,52.1,75.13,27.84,NORMAL,0
2026-10-04T04:00:00,DG-001,82.49,0.228,257.6,52.4,79.8,74.94,27.12,NORMAL,0
2026-10-04T05:00:00,DG-001,81.39,0.346,376.4,74.8,52.4,74.53,25.65,NORMAL,0
2026-10-04T06:00:00,DG-001,83.31,0.326,404.1,81.1,66.0,75.0,26.63,NORMAL,0
2026-10-04T07:00:00,DG-001,97.36,0.612,451.5,91.0,49.8,87.72,24.74,WARNING,0
2026-10-04T08:00:00,DG-001,79.24,0.225,272.4,52.9,89.9,73.78,27.77,NORMAL,0
2026-10-04T09:00:00,DG-001,97.75,0.666,401.8,82.2,81.3,90.07,24.23,WARNING,0
2026-10-04T10:00:00,DG-001,79.74,0.235,263.5,51.4,46.0,75.29,27.47,NORMAL,0
2026-10-04T11:00:00,DG-001,96.88,0.587,383.9,81.9,38.6,86.99,24.34,WARNING,0
2026-10-04T12:00:00,DG-001,79.84,0.236,334.0,66.9,93.5,75.08,25.44,NORMAL,0
2026-10-04T13:00:00,DG-001,78.33,0.185,258.2,52.3,23.1,74.27,26.4,NORMAL,0
2026-10-04T14:00:00,DG-001,82.11,0.264,311.6,62.7,49.3,75.04,27.48,NORMAL,0
2026-10-04T15:00:00,DG-001,82.59,0.184,307.6,61.4,79.2,73.86,27.38,NORMAL,0
2026-10-04T16:00:00,DG-001,103.89,0.827,339.2,85.0,23.2,104.63,22.11,FAILURE_PRECURSOR,1
2026-10-04T17:00:00,DG-001,98.94,0.5,396.1,80.3,21.8,89.41,25.71,WARNING,0
2026-10-04T18:00:00,DG-001,105.96,0.841,378.3,85.7,19.4,101.6,22.1,FAILURE_PRECURSOR,1
2026-10-04T19:00:00,DG-001,82.18,0.229,365.3,71.6,86.3,77.91,25.37,NORMAL,0
2026-10-04T20:00:00,DG-001,97.68,0.456,397.3,85.8,38.3,88.58,25.29,WARNING,0
2026-10-04T21:00:00,DG-001,85.38,0.248,408.3,83.1,83.8,77.7,25.37,NORMAL,0
2026-10-04T22:00:00,DG-001,98.38,0.695,364.7,78.4,36.4,88.55,25.75,WARNING,0
2026-10-04T23:00:00,DG-001,82.44,0.223,302.9,61.2,78.7,75.63,25.16,NORMAL,0
2026-10-05T00:00:00,DG-001,80.6,0.106,310.5,59.4,26.2,76.05,26.98,NORMAL,0
2026-10-05T01:00:00,DG-001,80.51,0.261,371.4,74.9,75.8,76.47,25.12,NORMAL,0
2026-10-05T02:00:00,DG-001,98.32,0.563,384.7,82.9,26.3,86.64,24.5,WARNING,0
2026-10-05T03:00:00,DG-001,80.91,0.141,300.3,60.6,40.3,75.48,26.98,NORMAL,0
2026-10-05T04:00:00,DG-001,82.09,0.28,409.6,83.0,39.8,77.09,27.66,NORMAL,0
2026-10-05T05:00:00,DG-001,98.54,0.489,380.9,79.0,69.6,88.05,23.52,WARNING,0
2026-10-05T06:00:00,DG-001,79.99,0.174,314.6,62.1,40.7,74.73,27.29,NORMAL,0
2026-10-05T07:00:00,DG-001,81.08,0.175,254.1,51.1,98.5,71.93,26.08,NORMAL,0
2026-10-05T08:00:00,DG-001,80.34,0.157,385.3,77.7,85.0,76.75,26.0,NORMAL,0
2026-10-05T09:00:00,DG-001,105.01,0.903,397.6,90.7,48.7,100.17,21.2,FAILURE_PRECURSOR,1
2026-10-05T10:00:00,DG-001,96.22,0.522,438.5,94.3,49.7,91.97,25.64,WARNING,0
2026-10-05T11:00:00,DG-001,81.36,0.253,314.7,61.2,82.5,73.45,27.63,NORMAL,0
2026-10-05T12:00:00,DG-001,81.19,0.12,324.1,62.9,57.7,76.57,25.16,NORMAL,0
2026-10-05T13:00:00,DG-001,79.21,0.142,264.1,53.0,74.7,74.29,27.92,NORMAL,0
2026-10-05T14:00:00,DG-001,78.78,0.171,315.4,63.4,73.9,74.85,26.56,NORMAL,0
2026-10-05T15:00:00,DG-001,83.11,0.194,420.2,84.2,37.1,76.69,26.04,NORMAL,0
2026-10-05T16:00:00,DG-001,84.45,0.212,417.8,84.3,75.8,76.39,25.71,NORMAL,0
2026-10-05T17:00:00,DG-001,81.05,0.233,400.2,79.2,49.3,76.93,26.77,NORMAL,0
2026-10-05T18:00:00,DG-001,83.38,0.205,381.4,77.5,45.7,75.87,25.26,NORMAL,0
2026-10-05T19:00:00,DG-001,79.2,0.22,290.0,58.9,42.8,74.33,25.71,NORMAL,0
2026-10-05T20:00:00,DG-001,99.55,0.439,398.8,85.6,34.2,89.27,23.18,WARNING,0
2026-10-05T21:00:00,DG-001,84.79,0.236,342.6,71.2,54.8,76.07,26.58,NORMAL,0
2026-10-05T22:00:00,DG-001,82.26,0.273,366.3,73.8,94.3,75.81,27.67,NORMAL,0
2026-10-05T23:00:00,DG-001,96.64,0.65,325.7,77.1,50.7,88.86,25.6,WARNING,0
2026-10-06T00:00:00,DG-001,97.75,0.533,336.6,76.4,48.8,88.2,24.03,WARNING,0
2026-10-06T01:00:00,DG-001,80.16,0.215,273.4,56.3,68.0,75.41,27.5,NORMAL,0
2026-10-06T02:00:00,DG-001,77.47,0.162,262.7,54.0,36.0,74.5,26.1,NORMAL,0
2026-10-06T03:00:00,DG-001,79.36,0.307,323.0,64.6,34.3,76.74,26.1,NORMAL,0
2026-10-06T04:00:00,DG-001,100.88,0.536,400.3,85.0,79.2,88.55,25.6,WARNING,0
2026-10-06T05:00:00,DG-001,80.08,0.274,320.5,63.3,55.5,76.35,26.36,NORMAL,0
2026-10-06T06:00:00,DG-001,101.02,0.652,404.9,82.9,26.1,89.17,23.11,WARNING,0
2026-10-06T07:00:00,DG-001,84.29,0.237,402.0,79.7,45.9,76.36,26.29,NORMAL,0
2026-10-06T08:00:00,DG-001,84.92,0.201,408.2,81.0,54.3,76.43,25.48,NORMAL,0
2026-10-06T09:00:00,DG-001,81.07,0.233,349.3,70.2,52.6,76.65,26.48,NORMAL,0
2026-10-06T10:00:00,DG-001,79.24,0.252,251.6,50.6,92.7,74.18,26.57,NORMAL,0
2026-10-06T11:00:00,DG-001,80.5,0.131,281.0,56.9,73.8,74.48,26.6,NORMAL,0
2026-10-06T12:00:00,DG-001,82.71,0.273,339.4,68.3,30.7,74.2,25.43,NORMAL,0
2026-10-06T13:00:00,DG-001,84.13,0.27,339.4,68.6,27.7,73.93,26.82,NORMAL,0
2026-10-06T14:00:00,DG-001,94.3,0.465,391.0,81.9,38.2,86.9,25.14,WARNING,0
2026-10-06T15:00:00,DG-001,80.65,0.223,312.6,64.6,22.4,75.94,25.22,NORMAL,0
2026-10-06T16:00:00,DG-001,80.02,0.173,286.7,56.0,44.0,73.7,25.66,NORMAL,0
2026-10-06T17:00:00,DG-001,81.04,0.187,395.9,80.2,32.5,75.97,26.8,NORMAL,0
2026-10-06T18:00:00,DG-001,79.22,0.376,351.0,69.8,24.4,74.45,25.19,NORMAL,0
2026-10-06T19:00:00,DG-001,101.34,0.629,426.3,88.5,64.2,89.07,25.08,WARNING,0
2026-10-06T20:00:00,DG-001,81.1,0.278,420.4,83.5,23.3,76.15,25.75,NORMAL,0
2026-10-06T21:00:00,DG-001,84.82,0.239,394.3,78.6,76.0,76.53,26.77,NORMAL,0
2026-10-06T22:00:00,DG-001,79.93,0.208,262.7,53.5,89.7,74.2,25.33,NORMAL,0
2026-10-06T23:00:00,DG-001,79.91,0.159,360.0,72.6,34.9,74.03,26.76,NORMAL,0
2026-10-07T00:00:00,DG-001,83.49,0.214,334.0,67.3,98.1,76.4,26.35,NORMAL,0
2026-10-07T01:00:00,DG-001,96.03,0.603,377.3,79.3,77.7,88.51,25.3,WARNING,0
2026-10-07T02:00:00,DG-001,77.91,0.199,296.8,58.3,58.7,74.34,27.74,NORMAL,0
2026-10-07T03:00:00,DG-001,82.33,0.223,348.5,68.7,29.7,75.8,27.5,NORMAL,0
2026-10-07T04:00:00,DG-001,78.32,0.292,256.7,52.0,78.9,75.06,25.89,NORMAL,0
2026-10-07T05:00:00,DG-001,85.1,0.194,400.2,80.1,76.3,75.41,27.89,NORMAL,0
2026-10-07T06:00:00,DG-001,99.06,0.429,456.8,88.6,66.0,88.13,23.69,WARNING,0
2026-10-07T07:00:00,DG-001,97.59,0.402,383.4,80.5,89.8,87.19,25.02,WARNING,0
2026-10-07T08:00:00,DG-001,81.06,0.338,411.2,83.2,45.6,76.51,27.61,NORMAL,0
2026-10-07T09:00:00,DG-001,79.96,0.162,339.8,68.3,99.7,75.67,26.04,NORMAL,0
2026-10-07T10:00:00,DG-001,84.2,0.222,394.5,79.7,21.8,78.5,27.07,NORMAL,0
2026-10-07T11:00:00,DG-001,82.28,0.262,369.3,73.1,30.8,75.91,26.94,NORMAL,0
2026-10-07T12:00:00,DG-001,79.04,0.29,325.0,66.5,62.5,75.58,26.28,NORMAL,0
2026-10-07T13:00:00,DG-001,82.03,0.26,340.5,69.2,58.0,76.9,26.39,NORMAL,0
2026-10-07T14:00:00,DG-001,83.06,0.281,376.7,76.0,73.5,77.28,25.45,NORMAL,0
2026-10-07T15:00:00,DG-001,81.52,0.171,249.2,50.1,26.3,72.96,25.79,NORMAL,0
2026-10-07T16:00:00,DG-001,81.11,0.211,253.0,51.2,22.1,73.86,26.56,NORMAL,0
2026-10-07T17:00:00,DG-001,80.87,0.269,329.2,65.7,54.8,76.09,26.29,NORMAL,0
2026-10-07T18:00:00,DG-001,81.29,0.285,421.2,83.3,37.5,74.29,27.36,NORMAL,0
2026-10-07T19:00:00,DG-001,79.97,0.181,341.0,67.7,56.0,76.36,25.54,NORMAL,0
2026-10-07T20:00:00,DG-001,85.35,0.292,414.5,81.6,91.7,76.29,27.15,NORMAL,0
2026-10-07T21:00:00,DG-001,81.94,0.254,419.9,85.0,92.6,77.14,27.43,NORMAL,0
2026-10-07T22:00:00,DG-001,82.11,0.246,300.1,58.2,92.2,74.72,27.43,NORMAL,0
2026-10-07T23:00:00,DG-001,84.94,0.212,392.5,76.0,60.4,76.14,27.52,NORMAL,0
2026-10-08T00:00:00,DG-001,82.63,0.227,374.5,73.2,36.9,74.59,26.27,NORMAL,0
2026-10-08T01:00:00,DG-001,82.02,0.264,404.9,80.6,49.7,76.22,26.81,NORMAL,0
2026-10-08T02:00:00,DG-001,79.12,0.141,289.0,57.9,24.4,75.18,27.34,NORMAL,0
2026-10-08T03:00:00,DG-001,81.32,0.246,341.0,68.6,46.7,74.05,25.8,NORMAL,0
2026-10-08T04:00:00,DG-001,95.38,0.681,445.8,90.8,65.0,91.65,23.78,WARNING,0
2026-10-08T05:00:00,DG-001,104.55,1.448,384.7,86.7,45.8,105.52,20.25,FAILURE_PRECURSOR,1
2026-10-08T06:00:00,DG-001,81.42,0.212,299.6,60.1,91.9,74.73,27.35,NORMAL,0
2026-10-08T07:00:00,DG-001,78.61,0.21,273.5,55.5,23.9,75.05,26.75,NORMAL,0
2026-10-08T08:00:00,DG-001,83.93,0.333,346.7,69.3,43.8,76.3,26.07,NORMAL,0
2026-10-08T09:00:00,DG-001,79.06,0.173,326.3,66.1,80.7,73.85,25.61,NORMAL,0
2026-10-08T10:00:00,DG-001,85.34,0.176,407.3,81.0,35.2,76.07,26.97,NORMAL,0
2026-10-08T11:00:00,DG-001,83.98,0.169,409.4,79.4,63.4,76.95,26.93,NORMAL,0
2026-10-08T12:00:00,DG-001,80.77,0.214,304.8,61.3,61.7,74.64,26.18,NORMAL,0
2026-10-08T13:00:00,DG-001,77.51,0.194,271.4,56.4,34.2,75.41,25.93,NORMAL,0
2026-10-08T14:00:00,DG-001,93.17,0.69,401.0,79.0,68.2,87.92,25.62,WARNING,0
2026-10-08T15:00:00,DG-001,79.24,0.175,250.7,50.1,77.8,72.66,26.56,NORMAL,0
2026-10-08T16:00:00,DG-001,80.02,0.311,260.7,53.2,74.6,75.8,27.25,NORMAL,0
2026-10-08T17:00:00,DG-001,79.58,0.252,256.8,51.0,22.6,73.52,26.46,NORMAL,0
2026-10-08T18:00:00,DG-001,99.17,0.43,413.9,83.7,21.6,86.01,24.64,WARNING,0
2026-10-08T19:00:00,DG-001,84.63,0.235,381.0,77.2,35.5,76.12,27.74,NORMAL,0
2026-10-08T20:00:00,DG-001,81.57,0.213,345.2,70.0,31.0,75.34,26.91,NORMAL,0
2026-10-08T21:00:00,DG-001,81.76,0.197,297.2,59.8,36.3,76.19,27.76,NORMAL,0
2026-10-08T22:00:00,DG-001,97.5,0.573,426.2,89.2,24.8,89.06,23.79,WARNING,0
2026-10-08T23:00:00,DG-001,99.04,0.679,388.4,77.0,88.4,85.95,25.54,WARNING,0
2026-10-09T00:00:00,DG-001,80.38,0.285,356.6,72.2,32.6,76.51,26.31,NORMAL,0
2026-10-09T01:00:00,DG-001,83.9,0.25,392.4,77.6,62.8,75.72,27.39,NORMAL,0
2026-10-09T02:00:00,DG-001,80.07,0.191,284.1,55.6,84.2,75.21,25.62,NORMAL,0
2026-10-09T03:00:00,DG-001,82.95,0.23,415.9,80.6,52.6,76.08,25.59,NORMAL,0
2026-10-09T04:00:00,DG-001,80.77,0.14,271.7,55.1,35.1,75.06,25.5,NORMAL,0
2026-10-09T05:00:00,DG-001,81.93,0.183,334.4,65.9,78.3,73.06,25.84,NORMAL,0
2026-10-09T06:00:00,DG-001,98.99,0.587,399.2,81.6,27.8,87.32,23.84,WARNING,0
2026-10-09T07:00:00,DG-001,112.7,1.349,445.7,95.6,11.0,100.57,23.67,FAILURE_PRECURSOR,1
2026-10-09T08:00:00,DG-001,100.39,0.571,415.1,89.2,73.8,88.27,24.33,WARNING,0
2026-10-09T09:00:00,DG-001,80.38,0.225,369.0,72.6,46.9,75.68,26.38,NORMAL,0
2026-10-09T10:00:00,DG-001,82.35,0.27,361.9,72.8,94.1,76.72,27.43,NORMAL,0
2026-10-09T11:00:00,DG-001,82.37,0.273,382.3,75.5,89.9,76.07,27.02,NORMAL,0
2026-10-09T12:00:00,DG-001,81.84,0.322,381.8,75.9,35.4,75.93,26.66,NORMAL,0
2026-10-09T13:00:00,DG-001,77.78,0.275,341.9,68.2,57.2,76.12,26.07,NORMAL,0
2026-10-09T14:00:00,DG-001,82.11,0.345,415.8,83.6,57.4,76.25,26.43,NORMAL,0
2026-10-09T15:00:00,DG-001,84.47,0.222,391.7,79.8,42.4,76.12,25.54,NORMAL,0
2026-10-09T16:00:00,DG-001,82.08,0.259,412.3,83.0,76.3,75.7,26.66,NORMAL,0
2026-10-09T17:00:00,DG-001,84.35,0.294,412.4,83.5,56.1,75.15,26.61,NORMAL,0
2026-10-09T18:00:00,DG-001,82.82,0.299,425.5,84.9,47.7,77.7,25.04,NORMAL,0
2026-10-09T19:00:00,DG-001,80.21,0.14,260.2,53.1,44.3,73.89,26.18,NORMAL,0
2026-10-09T20:00:00,DG-001,79.86,0.218,284.4,56.0,55.3,74.24,26.26,NORMAL,0
2026-10-09T21:00:00,DG-001,81.88,0.259,363.2,71.2,96.0,73.95,25.28,NORMAL,0
2026-10-09T22:00:00,DG-001,78.69,0.134,276.7,54.0,45.9,73.27,26.04,NORMAL,0
2026-10-09T23:00:00,DG-001,80.64,0.212,385.9,77.2,98.5,77.07,25.7,NORMAL,0
2026-10-10T00:00:00,DG-001,81.87,0.359,388.5,76.7,50.0,75.88,26.43,NORMAL,0
2026-10-10T01:00:00,DG-001,79.52,0.208,298.6,59.7,33.9,74.04,26.36,NORMAL,0
2026-10-10T02:00:00,DG-001,79.75,0.115,278.1,55.0,29.9,73.67,25.58,NORMAL,0
2026-10-10T03:00:00,DG-001,105.52,1.476,442.2,96.2,37.1,107.57,22.57,FAILURE_PRECURSOR,1
2026-10-10T04:00:00,DG-001,82.25,0.226,414.9,82.9,75.6,76.73,27.55,NORMAL,0
2026-10-10T05:00:00,DG-001,80.51,0.148,291.0,57.9,50.0,76.12,25.85,NORMAL,0
2026-10-10T06:00:00,DG-001,79.52,0.287,334.0,66.1,97.1,75.47,27.76,NORMAL,0
2026-10-10T07:00:00,DG-001,84.56,0.197,406.6,82.1,98.1,76.48,27.07,NORMAL,0
2026-10-10T08:00:00,DG-001,81.4,0.257,383.3,75.7,80.7,76.33,26.72,NORMAL,0
2026-10-10T09:00:00,DG-001,79.82,0.178,256.6,52.1,26.7,74.96,26.79,NORMAL,0
2026-10-10T10:00:00,DG-001,81.2,0.203,336.2,69.5,40.6,72.17,26.92,NORMAL,0
2026-10-10T11:00:00,DG-001,80.08,0.14,253.4,50.1,24.8,74.3,26.96,NORMAL,0
2026-10-10T12:00:00,DG-001,96.2,0.519,399.9,87.1,25.0,88.95,23.99,WARNING,0
2026-10-10T13:00:00,DG-001,81.2,0.239,314.9,64.1,36.9,73.71,27.52,NORMAL,0
2026-10-10T14:00:00,DG-001,107.55,1.221,416.6,86.1,36.0,103.97,23.83,FAILURE_PRECURSOR,1
2026-10-10T15:00:00,DG-001,100.12,0.634,449.6,89.4,68.0,90.19,24.31,WARNING,0
2026-10-10T16:00:00,DG-001,83.64,0.247,365.8,72.2,89.0,77.46,25.94,NORMAL,0
2026-10-10T17:00:00,DG-001,81.52,0.29,406.0,81.5,45.5,77.18,25.5,NORMAL,0
2026-10-10T18:00:00,DG-001,109.85,0.866,482.2,103.8,29.4,103.89,22.88,FAILURE_PRECURSOR,1
2026-10-10T19:00:00,DG-001,84.15,0.148,250.4,50.2,65.1,73.57,25.44,NORMAL,0
2026-10-10T20:00:00,DG-001,83.76,0.278,414.1,81.7,71.0,77.48,27.61,NORMAL,0
2026-10-10T21:00:00,DG-001,99.96,0.66,369.2,78.1,64.8,88.36,24.55,WARNING,0
2026-10-10T22:00:00,DG-001,83.19,0.33,356.5,73.5,76.0,74.04,26.28,NORMAL,0
2026-10-10T23:00:00,DG-001,82.1,0.321,338.1,68.0,60.9,76.06,27.36,NORMAL,0
2026-10-11T00:00:00,DG-001,80.69,0.207,316.4,63.9,71.1,74.43,27.02,NORMAL,0
2026-10-11T01:00:00,DG-001,81.66,0.147,378.7,75.4,70.6,75.35,26.13,NORMAL,0
2026-10-11T02:00:00,DG-001,80.87,0.294,251.7,51.7,42.0,73.83,26.87,NORMAL,0
2026-10-11T03:00:00,DG-001,79.94,0.21,259.1,52.0,63.6,73.19,25.23,NORMAL,0
2026-10-11T04:00:00,DG-001,81.67,0.385,419.7,82.3,91.7,79.03,27.74,NORMAL,0
2026-10-11T05:00:00,DG-001,82.42,0.28,311.4,62.1,75.6,72.86,27.94,NORMAL,0
2026-10-11T06:00:00,DG-001,79.55,0.143,275.8,55.4,28.6,71.19,27.71,NORMAL,0
2026-10-11T07:00:00,DG-001,80.97,0.237,277.0,55.0,57.3,75.3,25.63,NORMAL,0
2026-10-11T08:00:00,DG-001,79.79,0.265,334.1,68.2,29.8,76.14,27.65,NORMAL,0
2026-10-11T09:00:00,DG-001,79.8,0.27,285.4,56.5,57.0,73.69,27.45,NORMAL,0
2026-10-11T10:00:00,DG-001,84.19,0.306,361.5,72.1,49.9,75.68,25.64,NORMAL,0
2026-10-11T11:00:00,DG-001,83.91,0.288,425.5,82.6,62.9,77.8,26.07,NORMAL,0
2026-10-11T12:00:00,DG-001,81.33,0.349,351.1,69.7,28.6,75.87,25.15,NORMAL,0
2026-10-11T13:00:00,DG-001,80.08,0.198,306.7,63.2,96.7,75.95,26.52,NORMAL,0
2026-10-11T14:00:00,DG-001,97.91,0.432,424.6,90.9,55.5,89.06,23.79,WARNING,0
2026-10-11T15:00:00,DG-001,79.62,0.145,254.8,52.0,65.6,73.95,25.87,NORMAL,0
2026-10-11T16:00:00,DG-001,85.03,0.224,362.3,73.2,46.0,75.57,27.86,NORMAL,0
2026-10-11T17:00:00,DG-001,77.91,0.152,277.5,55.9,20.9,74.56,25.61,NORMAL,0
2026-10-11T18:00:00,DG-001,97.98,0.5,424.1,89.0,84.9,87.92,23.54,WARNING,0
2026-10-11T19:00:00,DG-001,84.51,0.167,421.3,83.7,75.6,76.18,25.12,NORMAL,0
2026-10-11T20:00:00,DG-001,84.45,0.276,352.0,70.2,42.6,74.19,26.28,NORMAL,0
2026-10-11T21:00:00,DG-001,84.2,0.193,416.8,83.3,72.1,77.76,26.11,NORMAL,0
2026-10-11T22:00:00,DG-001,79.63,0.257,292.7,55.7,90.7,73.34,27.3,NORMAL,0
2026-10-11T23:00:00,DG-001,98.71,0.409,382.9,86.4,22.1,87.61,23.96,WARNING,0
2026-10-12T00:00:00,DG-001,79.5,0.219,321.6,64.7,54.6,73.71,25.24,NORMAL,0
2026-10-12T01:00:00,DG-001,83.01,0.279,405.5,82.0,54.2,75.8,26.18,NORMAL,0
2026-10-12T02:00:00,DG-001,82.13,0.243,385.1,76.8,85.6,75.86,25.96,NORMAL,0
2026-10-12T03:00:00,DG-001,104.82,1.41,451.6,89.5,9.4,106.36,21.06,FAILURE_PRECURSOR,1
2026-10-12T04:00:00,DG-001,82.25,0.252,358.1,71.5,33.0,75.7,26.12,NORMAL,0
2026-10-12T05:00:00,DG-001,80.73,0.257,290.2,59.3,69.0,76.17,26.09,NORMAL,0
2026-10-12T06:00:00,DG-001,78.35,0.197,278.2,55.1,44.9,73.94,26.76,NORMAL,0
2026-10-12T07:00:00,DG-001,83.27,0.235,283.2,57.5,79.0,73.41,27.16,NORMAL,0
2026-10-12T08:00:00,DG-001,81.92,0.256,315.0,63.4,62.0,73.97,27.92,NORMAL,0
2026-10-12T09:00:00,DG-001,80.86,0.264,264.0,53.2,82.2,73.12,25.25,NORMAL,0
2026-10-12T10:00:00,DG-001,79.07,0.119,335.3,67.2,34.8,74.99,25.39,NORMAL,0
2026-10-12T11:00:00,DG-001,111.75,1.131,410.7,91.5,27.8,101.61,21.14,FAILURE_PRECURSOR,1
2026-10-12T12:00:00,DG-001,80.3,0.264,254.8,51.3,23.9,74.46,27.38,NORMAL,0
2026-10-12T13:00:00,DG-001,96.68,0.555,409.6,87.5,83.4,86.71,25.84,WARNING,0
2026-10-12T14:00:00,DG-001,81.07,0.309,348.6,70.3,83.3,76.21,25.64,NORMAL,0
2026-10-12T15:00:00,DG-001,80.41,0.249,351.8,69.5,60.3,73.67,25.74,NORMAL,0
2026-10-12T16:00:00,DG-001,82.74,0.188,412.0,83.0,59.0,77.16,27.55,NORMAL,0
2026-10-12T17:00:00,DG-001,111.77,1.375,434.2,89.3,19.6,103.33,21.35,FAILURE_PRECURSOR,1
2026-10-12T18:00:00,DG-001,79.35,0.214,268.3,51.9,56.7,73.64,25.29,NORMAL,0
2026-10-12T19:00:00,DG-001,81.12,0.28,356.3,70.3,85.6,75.47,26.25,NORMAL,0
2026-10-12T20:00:00,DG-001,83.81,0.251,385.5,78.0,49.3,76.46,26.56,NORMAL,0
2026-10-12T21:00:00,DG-001,84.36,0.29,384.7,76.8,31.3,74.18,27.92,NORMAL,0
2026-10-12T22:00:00,DG-001,79.67,0.368,341.9,67.1,90.4,74.33,25.88,NORMAL,0
2026-10-12T23:00:00,DG-001,83.26,0.222,344.8,69.5,96.1,77.36,25.84,NORMAL,0
2026-10-13T00:00:00,DG-001,81.29,0.308,384.2,77.3,86.6,74.97,27.12,NORMAL,0
2026-10-13T01:00:00,DG-001,81.34,0.196,314.5,63.9,92.6,74.21,25.93,NORMAL,0
2026-10-13T02:00:00,DG-001,80.27,0.241,297.5,59.6,81.3,74.06,27.26,NORMAL,0
2026-10-13T03:00:00,DG-001,112.99,0.876,537.6,107.3,8.8,104.91,23.89,FAILURE_PRECURSOR,1
2026-10-13T04:00:00,DG-001,79.98,0.12,337.6,67.2,78.9,75.3,27.41,NORMAL,0
2026-10-13T05:00:00,DG-001,83.21,0.291,400.3,80.9,66.3,75.53,26.22,NORMAL,0
2026-10-13T06:00:00,DG-001,112.84,1.067,500.3,108.9,47.3,107.32,20.36,FAILURE_PRECURSOR,1
2026-10-13T07:00:00,DG-001,80.4,0.26,332.4,66.0,60.5,76.7,26.78,NORMAL,0
2026-10-13T08:00:00,DG-001,99.94,0.658,433.3,89.8,53.5,87.67,23.99,WARNING,0
2026-10-13T09:00:00,DG-001,82.72,0.238,401.3,79.6,63.0,78.21,27.07,NORMAL,0
2026-10-13T10:00:00,DG-001,83.37,0.272,378.0,76.4,45.3,75.7,27.91,NORMAL,0
2026-10-13T11:00:00,DG-001,82.68,0.271,414.8,83.2,68.2,76.93,27.41,NORMAL,0
2026-10-13T12:00:00,DG-001,85.8,0.218,379.8,76.3,99.8,76.7,26.1,NORMAL,0
2026-10-13T13:00:00,DG-001,80.99,0.157,339.2,69.5,68.0,75.57,25.71,NORMAL,0
2026-10-13T14:00:00,DG-001,80.55,0.27,343.1,69.4,98.3,76.86,27.98,NORMAL,0
2026-10-13T15:00:00,DG-001,101.81,0.402,381.7,81.9,38.4,88.19,24.83,WARNING,0
2026-10-13T16:00:00,DG-001,81.83,0.346,381.9,77.4,69.3,76.83,25.54,NORMAL,0
2026-10-13T17:00:00,DG-001,85.95,0.227,388.8,78.7,47.0,77.92,27.16,NORMAL,0
2026-10-13T18:00:00,DG-001,80.21,0.182,294.0,58.2,33.2,74.23,25.27,NORMAL,0
2026-10-13T19:00:00,DG-001,80.13,0.287,362.5,72.4,86.4,77.94,26.2,NORMAL,0
2026-10-13T20:00:00,DG-001,107.7,0.866,446.4,95.8,40.3,103.02,21.3,FAILURE_PRECURSOR,1
2026-10-13T21:00:00,DG-001,83.3,0.284,384.2,74.3,72.0,76.36,27.88,NORMAL,0
2026-10-13T22:00:00,DG-001,81.64,0.192,350.5,68.9,84.8,74.15,27.6,NORMAL,0
2026-10-13T23:00:00,DG-001,77.68,0.16,262.7,51.6,49.7,72.09,25.09,NORMAL,0
2026-10-14T00:00:00,DG-001,79.96,0.258,323.1,65.1,38.9,74.36,25.31,NORMAL,0
2026-10-14T01:00:00,DG-001,79.89,0.278,320.4,64.1,51.3,75.07,27.08,NORMAL,0
2026-10-14T02:00:00,DG-001,82.13,0.196,340.4,67.2,87.4,76.41,25.99,NORMAL,0
2026-10-14T03:00:00,DG-001,111.54,1.367,384.8,92.4,26.5,105.87,20.59,FAILURE_PRECURSOR,1
2026-10-14T04:00:00,DG-001,80.21,0.203,255.8,51.8,21.2,73.97,25.67,NORMAL,0
2026-10-14T05:00:00,DG-001,85.54,0.304,361.8,71.0,57.6,77.12,25.5,NORMAL,0
2026-10-14T06:00:00,DG-001,81.98,0.185,393.1,77.0,46.2,75.48,25.9,NORMAL,0
2026-10-14T07:00:00,DG-001,81.89,0.173,378.9,74.8,21.6,76.49,26.65,NORMAL,0
2026-10-14T08:00:00,DG-001,102.56,0.437,449.9,93.2,84.1,91.47,23.86,WARNING,0
2026-10-14T09:00:00,DG-001,80.88,0.27,305.3,59.6,37.2,75.35,25.44,NORMAL,0
2026-10-14T10:00:00,DG-001,103.08,1.481,420.0,90.9,24.8,106.57,23.29,FAILURE_PRECURSOR,1
2026-10-14T11:00:00,DG-001,81.95,0.159,319.0,63.5,91.3,76.9,26.98,NORMAL,0
2026-10-14T12:00:00,DG-001,81.33,0.239,331.3,65.5,34.5,75.69,25.23,NORMAL,0
2026-10-14T13:00:00,DG-001,98.27,0.453,448.9,93.0,85.9,86.97,23.16,WARNING,0
2026-10-14T14:00:00,DG-001,80.14,0.23,341.7,67.1,69.0,75.91,25.1,NORMAL,0
2026-10-14T15:00:00,DG-001,95.36,0.699,391.3,83.8,84.7,87.13,25.54,WARNING,0
2026-10-14T16:00:00,DG-001,105.26,1.331,479.9,99.0,38.6,101.64,21.21,FAILURE_PRECURSOR,1
2026-10-14T17:00:00,DG-001,83.41,0.206,395.3,80.8,31.9,76.61,25.08,NORMAL,0
2026-10-14T18:00:00,DG-001,110.4,1.172,461.6,108.5,45.9,102.07,23.65,FAILURE_PRECURSOR,1
2026-10-14T19:00:00,DG-001,81.97,0.254,360.2,72.8,96.6,76.18,26.41,NORMAL,0
2026-10-14T20:00:00,DG-001,82.21,0.287,290.6,58.7,87.8,73.53,27.48,NORMAL,0
2026-10-14T21:00:00,DG-001,111.57,1.138,417.5,87.4,8.2,104.03,21.07,FAILURE_PRECURSOR,1
2026-10-14T22:00:00,DG-001,83.48,0.29,336.9,67.3,52.6,75.32,26.98,NORMAL,0
2026-10-14T23:00:00,DG-001,83.92,0.315,389.5,76.9,39.5,75.29,27.65,NORMAL,0
2026-10-15T00:00:00,DG-001,111.98,1.221,458.8,100.3,7.8,109.09,22.22,FAILURE_PRECURSOR,1
2026-10-15T01:00:00,DG-001,78.69,0.217,249.7,50.5,82.7,74.74,25.98,NORMAL,0
2026-10-15T02:00:00,DG-001,80.22,0.199,262.8,53.4,76.2,74.38,26.48,NORMAL,0
2026-10-15T03:00:00,DG-001,81.09,0.269,349.7,70.8,59.1,76.57,27.65,NORMAL,0
2026-10-15T04:00:00,DG-001,80.79,0.329,401.0,81.0,32.5,75.31,26.93,NORMAL,0
2026-10-15T05:00:00,DG-001,95.33,0.406,412.3,82.8,57.6,87.25,25.58,WARNING,0
2026-10-15T06:00:00,DG-001,81.11,0.282,346.3,68.5,66.6,73.23,27.66,NORMAL,0
2026-10-15T07:00:00,DG-001,81.12,0.239,275.9,53.1,69.7,74.21,25.38,NORMAL,0
2026-10-15T08:00:00,DG-001,95.17,0.478,361.0,76.2,73.0,86.57,25.07,WARNING,0
2026-10-15T09:00:00,DG-001,101.14,0.579,432.7,92.5,22.8,88.55,24.51,WARNING,0
2026-10-15T10:00:00,DG-001,110.57,1.486,453.0,96.1,40.0,102.79,23.96,FAILURE_PRECURSOR,1
2026-10-15T11:00:00,DG-001,84.37,0.232,404.0,82.5,65.1,77.34,27.78,NORMAL,0
2026-10-15T12:00:00,DG-001,81.28,0.164,296.5,59.8,27.5,75.12,27.32,NORMAL,0
2026-10-15T13:00:00,DG-001,83.9,0.114,303.4,58.4,58.5,72.78,27.18,NORMAL,0
2026-10-15T14:00:00,DG-001,81.14,0.223,346.1,69.2,39.1,74.89,25.74,NORMAL,0
2026-10-15T15:00:00,DG-001,79.81,0.201,299.6,59.2,62.8,73.45,27.9,NORMAL,0
2026-10-15T16:00:00,DG-001,81.33,0.258,378.5,75.7,83.2,75.92,25.44,NORMAL,0
2026-10-15T17:00:00,DG-001,80.16,0.233,342.2,69.4,72.0,76.06,25.16,NORMAL,0
2026-10-15T18:00:00,DG-001,82.69,0.219,400.9,81.1,79.2,77.34,26.1,NORMAL,0
2026-10-15T19:00:00,DG-001,76.59,0.232,254.8,50.6,61.8,73.66,27.8,NORMAL,0
2026-10-15T20:00:00,DG-001,81.12,0.116,288.0,57.0,68.3,74.54,27.27,NORMAL,0
2026-10-15T21:00:00,DG-001,82.57,0.327,346.7,69.0,23.1,76.36,26.87,NORMAL,0
2026-10-15T22:00:00,DG-001,82.55,0.214,416.3,81.7,60.1,75.35,26.8,NORMAL,0
2026-10-15T23:00:00,DG-001,81.62,0.201,300.2,61.3,79.2,75.55,27.09,NORMAL,0
2026-10-16T00:00:00,DG-001,79.26,0.236,246.7,50.1,26.1,74.87,25.84,NORMAL,0
2026-10-16T01:00:00,DG-001,100.98,0.418,372.9,75.8,21.8,85.0,25.98,WARNING,0
2026-10-16T02:00:00,DG-001,82.92,0.288,355.8,71.1,69.5,77.07,26.3,NORMAL,0
2026-10-16T03:00:00,DG-001,104.92,1.277,476.4,98.8,13.9,107.56,22.29,FAILURE_PRECURSOR,1
2026-10-16T04:00:00,DG-001,82.06,0.23,299.1,60.4,86.6,75.54,25.29,NORMAL,0
2026-10-16T05:00:00,DG-001,81.98,0.268,411.3,81.1,89.5,76.15,26.61,NORMAL,0
2026-10-16T06:00:00,DG-001,80.9,0.285,368.2,73.3,73.5,76.42,25.66,NORMAL,0
2026-10-16T07:00:00,DG-001,112.11,1.451,467.0,101.9,8.2,104.19,20.82,FAILURE_PRECURSOR,1
2026-10-16T08:00:00,DG-001,83.75,0.257,377.9,76.3,32.2,76.46,27.8,NORMAL,0
2026-10-16T09:00:00,DG-001,90.17,0.431,368.2,78.0,86.9,86.01,25.41,WARNING,0
2026-10-16T10:00:00,DG-001,97.5,0.401,401.3,83.6,76.5,87.53,25.04,WARNING,0
2026-10-16T11:00:00,DG-001,87.22,0.261,417.7,84.2,68.1,75.57,27.05,NORMAL,0
2026-10-16T12:00:00,DG-001,79.85,0.202,260.8,53.9,66.0,75.12,26.14,NORMAL,0
2026-10-16T13:00:00,DG-001,77.45,0.133,352.3,70.6,99.1,76.96,26.61,NORMAL,0
2026-10-16T14:00:00,DG-001,84.46,0.246,369.0,75.4,89.8,75.24,25.62,NORMAL,0
2026-10-16T15:00:00,DG-001,80.81,0.144,269.6,52.7,97.2,74.08,26.82,NORMAL,0
2026-10-16T16:00:00,DG-001,97.43,0.691,393.8,81.8,84.0,88.26,24.24,WARNING,0
2026-10-16T17:00:00,DG-001,80.93,0.267,367.0,70.9,34.2,74.94,25.17,NORMAL,0
2026-10-16T18:00:00,DG-001,97.64,0.53,417.0,82.1,20.1,87.04,23.78,WARNING,0
2026-10-16T19:00:00,DG-001,82.93,0.277,370.4,75.5,27.2,74.56,26.92,NORMAL,0
2026-10-16T20:00:00,DG-001,83.94,0.216,397.4,79.7,92.1,76.26,27.7,NORMAL,0
2026-10-16T21:00:00,DG-001,78.38,0.294,334.9,66.2,61.8,76.1,27.46,NORMAL,0
2026-10-16T22:00:00,DG-001,96.86,0.432,371.5,78.1,18.3,90.41,24.22,WARNING,0
2026-10-16T23:00:00,DG-001,97.17,0.671,407.4,75.9,82.2,88.37,24.86,WARNING,0
2026-10-17T00:00:00,DG-001,100.67,0.677,458.2,90.7,56.5,88.27,25.95,WARNING,0
2026-10-17T01:00:00,DG-001,82.18,0.245,400.5,79.8,38.0,76.86,27.36,NORMAL,0
2026-10-17T02:00:00,DG-001,96.63,0.541,406.3,84.6,36.0,88.96,23.41,WARNING,0
2026-10-17T03:00:00,DG-001,82.64,0.186,413.5,83.5,36.6,77.62,27.1,NORMAL,0
2026-10-17T04:00:00,DG-001,85.53,0.229,420.4,84.5,81.8,77.75,26.07,NORMAL,0
2026-10-17T05:00:00,DG-001,82.14,0.245,317.9,62.7,89.0,73.83,27.75,NORMAL,0
2026-10-17T06:00:00,DG-001,83.99,0.302,409.1,80.8,85.5,77.07,27.59,NORMAL,0
2026-10-17T07:00:00,DG-001,81.97,0.271,379.6,75.3,52.0,75.37,26.03,NORMAL,0
2026-10-17T08:00:00,DG-001,80.07,0.201,281.2,57.4,91.0,72.78,25.02,NORMAL,0
2026-10-17T09:00:00,DG-001,100.04,0.59,453.8,92.0,87.5,91.05,23.74,WARNING,0
2026-10-17T10:00:00,DG-001,83.1,0.241,365.6,72.7,42.1,75.41,25.48,NORMAL,0
2026-10-17T11:00:00,DG-001,83.54,0.214,363.4,72.1,42.4,75.68,25.89,NORMAL,0
2026-10-17T12:00:00,DG-001,81.44,0.232,337.2,66.3,96.3,76.35,25.91,NORMAL,0
2026-10-17T13:00:00,DG-001,82.65,0.209,334.8,68.5,75.8,76.32,26.32,NORMAL,0
2026-10-17T14:00:00,DG-001,109.29,1.127,433.8,97.4,16.2,105.98,22.79,FAILURE_PRECURSOR,1
2026-10-17T15:00:00,DG-001,98.03,0.46,445.1,93.7,41.3,87.29,24.92,WARNING,0
2026-10-17T16:00:00,DG-001,111.86,1.198,415.7,96.3,39.8,104.21,21.97,FAILURE_PRECURSOR,1
2026-10-17T17:00:00,DG-001,106.08,1.458,416.1,86.9,45.2,102.11,22.45,FAILURE_PRECURSOR,1
2026-10-17T18:00:00,DG-001,79.59,0.219,257.2,50.8,25.2,73.87,27.69,NORMAL,0
2026-10-17T19:00:00,DG-001,100.13,0.566,427.2,88.5,69.5,88.25,24.79,WARNING,0
2026-10-17T20:00:00,DG-001,79.75,0.258,333.4,65.5,46.9,76.31,25.83,NORMAL,0
2026-10-17T21:00:00,DG-001,106.9,0.879,463.0,100.9,21.8,105.42,21.28,FAILURE_PRECURSOR,1
2026-10-17T22:00:00,DG-001,81.75,0.283,381.7,75.8,59.3,77.27,26.73,NORMAL,0
2026-10-17T23:00:00,DG-001,81.18,0.254,253.6,51.9,58.3,74.02,27.01,NORMAL,0
2026-10-18T00:00:00,DG-001,80.35,0.186,248.4,50.1,58.8,74.75,26.96,NORMAL,0
2026-10-18T01:00:00,DG-001,82.37,0.337,358.3,71.8,86.9,76.88,27.87,NORMAL,0
2026-10-18T02:00:00,DG-001,84.86,0.28,347.4,68.9,54.4,76.52,25.41,NORMAL,0
2026-10-18T03:00:00,DG-001,105.26,0.923,409.7,93.2,24.2,102.21,20.9,FAILURE_PRECURSOR,1
2026-10-18T04:00:00,DG-001,83.51,0.243,404.2,81.1,25.5,75.66,27.99,NORMAL,0
2026-10-18T05:00:00,DG-001,81.93,0.155,308.8,61.7,76.5,74.3,26.69,NORMAL,0
2026-10-18T06:00:00,DG-001,79.7,0.26,346.5,67.5,67.7,75.81,27.97,NORMAL,0
2026-10-18T07:00:00,DG-001,98.96,0.464,443.1,91.7,33.8,90.63,24.56,WARNING,0
2026-10-18T08:00:00,DG-001,82.13,0.321,400.1,81.7,91.2,75.52,25.27,NORMAL,0
2026-10-18T09:00:00,DG-001,111.81,1.117,491.7,107.6,41.9,105.52,23.53,FAILURE_PRECURSOR,1
2026-10-18T10:00:00,DG-001,82.94,0.322,368.9,72.4,39.2,76.36,27.3,NORMAL,0
2026-10-18T11:00:00,DG-001,83.27,0.244,383.6,77.3,64.5,75.87,25.3,NORMAL,0
2026-10-18T12:00:00,DG-001,81.41,0.145,285.0,59.2,94.3,76.11,25.42,NORMAL,0
2026-10-18T13:00:00,DG-001,81.82,0.137,264.4,54.3,91.7,73.71,26.47,NORMAL,0
2026-10-18T14:00:00,DG-001,82.55,0.306,350.1,67.0,74.6,75.21,26.86,NORMAL,0
2026-10-18T15:00:00,DG-001,81.24,0.219,342.3,68.1,56.5,75.25,26.98,NORMAL,0
2026-10-18T16:00:00,DG-001,115.05,1.524,423.1,107.5,36.4,104.02,23.17,FAILURE_PRECURSOR,1
2026-10-18T17:00:00,DG-001,77.87,0.198,272.4,54.1,22.5,75.65,26.19,NORMAL,0
2026-10-18T18:00:00,DG-001,85.17,0.136,350.9,71.5,26.2,75.45,26.58,NORMAL,0
2026-10-18T19:00:00,DG-001,80.63,0.154,338.1,67.2,46.0,76.43,27.61,NORMAL,0
2026-10-18T20:00:00,DG-001,81.98,0.253,402.7,79.1,41.5,77.2,26.39,NORMAL,0
2026-10-18T21:00:00,DG-001,81.32,0.212,404.1,80.3,47.8,77.14,25.78,NORMAL,0
2026-10-18T22:00:00,DG-001,98.97,0.523,422.3,89.7,70.5,88.89,24.53,WARNING,0
2026-10-18T23:00:00,DG-001,79.24,0.229,262.8,53.5,62.5,75.06,27.98,NORMAL,0
2026-10-19T00:00:00,DG-001,85.3,0.182,385.3,77.0,44.2,76.8,27.41,NORMAL,0
2026-10-19T01:00:00,DG-001,80.16,0.215,267.8,53.5,40.4,74.25,25.47,NORMAL,0
2026-10-19T02:00:00,DG-001,82.39,0.286,419.3,84.3,70.3,78.3,27.98,NORMAL,0
2026-10-19T03:00:00,DG-001,83.95,0.28,346.5,69.5,37.1,73.66,25.93,NORMAL,0
2026-10-19T04:00:00,DG-001,111.5,1.056,393.9,85.8,8.3,100.16,20.15,FAILURE_PRECURSOR,1
2026-10-19T05:00:00,DG-001,81.08,0.161,346.9,68.5,59.0,76.64,26.52,NORMAL,0
2026-10-19T06:00:00,DG-001,79.75,0.219,313.1,62.3,53.9,74.36,25.19,NORMAL,0
2026-10-19T07:00:00,DG-001,81.5,0.254,311.3,63.0,57.6,75.45,27.87,NORMAL,0
2026-10-19T08:00:00,DG-001,81.64,0.3,397.4,79.5,33.6,75.83,26.85,NORMAL,0
2026-10-19T09:00:00,DG-001,84.59,0.323,362.4,70.8,31.8,75.19,25.22,NORMAL,0
2026-10-19T10:00:00,DG-001,97.02,0.468,377.8,76.3,29.9,85.71,24.2,WARNING,0
2026-10-19T11:00:00,DG-001,81.83,0.262,374.4,74.0,30.9,77.17,26.41,NORMAL,0
2026-10-19T12:00:00,DG-001,96.91,0.622,371.8,76.4,77.2,90.36,25.22,WARNING,0
2026-10-19T13:00:00,DG-001,81.4,0.257,318.6,63.0,53.2,72.61,27.91,NORMAL,0
2026-10-19T14:00:00,DG-001,98.55,0.493,416.7,83.3,26.2,89.11,25.94,WARNING,0
2026-10-19T15:00:00,DG-001,98.16,0.499,407.0,85.5,18.8,87.03,23.77,WARNING,0
2026-10-19T16:00:00,DG-001,82.98,0.297,318.2,63.7,96.4,75.12,26.21,NORMAL,0
2026-10-19T17:00:00,DG-001,110.8,1.225,417.0,89.8,26.2,104.84,22.74,FAILURE_PRECURSOR,1
2026-10-19T18:00:00,DG-001,82.25,0.184,397.2,78.2,63.9,76.5,26.12,NORMAL,0
2026-10-19T19:00:00,DG-001,83.81,0.285,396.4,79.3,73.9,75.65,25.41,NORMAL,0
2026-10-19T20:00:00,DG-001,82.75,0.217,386.3,77.1,57.0,75.14,26.82,NORMAL,0
2026-10-19T21:00:00,DG-001,81.38,0.221,258.2,51.1,56.0,74.4,27.79,NORMAL,0
2026-10-19T22:00:00,DG-001,81.57,0.268,327.4,63.9,21.1,75.6,25.77,NORMAL,0
2026-10-19T23:00:00,DG-001,83.73,0.126,308.7,61.8,23.8,75.24,25.77,NORMAL,0
2026-10-20T00:00:00,DG-001,80.18,0.138,330.2,65.1,85.2,76.58,26.48,NORMAL,0
2026-10-20T01:00:00,DG-001,97.56,0.59,402.5,86.8,15.8,88.4,23.58,WARNING,0
2026-10-20T02:00:00,DG-001,80.51,0.21,357.7,72.7,33.4,74.43,27.5,NORMAL,0
2026-10-20T03:00:00,DG-001,82.16,0.256,346.5,70.2,55.1,75.76,27.44,NORMAL,0
2026-10-20T04:00:00,DG-001,81.65,0.235,318.1,61.5,78.0,73.98,27.02,NORMAL,0
2026-10-20T05:00:00,DG-001,82.56,0.252,383.1,76.6,85.2,77.17,26.46,NORMAL,0
2026-10-20T06:00:00,DG-001,80.02,0.211,260.5,52.2,60.4,74.0,25.72,NORMAL,0
2026-10-20T07:00:00,DG-001,83.12,0.251,419.8,82.3,28.9,74.77,27.18,NORMAL,0
2026-10-20T08:00:00,DG-001,82.95,0.166,405.8,83.2,57.1,73.99,26.34,NORMAL,0
2026-10-20T09:00:00,DG-001,107.78,1.028,402.2,87.9,46.4,100.9,20.01,FAILURE_PRECURSOR,1
2026-10-20T10:00:00,DG-001,81.72,0.242,406.2,81.4,82.5,75.13,25.12,NORMAL,0
2026-10-20T11:00:00,DG-001,98.59,0.544,441.5,89.0,55.6,86.9,24.54,WARNING,0
2026-10-20T12:00:00,DG-001,97.54,0.428,413.4,82.0,21.8,88.87,25.91,WARNING,0
2026-10-20T13:00:00,DG-001,83.52,0.298,353.6,70.9,24.1,73.41,25.34,NORMAL,0
2026-10-20T14:00:00,DG-001,83.17,0.151,353.7,69.9,77.5,75.78,27.65,NORMAL,0
2026-10-20T15:00:00,DG-001,96.2,0.596,355.3,75.1,76.1,87.13,25.82,WARNING,0
2026-10-20T16:00:00,DG-001,83.66,0.155,322.8,65.4,86.9,76.99,25.14,NORMAL,0
2026-10-20T17:00:00,DG-001,110.37,1.533,467.1,104.5,42.7,103.66,20.28,FAILURE_PRECURSOR,1
2026-10-20T18:00:00,DG-001,103.29,1.103,425.7,92.4,12.1,107.17,20.59,FAILURE_PRECURSOR,1
2026-10-20T19:00:00,DG-001,80.01,0.148,261.9,51.9,92.5,75.98,26.35,NORMAL,0
2026-10-20T20:00:00,DG-001,95.83,0.439,382.8,80.5,75.8,89.36,24.15,WARNING,0
2026-10-20T21:00:00,DG-001,82.72,0.255,328.5,65.8,22.9,76.27,27.54,NORMAL,0
2026-10-20T22:00:00,DG-001,80.81,0.162,251.9,50.4,29.8,73.85,26.24,NORMAL,0
2026-10-20T23:00:00,DG-001,83.8,0.287,372.3,74.3,37.9,75.34,27.91,NORMAL,0
2026-10-21T00:00:00,DG-001,81.01,0.296,348.3,70.2,40.2,76.25,27.62,NORMAL,0
2026-10-21T01:00:00,DG-001,79.58,0.157,318.7,62.5,55.9,75.0,27.28,NORMAL,0
2026-10-21T02:00:00,DG-001,82.79,0.313,394.7,79.9,45.7,77.84,25.45,NORMAL,0
2026-10-21T03:00:00,DG-001,80.03,0.249,379.1,76.9,77.0,76.95,26.7,NORMAL,0
2026-10-21T04:00:00,DG-001,96.96,0.58,384.8,80.4,39.4,87.59,24.78,WARNING,0
2026-10-21T05:00:00,DG-001,81.84,0.139,347.9,68.4,35.6,74.84,27.07,NORMAL,0
2026-10-21T06:00:00,DG-001,81.35,0.117,323.1,65.2,39.4,74.9,25.14,NORMAL,0
2026-10-21T07:00:00,DG-001,95.63,0.615,458.2,91.9,54.4,89.92,23.38,WARNING,0
2026-10-21T08:00:00,DG-001,84.79,0.259,385.3,77.2,22.3,77.59,26.49,NORMAL,0
2026-10-21T09:00:00,DG-001,84.06,0.323,365.8,73.7,88.6,76.81,27.63,NORMAL,0
2026-10-21T10:00:00,DG-001,83.82,0.27,337.9,66.5,73.8,74.63,26.23,NORMAL,0
2026-10-21T11:00:00,DG-001,83.77,0.337,376.4,74.8,30.2,76.3,27.49,NORMAL,0
2026-10-21T12:00:00,DG-001,82.77,0.214,329.0,65.7,64.3,78.18,27.35,NORMAL,0
2026-10-21T13:00:00,DG-001,95.41,0.468,377.0,77.1,64.1,86.88,25.2,WARNING,0
2026-10-21T14:00:00,DG-001,79.93,0.21,292.9,59.5,88.2,73.74,27.5,NORMAL,0
2026-10-21T15:00:00,DG-001,80.41,0.249,298.6,59.3,94.3,74.92,25.07,NORMAL,0
2026-10-21T16:00:00,DG-001,81.42,0.217,358.6,72.7,66.6,75.82,27.88,NORMAL,0
2026-10-21T17:00:00,DG-001,81.89,0.268,396.8,78.9,37.1,74.03,26.0,NORMAL,0
2026-10-21T18:00:00,DG-001,97.72,0.559,403.8,84.0,82.6,89.05,24.69,WARNING,0
2026-10-21T19:00:00,DG-001,83.92,0.264,423.7,82.6,68.9,77.19,25.25,NORMAL,0
2026-10-21T20:00:00,DG-001,92.6,0.691,403.0,83.8,72.9,86.77,23.09,WARNING,0
2026-10-21T21:00:00,DG-001,79.91,0.237,249.4,50.1,75.1,73.76,27.75,NORMAL,0
2026-10-21T22:00:00,DG-001,82.22,0.309,391.5,77.5,65.3,76.35,27.26,NORMAL,0
2026-10-21T23:00:00,DG-001,79.65,0.269,293.3,57.4,34.5,72.75,27.44,NORMAL,0
2026-10-22T00:00:00,DG-001,77.33,0.131,260.7,52.7,45.6,73.33,25.69,NORMAL,0
2026-10-22T01:00:00,DG-001,80.25,0.225,323.2,65.3,40.3,75.08,25.04,NORMAL,0
2026-10-22T02:00:00,DG-001,82.48,0.289,346.1,69.8,68.7,75.35,26.68,NORMAL,0
2026-10-22T03:00:00,DG-001,83.07,0.171,273.2,54.9,29.6,74.92,26.62,NORMAL,0
2026-10-22T04:00:00,DG-001,77.49,0.201,263.3,53.1,51.7,72.85,25.65,NORMAL,0
2026-10-22T05:00:00,DG-001,79.86,0.173,286.5,57.5,32.0,75.07,26.15,NORMAL,0
2026-10-22T06:00:00,DG-001,81.79,0.195,265.2,54.2,75.3,74.81,27.88,NORMAL,0
2026-10-22T07:00:00,DG-001,96.39,0.6,366.2,80.1,16.2,89.71,25.32,WARNING,0
2026-10-22T08:00:00,DG-001,84.41,0.203,400.5,81.3,92.8,74.89,27.24,NORMAL,0
2026-10-22T09:00:00,DG-001,84.59,0.206,305.4,59.7,52.4,74.63,27.3,NORMAL,0
2026-10-22T10:00:00,DG-001,81.87,0.212,289.7,56.8,32.2,77.06,27.17,NORMAL,0
2026-10-22T11:00:00,DG-001,79.77,0.304,301.3,62.1,53.5,75.47,27.02,NORMAL,0
2026-10-22T12:00:00,DG-001,83.11,0.259,290.4,57.5,38.5,75.41,27.05,NORMAL,0
2026-10-22T13:00:00,DG-001,110.21,1.091,379.4,91.7,48.1,104.03,20.65,FAILURE_PRECURSOR,1
2026-10-22T14:00:00,DG-001,82.93,0.292,338.9,68.1,41.3,76.25,25.82,NORMAL,0
2026-10-22T15:00:00,DG-001,82.71,0.315,384.5,77.1,45.0,75.73,26.21,NORMAL,0
2026-10-22T16:00:00,DG-001,79.55,0.198,318.7,61.8,68.3,74.26,27.81,NORMAL,0
2026-10-22T17:00:00,DG-001,78.03,0.306,289.0,58.0,24.2,75.39,27.74,NORMAL,0
2026-10-22T18:00:00,DG-001,100.08,0.453,425.4,88.2,33.6,91.82,24.08,WARNING,0
2026-10-22T19:00:00,DG-001,78.23,0.276,297.3,58.4,50.4,74.51,25.96,NORMAL,0
2026-10-22T20:00:00,DG-001,95.28,0.55,407.9,79.0,45.7,87.41,23.67,WARNING,0
2026-10-22T21:00:00,DG-001,82.26,0.194,335.6,67.8,81.9,75.19,25.05,NORMAL,0
2026-10-22T22:00:00,DG-001,83.41,0.252,289.4,59.1,76.2,73.87,26.71,NORMAL,0
2026-10-22T23:00:00,DG-001,115.79,0.888,454.4,103.1,28.7,105.64,22.01,FAILURE_PRECURSOR,1
2026-10-23T00:00:00,DG-001,97.0,0.409,373.4,75.2,25.3,86.57,23.14,WARNING,0
2026-10-23T01:00:00,DG-001,82.5,0.213,340.9,67.3,54.2,77.23,27.27,NORMAL,0
2026-10-23T02:00:00,DG-001,77.26,0.245,329.9,64.4,98.4,74.86,25.79,NORMAL,0
2026-10-23T03:00:00,DG-001,109.39,1.146,393.6,90.7,8.6,102.67,20.74,FAILURE_PRECURSOR,1
2026-10-23T04:00:00,DG-001,80.85,0.229,295.6,58.4,30.2,74.44,26.86,NORMAL,0
2026-10-23T05:00:00,DG-001,82.69,0.283,324.5,65.4,53.8,72.99,26.56,NORMAL,0
2026-10-23T06:00:00,DG-001,82.64,0.364,401.4,81.7,79.7,76.88,26.59,NORMAL,0
2026-10-23T07:00:00,DG-001,84.05,0.222,338.2,66.8,69.4,76.18,25.74,NORMAL,0
2026-10-23T08:00:00,DG-001,98.94,0.452,419.9,86.2,85.6,89.89,23.87,WARNING,0
2026-10-23T09:00:00,DG-001,78.83,0.131,309.9,62.5,94.7,74.4,25.48,NORMAL,0
2026-10-23T10:00:00,DG-001,84.01,0.209,377.0,76.0,75.2,77.2,26.54,NORMAL,0
2026-10-23T11:00:00,DG-001,81.62,0.275,378.9,76.2,51.6,77.72,25.64,NORMAL,0
2026-10-23T12:00:00,DG-001,99.85,0.468,443.9,93.2,85.4,89.59,24.28,WARNING,0
2026-10-23T13:00:00,DG-001,107.67,1.185,405.4,92.4,16.7,103.74,20.07,FAILURE_PRECURSOR,1
2026-10-23T14:00:00,DG-001,107.27,0.859,444.7,96.2,33.1,104.87,21.85,FAILURE_PRECURSOR,1
2026-10-23T15:00:00,DG-001,107.24,1.57,487.5,95.5,35.1,106.59,22.03,FAILURE_PRECURSOR,1
2026-10-23T16:00:00,DG-001,83.23,0.281,407.5,82.1,39.7,77.0,25.52,NORMAL,0
2026-10-23T17:00:00,DG-001,79.38,0.222,362.6,73.3,57.5,76.27,26.94,NORMAL,0
2026-10-23T18:00:00,DG-001,109.51,1.546,434.2,103.4,14.1,105.9,22.7,FAILURE_PRECURSOR,1
2026-10-23T19:00:00,DG-001,83.25,0.21,336.2,67.8,50.4,76.38,27.81,NORMAL,0
2026-10-23T20:00:00,DG-001,97.42,0.631,390.9,80.2,35.3,84.17,24.62,WARNING,0
2026-10-23T21:00:00,DG-001,78.77,0.166,302.6,60.3,21.9,73.81,25.51,NORMAL,0
2026-10-23T22:00:00,DG-001,81.67,0.182,285.2,58.1,64.2,75.01,26.61,NORMAL,0
2026-10-23T23:00:00,DG-001,79.83,0.207,300.1,58.5,84.5,76.78,26.3,NORMAL,0
2026-10-24T00:00:00,DG-001,78.16,0.226,312.3,61.1,80.5,75.84,26.43,NORMAL,0
2026-10-24T01:00:00,DG-001,81.99,0.218,325.5,64.9,67.9,74.63,25.47,NORMAL,0
2026-10-24T02:00:00,DG-001,81.07,0.212,298.1,59.2,73.9,76.03,25.19,NORMAL,0
2026-10-24T03:00:00,DG-001,85.01,0.218,315.0,63.3,76.0,74.41,27.67,NORMAL,0
2026-10-24T04:00:00,DG-001,97.74,0.678,404.0,93.3,39.9,86.7,25.49,WARNING,0
2026-10-24T05:00:00,DG-001,80.18,0.242,311.0,61.6,27.8,75.47,25.3,NORMAL,0
2026-10-24T06:00:00,DG-001,79.28,0.373,314.6,62.5,47.4,76.84,27.21,NORMAL,0
2026-10-24T07:00:00,DG-001,79.67,0.158,250.7,51.0,95.7,74.04,27.47,NORMAL,0
2026-10-24T08:00:00,DG-001,78.93,0.239,257.0,51.9,42.3,75.79,25.16,NORMAL,0
2026-10-24T09:00:00,DG-001,81.97,0.216,379.9,75.8,94.3,75.33,26.42,NORMAL,0
2026-10-24T10:00:00,DG-001,81.95,0.218,384.5,77.2,82.2,76.19,27.61,NORMAL,0
2026-10-24T11:00:00,DG-001,82.92,0.225,395.6,79.7,34.8,76.9,27.31,NORMAL,0
2026-10-24T12:00:00,DG-001,112.73,0.994,524.5,106.3,35.4,105.42,21.61,FAILURE_PRECURSOR,1
2026-10-24T13:00:00,DG-001,80.43,0.184,353.7,69.7,35.6,75.22,25.49,NORMAL,0
2026-10-24T14:00:00,DG-001,82.72,0.242,278.1,55.5,96.3,74.14,27.59,NORMAL,0
2026-10-24T15:00:00,DG-001,84.2,0.34,400.7,81.7,92.2,76.94,27.59,NORMAL,0
2026-10-24T16:00:00,DG-001,83.17,0.28,408.8,83.5,97.8,76.91,27.4,NORMAL,0
2026-10-24T17:00:00,DG-001,99.28,0.436,403.6,81.3,29.2,86.27,23.03,WARNING,0
2026-10-24T18:00:00,DG-001,81.13,0.272,399.7,80.6,24.4,75.88,26.74,NORMAL,0
2026-10-24T19:00:00,DG-001,107.04,1.336,408.1,88.1,12.2,104.29,22.2,FAILURE_PRECURSOR,1
2026-10-24T20:00:00,DG-001,82.48,0.209,273.2,55.3,34.2,73.67,26.99,NORMAL,0
2026-10-24T21:00:00,DG-001,82.57,0.177,351.9,71.9,87.9,75.28,26.97,NORMAL,0
2026-10-24T22:00:00,DG-001,81.45,0.213,264.4,51.6,27.6,73.64,27.5,NORMAL,0
2026-10-24T23:00:00,DG-001,99.84,0.57,414.7,91.5,49.2,90.85,23.6,WARNING,0
2026-10-25T00:00:00,DG-001,83.09,0.334,422.3,84.9,54.0,77.1,26.25,NORMAL,0
2026-10-25T01:00:00,DG-001,105.99,1.495,456.9,94.8,23.8,100.35,23.04,FAILURE_PRECURSOR,1
2026-10-25T02:00:00,DG-001,82.19,0.285,377.2,75.0,21.7,76.44,27.87,NORMAL,0
2026-10-25T03:00:00,DG-001,111.07,0.969,387.7,88.7,16.8,106.31,21.7,FAILURE_PRECURSOR,1
2026-10-25T04:00:00,DG-001,80.82,0.14,273.7,53.7,93.8,75.18,26.11,NORMAL,0
2026-10-25T05:00:00,DG-001,80.48,0.241,269.0,53.9,28.8,74.67,27.27,NORMAL,0
2026-10-25T06:00:00,DG-001,93.23,0.688,383.7,78.4,81.8,88.37,25.43,WARNING,0
2026-10-25T07:00:00,DG-001,99.85,0.68,434.3,93.6,24.2,88.29,24.93,WARNING,0
2026-10-25T08:00:00,DG-001,84.68,0.319,386.0,77.1,42.4,76.54,26.29,NORMAL,0
2026-10-25T09:00:00,DG-001,81.74,0.257,302.6,59.7,66.2,75.02,25.79,NORMAL,0
2026-10-25T10:00:00,DG-001,81.19,0.252,409.1,81.2,94.0,76.05,25.33,NORMAL,0
2026-10-25T11:00:00,DG-001,79.48,0.131,305.1,58.8,55.7,75.94,26.34,NORMAL,0
2026-10-25T12:00:00,DG-001,84.92,0.187,319.0,63.4,43.9,74.57,27.04,NORMAL,0
2026-10-25T13:00:00,DG-001,86.89,0.278,413.4,83.1,92.8,78.57,25.58,NORMAL,0
2026-10-25T14:00:00,DG-001,81.9,0.088,340.1,69.6,26.8,76.65,27.03,NORMAL,0
2026-10-25T15:00:00,DG-001,81.7,0.259,400.2,79.9,25.7,75.99,25.21,NORMAL,0
2026-10-25T16:00:00,DG-001,80.59,0.143,282.1,57.3,43.3,73.87,26.54,NORMAL,0
2026-10-25T17:00:00,DG-001,80.34,0.268,372.2,73.9,62.6,76.01,27.87,NORMAL,0
2026-10-25T18:00:00,DG-001,81.5,0.212,329.8,66.0,32.6,76.17,26.65,NORMAL,0
2026-10-25T19:00:00,DG-001,81.6,0.224,431.7,84.8,61.9,77.24,25.75,NORMAL,0
2026-10-25T20:00:00,DG-001,81.74,0.171,337.0,66.8,34.6,75.51,26.8,NORMAL,0
2026-10-25T21:00:00,DG-001,83.65,0.141,368.7,73.3,45.2,75.29,27.73,NORMAL,0
2026-10-25T22:00:00,DG-001,96.04,0.516,344.6,76.8,24.9,89.28,23.26,WARNING,0
2026-10-25T23:00:00,DG-001,86.37,0.314,418.6,83.3,60.4,75.29,26.88,NORMAL,0
2026-10-26T00:00:00,DG-001,81.58,0.287,322.8,63.0,62.9,75.37,26.91,NORMAL,0
2026-10-26T01:00:00,DG-001,79.99,0.201,278.7,55.4,86.5,75.21,26.0,NORMAL,0
2026-10-26T02:00:00,DG-001,81.05,0.277,341.9,69.3,98.1,75.04,25.07,NORMAL,0
2026-10-26T03:00:00,DG-001,93.08,0.676,403.8,83.9,51.5,89.53,23.7,WARNING,0
2026-10-26T04:00:00,DG-001,81.19,0.255,329.0,65.7,85.6,76.65,26.69,NORMAL,0
2026-10-26T05:00:00,DG-001,78.99,0.285,374.9,75.8,75.1,76.94,27.69,NORMAL,0
2026-10-26T06:00:00,DG-001,82.61,0.173,346.9,68.3,69.2,75.03,26.9,NORMAL,0
2026-10-26T07:00:00,DG-001,81.52,0.311,370.6,72.1,53.7,75.83,25.49,NORMAL,0
2026-10-26T08:00:00,DG-001,81.6,0.137,281.4,55.5,66.5,75.81,27.14,NORMAL,0
2026-10-26T09:00:00,DG-001,99.42,0.698,459.8,91.5,80.5,89.87,25.46,WARNING,0
2026-10-26T10:00:00,DG-001,83.94,0.204,414.1,82.6,33.8,75.71,25.66,NORMAL,0
2026-10-26T11:00:00,DG-001,84.23,0.274,383.8,76.8,21.8,77.32,27.9,NORMAL,0
2026-10-26T12:00:00,DG-001,80.9,0.165,308.2,62.2,84.3,75.39,25.09,NORMAL,0
2026-10-26T13:00:00,DG-001,111.76,1.029,397.1,86.1,46.2,106.09,23.96,FAILURE_PRECURSOR,1
2026-10-26T14:00:00,DG-001,81.18,0.263,368.7,73.6,63.6,75.04,26.21,NORMAL,0
2026-10-26T15:00:00,DG-001,83.27,0.226,351.2,69.5,66.3,75.17,26.17,NORMAL,0
2026-10-26T16:00:00,DG-001,83.39,0.277,384.6,78.3,96.8,77.26,26.91,NORMAL,0
2026-10-26T17:00:00,DG-001,84.6,0.243,421.5,83.5,58.4,77.25,27.13,NORMAL,0
2026-10-26T18:00:00,DG-001,84.12,0.26,419.1,82.6,75.5,76.59,25.74,NORMAL,0
2026-10-26T19:00:00,DG-001,80.44,0.211,289.2,60.2,97.6,76.51,25.87,NORMAL,0
2026-10-26T20:00:00,DG-001,95.04,0.595,411.9,85.5,23.8,87.38,25.53,WARNING,0
2026-10-26T21:00:00,DG-001,80.34,0.206,253.8,52.0,48.7,74.11,27.58,NORMAL,0
2026-10-26T22:00:00,DG-001,83.13,0.252,369.0,74.3,96.5,76.35,27.68,NORMAL,0
2026-10-26T23:00:00,DG-001,80.58,0.233,346.1,68.6,80.7,76.09,27.36,NORMAL,0
2026-10-27T00:00:00,DG-001,83.52,0.275,377.8,76.3,86.0,76.63,25.28,NORMAL,0
2026-10-27T01:00:00,DG-001,100.19,0.693,430.1,88.8,25.9,88.08,24.57,WARNING,0
2026-10-27T02:00:00,DG-001,83.47,0.23,390.8,78.0,31.7,75.41,27.4,NORMAL,0
2026-10-27T03:00:00,DG-001,79.49,0.324,320.2,64.9,32.5,74.34,27.59,NORMAL,0
2026-10-27T04:00:00,DG-001,79.74,0.185,264.0,53.4,63.3,73.9,25.28,NORMAL,0
2026-10-27T05:00:00,DG-001,79.29,0.337,364.1,72.1,24.9,76.02,26.88,NORMAL,0
2026-10-27T06:00:00,DG-001,85.12,0.16,340.7,68.3,85.4,75.55,26.44,NORMAL,0
2026-10-27T07:00:00,DG-001,79.66,0.254,273.8,52.4,73.3,75.1,27.15,NORMAL,0
2026-10-27T08:00:00,DG-001,82.5,0.314,399.0,79.5,79.3,75.38,26.07,NORMAL,0
2026-10-27T09:00:00,DG-001,81.38,0.267,297.3,59.2,38.8,74.18,27.26,NORMAL,0
2026-10-27T10:00:00,DG-001,108.73,1.287,433.4,94.3,13.1,104.92,21.63,FAILURE_PRECURSOR,1
2026-10-27T11:00:00,DG-001,96.39,0.665,366.7,75.8,40.2,86.16,25.14,WARNING,0
2026-10-27T12:00:00,DG-001,94.78,0.434,402.4,86.9,86.2,86.66,23.96,WARNING,0
2026-10-27T13:00:00,DG-001,85.16,0.231,397.5,80.7,67.8,75.15,26.11,NORMAL,0
2026-10-27T14:00:00,DG-001,112.02,0.998,410.6,92.1,10.7,104.07,22.25,FAILURE_PRECURSOR,1
2026-10-27T15:00:00,DG-001,80.4,0.233,289.1,56.6,60.0,74.16,25.94,NORMAL,0
2026-10-27T16:00:00,DG-001,81.83,0.112,343.5,69.5,77.1,77.3,27.05,NORMAL,0
2026-10-27T17:00:00,DG-001,82.03,0.267,345.6,66.5,99.9,76.41,26.92,NORMAL,0
2026-10-27T18:00:00,DG-001,79.98,0.227,260.7,50.7,71.8,74.68,27.23,NORMAL,0
2026-10-27T19:00:00,DG-001,83.07,0.263,348.9,70.2,73.2,74.97,26.19,NORMAL,0
2026-10-27T20:00:00,DG-001,78.16,0.174,286.5,58.4,80.1,74.75,26.19,NORMAL,0
2026-10-27T21:00:00,DG-001,79.37,0.226,383.2,77.0,91.0,76.54,27.18,NORMAL,0
2026-10-27T22:00:00,DG-001,78.44,0.217,282.8,56.9,91.1,75.09,25.94,NORMAL,0
2026-10-27T23:00:00,DG-001,81.43,0.222,393.5,81.0,47.1,76.08,25.61,NORMAL,0
2026-10-28T00:00:00,DG-001,83.74,0.293,395.6,79.1,25.9,76.32,25.51,NORMAL,0
2026-10-28T01:00:00,DG-001,84.32,0.253,383.9,77.8,35.7,76.46,25.23,NORMAL,0
2026-10-28T02:00:00,DG-001,97.88,0.576,458.8,93.5,56.2,87.24,25.46,WARNING,0
2026-10-28T03:00:00,DG-001,79.65,0.176,309.6,61.5,51.8,75.99,25.81,NORMAL,0
2026-10-28T04:00:00,DG-001,113.61,1.43,422.2,103.7,39.7,105.54,22.37,FAILURE_PRECURSOR,1
2026-10-28T05:00:00,DG-001,76.47,0.154,274.9,54.0,64.9,73.76,26.84,NORMAL,0
2026-10-28T06:00:00,DG-001,79.78,0.172,252.0,51.4,24.6,74.87,25.15,NORMAL,0
2026-10-28T07:00:00,DG-001,78.81,0.188,270.1,54.7,38.2,72.4,27.23,NORMAL,0
2026-10-28T08:00:00,DG-001,82.9,0.271,402.5,78.5,33.2,75.27,26.46,NORMAL,0
2026-10-28T09:00:00,DG-001,81.38,0.313,420.7,84.3,69.3,77.3,26.17,NORMAL,0
2026-10-28T10:00:00,DG-001,77.96,0.2,298.0,60.2,32.9,75.17,27.25,NORMAL,0
2026-10-28T11:00:00,DG-001,81.2,0.229,309.8,61.7,34.2,76.41,27.95,NORMAL,0
2026-10-28T12:00:00,DG-001,84.0,0.269,395.4,77.9,41.0,76.6,25.53,NORMAL,0
2026-10-28T13:00:00,DG-001,85.86,0.204,405.3,79.8,67.5,75.96,25.6,NORMAL,0
2026-10-28T14:00:00,DG-001,80.75,0.277,317.3,64.1,51.2,76.12,25.56,NORMAL,0
2026-10-28T15:00:00,DG-001,99.64,0.523,425.4,89.1,41.2,87.5,23.21,WARNING,0
2026-10-28T16:00:00,DG-001,81.03,0.229,336.7,66.2,37.8,73.62,25.5,NORMAL,0
2026-10-28T17:00:00,DG-001,81.87,0.217,346.8,70.7,41.7,77.18,25.96,NORMAL,0
2026-10-28T18:00:00,DG-001,82.4,0.218,342.2,68.0,42.7,74.85,26.75,NORMAL,0
2026-10-28T19:00:00,DG-001,82.87,0.076,366.1,71.6,30.5,73.99,27.01,NORMAL,0
2026-10-28T20:00:00,DG-001,83.92,0.186,351.3,70.3,96.3,74.66,25.7,NORMAL,0
2026-10-28T21:00:00,DG-001,106.67,0.965,450.1,98.7,27.1,105.54,20.16,FAILURE_PRECURSOR,1
2026-10-28T22:00:00,DG-001,80.16,0.173,260.2,52.3,74.9,75.73,26.44,NORMAL,0
2026-10-28T23:00:00,DG-001,81.93,0.202,263.0,52.2,99.4,73.52,25.14,NORMAL,0
2026-10-29T00:00:00,DG-001,81.64,0.306,420.5,83.9,54.3,77.37,26.73,NORMAL,0
2026-10-29T01:00:00,DG-001,83.34,0.218,342.9,68.6,22.2,75.01,27.51,NORMAL,0
2026-10-29T02:00:00,DG-001,77.68,0.247,259.6,51.8,93.4,74.59,26.69,NORMAL,0
2026-10-29T03:00:00,DG-001,80.72,0.244,349.3,69.7,98.6,75.97,27.66,NORMAL,0
2026-10-29T04:00:00,DG-001,83.36,0.259,389.4,78.1,26.2,76.04,26.31,NORMAL,0
2026-10-29T05:00:00,DG-001,77.72,0.202,262.5,53.4,30.4,74.21,26.55,NORMAL,0
2026-10-29T06:00:00,DG-001,81.52,0.24,304.0,60.9,97.7,75.44,25.94,NORMAL,0
2026-10-29T07:00:00,DG-001,79.41,0.221,251.4,50.3,91.1,73.03,25.2,NORMAL,0
2026-10-29T08:00:00,DG-001,83.51,0.259,304.5,61.5,95.3,76.35,27.7,NORMAL,0
2026-10-29T09:00:00,DG-001,84.11,0.281,418.7,81.9,80.1,75.69,25.71,NORMAL,0
2026-10-29T10:00:00,DG-001,82.44,0.326,336.9,66.8,44.6,75.75,27.4,NORMAL,0
2026-10-29T11:00:00,DG-001,109.4,1.59,452.6,101.2,22.9,102.35,21.96,FAILURE_PRECURSOR,1
2026-10-29T12:00:00,DG-001,111.11,1.188,423.7,97.3,39.6,107.29,20.79,FAILURE_PRECURSOR,1
2026-10-29T13:00:00,DG-001,107.35,1.031,420.8,86.1,38.2,102.55,20.76,FAILURE_PRECURSOR,1
2026-10-29T14:00:00,DG-001,82.38,0.149,382.6,76.9,24.9,76.37,27.79,NORMAL,0
2026-10-29T15:00:00,DG-001,83.68,0.24,315.9,64.2,30.6,75.06,25.47,NORMAL,0
2026-10-29T16:00:00,DG-001,81.62,0.224,393.0,77.1,39.1,76.23,25.63,NORMAL,0
2026-10-29T17:00:00,DG-001,83.21,0.266,383.3,77.2,59.8,76.45,27.26,NORMAL,0
2026-10-29T18:00:00,DG-001,81.93,0.263,343.1,69.0,76.6,74.5,25.91,NORMAL,0
2026-10-29T19:00:00,DG-001,79.3,0.191,263.9,53.8,34.9,75.22,26.72,NORMAL,0
2026-10-29T20:00:00,DG-001,79.72,0.248,270.3,53.6,99.1,74.94,25.78,NORMAL,0
2026-10-29T21:00:00,DG-001,83.84,0.244,391.4,78.7,48.0,75.63,26.18,NORMAL,0
2026-10-29T22:00:00,DG-001,82.5,0.258,383.3,75.1,35.7,76.39,26.31,NORMAL,0
2026-10-29T23:00:00,DG-001,82.9,0.355,392.9,78.5,33.9,73.72,25.1,NORMAL,0
2026-10-30T00:00:00,DG-001,81.97,0.272,327.8,63.9,81.4,74.08,26.55,NORMAL,0
2026-10-30T01:00:00,DG-001,82.13,0.28,327.1,65.4,53.5,73.7,25.92,NORMAL,0
2026-10-30T02:00:00,DG-001,82.16,0.218,381.6,76.9,64.5,75.69,26.46,NORMAL,0
2026-10-30T03:00:00,DG-001,94.59,0.432,358.7,77.3,44.4,85.15,24.12,WARNING,0
2026-10-30T04:00:00,DG-001,99.98,0.412,451.3,91.7,65.5,89.86,24.78,WARNING,0
2026-10-30T05:00:00,DG-001,82.15,0.195,413.6,81.9,42.6,76.42,27.13,NORMAL,0
2026-10-30T06:00:00,DG-001,82.28,0.2,422.8,85.0,69.1,76.96,27.46,NORMAL,0
2026-10-30T07:00:00,DG-001,83.11,0.244,409.3,83.3,96.0,76.6,26.15,NORMAL,0
2026-10-30T08:00:00,DG-001,82.36,0.23,398.2,79.2,20.9,76.44,26.79,NORMAL,0
2026-10-30T09:00:00,DG-001,80.76,0.266,257.2,51.9,56.9,73.55,27.4,NORMAL,0
2026-10-30T10:00:00,DG-001,81.26,0.251,293.4,57.8,65.8,75.57,27.82,NORMAL,0
2026-10-30T11:00:00,DG-001,80.77,0.282,337.0,67.6,82.1,75.71,26.61,NORMAL,0
2026-10-30T12:00:00,DG-001,82.0,0.237,297.9,61.2,67.2,76.37,25.78,NORMAL,0
2026-10-30T13:00:00,DG-001,78.85,0.33,393.8,78.2,56.4,76.61,26.67,NORMAL,0
2026-10-30T14:00:00,DG-001,95.97,0.402,355.6,77.5,88.0,86.52,23.92,WARNING,0
2026-10-30T15:00:00,DG-001,80.42,0.324,349.5,70.6,28.1,76.31,27.64,NORMAL,0
2026-10-30T16:00:00,DG-001,80.75,0.18,327.7,66.0,90.9,77.91,25.46,NORMAL,0
2026-10-30T17:00:00,DG-001,80.89,0.154,356.4,70.7,86.7,74.41,27.97,NORMAL,0
2026-10-30T18:00:00,DG-001,82.5,0.315,387.0,76.5,30.9,76.27,27.09,NORMAL,0
2026-10-30T19:00:00,DG-001,97.13,0.649,369.6,75.5,40.5,89.41,24.7,WARNING,0
2026-10-30T20:00:00,DG-001,80.95,0.148,262.9,52.4,32.5,76.17,26.33,NORMAL,0
2026-10-30T21:00:00,DG-001,84.68,0.159,401.0,80.8,38.9,77.84,25.27,NORMAL,0
2026-10-30T22:00:00,DG-001,83.54,0.197,304.6,62.8,60.8,74.07,27.32,NORMAL,0
2026-10-30T23:00:00,DG-001,96.47,0.677,448.3,94.0,78.9,86.9,24.61,WARNING,0
2026-10-31T00:00:00,DG-001,80.0,0.221,295.4,58.8,36.1,75.92,26.96,NORMAL,0
2026-10-31T01:00:00,DG-001,83.43,0.255,344.2,68.6,48.7,77.04,27.68,NORMAL,0
2026-10-31T02:00:00,DG-001,79.25,0.202,365.1,72.7,31.1,74.98,25.58,NORMAL,0
2026-10-31T03:00:00,DG-001,81.53,0.319,368.1,74.1,80.6,76.65,25.22,NORMAL,0
2026-10-31T04:00:00,DG-001,82.65,0.267,353.6,69.9,60.0,75.21,26.17,NORMAL,0
2026-10-31T05:00:00,DG-001,82.45,0.297,260.7,52.5,58.1,75.07,25.73,NORMAL,0
2026-10-31T06:00:00,DG-001,81.39,0.194,348.7,69.7,23.7,75.45,27.65,NORMAL,0
2026-10-31T07:00:00,DG-001,82.18,0.095,348.3,69.8,63.3,77.44,27.76,NORMAL,0
2026-10-31T08:00:00,DG-001,83.92,0.242,425.3,83.4,24.7,76.86,26.54,NORMAL,0
2026-10-31T09:00:00,DG-001,82.58,0.247,350.9,71.7,83.1,76.5,25.13,NORMAL,0
2026-10-31T10:00:00,DG-001,100.37,0.472,418.1,87.3,66.6,89.01,23.15,WARNING,0
2026-10-31T11:00:00,DG-001,77.39,0.313,302.7,61.7,20.1,74.74,25.82,NORMAL,0
2026-10-31T12:00:00,DG-001,80.04,0.239,288.8,58.3,96.0,73.74,26.05,NORMAL,0
2026-10-31T13:00:00,DG-001,82.92,0.217,367.0,71.3,90.7,75.43,27.06,NORMAL,0
2026-10-31T14:00:00,DG-001,81.37,0.155,331.7,67.6,30.3,75.42,25.63,NORMAL,0
2026-10-31T15:00:00,DG-001,81.9,0.233,382.5,76.8,77.3,75.28,26.96,NORMAL,0
2026-10-31T16:00:00,DG-001,81.67,0.241,356.9,71.8,62.7,75.59,26.73,NORMAL,0
2026-10-31T17:00:00,DG-001,82.36,0.217,305.0,61.7,23.5,77.11,27.38,NORMAL,0
2026-10-31T18:00:00,DG-001,116.75,0.879,524.3,109.8,26.9,102.48,21.49,FAILURE_PRECURSOR,1
2026-10-31T19:00:00,DG-001,81.0,0.153,376.8,74.9,27.8,76.07,26.93,NORMAL,0
2026-10-31T20:00:00,DG-001,80.92,0.312,328.3,64.7,81.3,75.63,25.31,NORMAL,0
2026-10-31T21:00:00,DG-001,82.74,0.267,385.4,78.7,46.4,75.81,25.98,NORMAL,0
2026-10-31T22:00:00,DG-001,97.38,0.63,347.1,76.3,28.8,87.34,24.36,WARNING,0
2026-10-31T23:00:00,DG-001,111.75,0.841,525.8,110.0,36.2,107.1,21.3,FAILURE_PRECURSOR,1
2026-11-01T00:00:00,DG-001,80.76,0.24,273.1,54.5,50.1,75.69,25.46,NORMAL,0
2026-11-01T01:00:00,DG-001,94.97,0.479,349.6,75.3,49.3,88.01,24.07,WARNING,0
2026-11-01T02:00:00,DG-001,82.0,0.291,381.5,75.0,64.5,79.4,25.72,NORMAL,0
2026-11-01T03:00:00,DG-001,82.68,0.225,327.6,66.5,97.4,74.84,26.46,NORMAL,0
2026-11-01T04:00:00,DG-001,101.91,0.423,429.5,93.6,66.0,90.2,24.21,WARNING,0
2026-11-01T05:00:00,DG-001,82.62,0.284,334.7,67.7,41.7,76.97,25.64,NORMAL,0
2026-11-01T06:00:00,DG-001,82.58,0.333,374.9,75.9,28.8,75.84,25.87,NORMAL,0
2026-11-01T07:00:00,DG-001,101.06,0.63,411.2,85.2,24.3,85.72,24.18,WARNING,0
2026-11-01T08:00:00,DG-001,83.78,0.304,380.6,76.4,24.4,77.05,27.11,NORMAL,0
2026-11-01T09:00:00,DG-001,82.72,0.2,387.4,78.0,28.5,76.85,25.0,NORMAL,0
2026-11-01T10:00:00,DG-001,82.69,0.319,317.1,64.3,83.0,74.69,26.91,NORMAL,0
2026-11-01T11:00:00,DG-001,83.07,0.247,399.6,81.2,77.5,74.54,26.5,NORMAL,0
2026-11-01T12:00:00,DG-001,83.66,0.183,419.3,82.3,78.1,75.79,25.45,NORMAL,0
2026-11-01T13:00:00,DG-001,79.82,0.227,305.9,60.2,82.3,74.45,27.66,NORMAL,0
2026-11-01T14:00:00,DG-001,80.19,0.263,295.2,58.7,81.7,74.97,27.67,NORMAL,0
2026-11-01T15:00:00,DG-001,93.13,0.607,390.7,80.6,67.6,86.72,23.91,WARNING,0
2026-11-01T16:00:00,DG-001,83.46,0.269,367.7,73.3,42.8,77.82,27.35,NORMAL,0
2026-11-01T17:00:00,DG-001,81.52,0.239,373.8,75.4,30.2,75.73,26.02,NORMAL,0
2026-11-01T18:00:00,DG-001,82.88,0.218,386.1,77.2,67.4,77.01,27.31,NORMAL,0
2026-11-01T19:00:00,DG-001,80.24,0.293,294.4,58.6,89.4,73.27,26.61,NORMAL,0
2026-11-01T20:00:00,DG-001,80.66,0.322,355.9,71.3,63.6,75.29,25.46,NORMAL,0
2026-11-01T21:00:00,DG-001,80.2,0.2,336.1,66.1,32.8,75.11,26.97,NORMAL,0
2026-11-01T22:00:00,DG-001,81.41,0.138,408.5,82.6,24.3,77.66,27.6,NORMAL,0
2026-11-01T23:00:00,DG-001,113.52,1.538,445.1,104.2,10.1,106.49,21.63,FAILURE_PRECURSOR,1
2026-11-02T00:00:00,DG-001,83.39,0.195,430.6,84.9,36.1,75.69,25.15,NORMAL,0
2026-11-02T01:00:00,DG-001,83.81,0.178,297.7,58.9,21.2,76.59,26.65,NORMAL,0
2026-11-02T02:00:00,DG-001,81.94,0.261,317.2,65.5,32.9,73.87,27.26,NORMAL,0
2026-11-02T03:00:00,DG-001,82.73,0.223,391.2,76.5,91.6,76.8,26.15,NORMAL,0
2026-11-02T04:00:00,DG-001,82.64,0.261,314.7,62.5,49.7,75.65,25.04,NORMAL,0
2026-11-02T05:00:00,DG-001,80.14,0.154,390.9,79.5,61.1,75.86,27.92,NORMAL,0
2026-11-02T06:00:00,DG-001,79.1,0.198,256.3,51.7,82.0,74.28,26.1,NORMAL,0
2026-11-02T07:00:00,DG-001,98.01,0.521,397.8,84.7,76.0,87.23,24.02,WARNING,0
2026-11-02T08:00:00,DG-001,80.69,0.168,290.2,57.0,85.9,75.09,27.39,NORMAL,0
2026-11-02T09:00:00,DG-001,81.17,0.25,393.2,80.3,72.7,75.36,26.18,NORMAL,0
2026-11-02T10:00:00,DG-001,82.08,0.132,290.6,57.9,88.1,74.08,25.54,NORMAL,0
2026-11-02T11:00:00,DG-001,81.71,0.313,290.6,57.7,32.2,74.23,26.36,NORMAL,0
2026-11-02T12:00:00,DG-001,96.53,0.618,380.0,77.7,36.7,85.76,25.27,WARNING,0
2026-11-02T13:00:00,DG-001,80.59,0.205,287.1,59.0,78.7,75.15,25.19,NORMAL,0
2026-11-02T14:00:00,DG-001,83.96,0.282,349.1,71.8,74.2,75.05,27.53,NORMAL,0
2026-11-02T15:00:00,DG-001,80.36,0.155,287.4,56.8,92.5,73.44,25.47,NORMAL,0
2026-11-02T16:00:00,DG-001,84.53,0.269,380.0,76.7,89.3,76.16,25.56,NORMAL,0
2026-11-02T17:00:00,DG-001,78.56,0.157,263.1,50.5,56.3,73.84,26.23,NORMAL,0
2026-11-02T18:00:00,DG-001,100.21,0.601,420.2,86.7,84.5,88.87,25.51,WARNING,0
2026-11-02T19:00:00,DG-001,81.38,0.198,289.9,57.5,45.4,75.63,25.19,NORMAL,0
2026-11-02T20:00:00,DG-001,82.0,0.327,294.4,58.7,91.6,74.6,25.77,NORMAL,0
2026-11-02T21:00:00,DG-001,81.01,0.233,268.3,53.2,92.6,75.32,27.13,NORMAL,0
2026-11-02T22:00:00,DG-001,78.39,0.218,263.7,52.9,84.4,73.11,27.45,NORMAL,0
2026-11-02T23:00:00,DG-001,98.8,0.556,430.1,90.4,24.5,88.85,24.45,WARNING,0
2026-11-03T00:00:00,DG-001,114.47,1.266,408.3,94.4,14.4,102.0,23.48,FAILURE_PRECURSOR,1
2026-11-03T01:00:00,DG-001,82.01,0.35,298.3,59.1,35.9,73.82,27.72,NORMAL,0
2026-11-03T02:00:00,DG-001,83.65,0.164,355.3,70.5,65.4,75.18,25.07,NORMAL,0
2026-11-03T03:00:00,DG-001,85.21,0.262,403.1,80.8,78.1,77.04,27.64,NORMAL,0
2026-11-03T04:00:00,DG-001,80.16,0.274,273.1,53.6,29.0,74.28,27.71,NORMAL,0
2026-11-03T05:00:00,DG-001,83.99,0.304,407.9,81.3,33.4,75.69,26.75,NORMAL,0
2026-11-03T06:00:00,DG-001,94.17,0.425,409.7,81.2,29.9,85.24,23.21,WARNING,0
2026-11-03T07:00:00,DG-001,80.73,0.194,263.5,53.5,82.5,73.28,27.31,NORMAL,0
2026-11-03T08:00:00,DG-001,110.25,0.844,397.3,102.6,31.6,107.13,22.99,FAILURE_PRECURSOR,1
2026-11-03T09:00:00,DG-001,77.77,0.124,280.4,56.3,74.3,73.93,27.1,NORMAL,0
2026-11-03T10:00:00,DG-001,83.67,0.19,392.5,77.1,37.7,77.42,26.78,NORMAL,0
2026-11-03T11:00:00,DG-001,109.77,1.23,547.8,109.4,29.6,105.37,23.9,FAILURE_PRECURSOR,1
2026-11-03T12:00:00,DG-001,82.11,0.275,421.8,83.4,93.6,76.1,27.59,NORMAL,0
2026-11-03T13:00:00,DG-001,79.81,0.126,273.0,53.3,86.2,75.06,26.29,NORMAL,0
2026-11-03T14:00:00,DG-001,78.96,0.126,269.8,54.3,46.4,74.72,26.02,NORMAL,0
2026-11-03T15:00:00,DG-001,83.42,0.254,295.0,57.5,83.6,75.63,26.45,NORMAL,0
2026-11-03T16:00:00,DG-001,97.91,0.655,458.4,92.0,27.7,90.42,25.33,WARNING,0
2026-11-03T17:00:00,DG-001,81.22,0.176,269.0,53.6,45.4,74.67,27.66,NORMAL,0
2026-11-03T18:00:00,DG-001,97.53,0.695,395.1,81.8,80.6,87.63,23.33,WARNING,0
2026-11-03T19:00:00,DG-001,84.76,0.243,399.8,80.0,79.6,76.55,25.34,NORMAL,0
2026-11-03T20:00:00,DG-001,81.39,0.208,352.4,69.7,43.2,77.15,27.76,NORMAL,0
2026-11-03T21:00:00,DG-001,82.43,0.306,417.9,83.3,37.8,76.98,25.29,NORMAL,0
2026-11-03T22:00:00,DG-001,82.47,0.187,252.9,51.2,85.0,73.98,27.46,NORMAL,0
2026-11-03T23:00:00,DG-001,108.7,0.996,497.2,103.6,41.3,107.0,22.17,FAILURE_PRECURSOR,1
2026-11-04T00:00:00,DG-001,84.18,0.237,352.6,70.8,95.8,75.27,26.68,NORMAL,0
2026-11-04T01:00:00,DG-001,82.3,0.245,387.2,76.0,70.8,74.28,27.48,NORMAL,0
2026-11-04T02:00:00,DG-001,82.47,0.182,301.3,60.0,22.1,73.87,25.72,NORMAL,0
2026-11-04T03:00:00,DG-001,101.17,0.527,412.7,85.2,37.3,88.3,23.86,WARNING,0
2026-11-04T04:00:00,DG-001,78.32,0.257,255.4,53.3,99.4,75.16,27.66,NORMAL,0
2026-11-04T05:00:00,DG-001,114.86,1.349,469.6,104.1,23.6,104.35,22.65,FAILURE_PRECURSOR,1
2026-11-04T06:00:00,DG-001,81.53,0.259,353.3,69.0,86.8,74.42,25.56,NORMAL,0
2026-11-04T07:00:00,DG-001,79.79,0.273,303.7,62.3,80.2,74.5,27.45,NORMAL,0
2026-11-04T08:00:00,DG-001,97.63,0.603,443.4,88.0,36.5,90.0,25.31,WARNING,0
2026-11-04T09:00:00,DG-001,83.4,0.172,389.4,78.0,60.1,75.55,27.18,NORMAL,0
2026-11-04T10:00:00,DG-001,81.36,0.185,308.8,61.2,100.0,73.54,25.41,NORMAL,0
2026-11-04T11:00:00,DG-001,79.64,0.244,305.0,61.0,68.1,75.71,25.24,NORMAL,0
2026-11-04T12:00:00,DG-001,80.91,0.161,369.5,74.5,80.1,74.84,27.44,NORMAL,0
2026-11-04T13:00:00,DG-001,81.5,0.237,317.7,62.8,30.2,75.91,26.91,NORMAL,0
2026-11-04T14:00:00,DG-001,82.36,0.314,407.9,82.8,31.2,76.69,25.69,NORMAL,0
2026-11-04T15:00:00,DG-001,97.64,0.615,458.7,91.2,62.1,87.59,25.27,WARNING,0
2026-11-04T16:00:00,DG-001,96.08,0.528,402.1,83.5,32.9,91.33,24.13,WARNING,0
2026-11-04T17:00:00,DG-001,78.67,0.255,280.8,54.7,81.5,75.34,26.1,NORMAL,0
2026-11-04T18:00:00,DG-001,116.83,1.127,446.3,96.0,49.5,102.71,22.23,FAILURE_PRECURSOR,1
2026-11-04T19:00:00,DG-001,81.46,0.222,297.3,60.1,43.9,75.2,26.03,NORMAL,0
2026-11-04T20:00:00,DG-001,97.13,0.672,425.5,87.2,28.8,88.48,23.04,WARNING,0
2026-11-04T21:00:00,DG-001,106.36,0.916,397.5,87.0,8.1,104.52,21.63,FAILURE_PRECURSOR,1
2026-11-04T22:00:00,DG-001,95.52,0.552,386.2,84.9,72.5,90.45,25.32,WARNING,0
2026-11-04T23:00:00,DG-001,82.97,0.294,384.6,76.5,33.3,77.11,27.1,NORMAL,0
2026-11-05T00:00:00,DG-001,104.51,0.489,444.0,93.7,57.0,89.51,25.3,WARNING,0
2026-11-05T01:00:00,DG-001,79.59,0.248,279.3,55.0,24.0,76.08,26.96,NORMAL,0
2026-11-05T02:00:00,DG-001,79.05,0.221,392.0,77.8,75.9,76.02,27.27,NORMAL,0
2026-11-05T03:00:00,DG-001,113.43,1.597,452.3,93.7,9.4,100.55,20.34,FAILURE_PRECURSOR,1
2026-11-05T04:00:00,DG-001,78.51,0.205,281.6,56.0,37.9,74.86,26.39,NORMAL,0
2026-11-05T05:00:00,DG-001,80.93,0.186,280.9,54.9,29.9,74.77,26.18,NORMAL,0
2026-11-05T06:00:00,DG-001,85.78,0.279,394.2,79.4,72.2,77.55,26.69,NORMAL,0
2026-11-05T07:00:00,DG-001,81.2,0.292,415.1,82.6,25.8,75.95,27.64,NORMAL,0
2026-11-05T08:00:00,DG-001,82.74,0.239,327.5,66.2,51.8,75.48,26.86,NORMAL,0
2026-11-05T09:00:00,DG-001,97.3,0.56,389.8,81.7,67.7,87.59,24.58,WARNING,0
2026-11-05T10:00:00,DG-001,82.35,0.282,386.2,77.9,83.8,76.78,26.57,NORMAL,0
2026-11-05T11:00:00,DG-001,81.89,0.209,251.6,50.9,27.0,74.88,26.09,NORMAL,0
2026-11-05T12:00:00,DG-001,79.47,0.265,346.6,71.5,89.0,74.79,27.09,NORMAL,0
2026-11-05T13:00:00,DG-001,95.95,0.656,347.0,75.1,20.4,88.21,23.33,WARNING,0
2026-11-05T14:00:00,DG-001,107.39,1.171,374.3,89.0,48.4,103.04,22.53,FAILURE_PRECURSOR,1
2026-11-05T15:00:00,DG-001,80.12,0.247,307.2,62.4,79.2,77.47,26.08,NORMAL,0
2026-11-05T16:00:00,DG-001,81.33,0.258,347.5,68.6,42.7,74.25,27.32,NORMAL,0
2026-11-05T17:00:00,DG-001,84.02,0.19,378.0,75.9,56.8,74.93,27.07,NORMAL,0
2026-11-05T18:00:00,DG-001,80.58,0.213,317.1,64.2,57.3,75.27,25.08,NORMAL,0
2026-11-05T19:00:00,DG-001,79.13,0.192,258.9,52.2,66.1,71.97,26.01,NORMAL,0
2026-11-05T20:00:00,DG-001,79.5,0.119,315.0,61.7,88.6,74.29,25.42,NORMAL,0
2026-11-05T21:00:00,DG-001,80.07,0.235,370.7,75.3,76.9,76.43,27.37,NORMAL,0
2026-11-05T22:00:00,DG-001,95.69,0.606,403.6,83.7,72.9,91.56,25.54,WARNING,0
2026-11-05T23:00:00,DG-001,76.69,0.124,308.5,62.4,97.7,75.4,27.07,NORMAL,0
2026-11-06T00:00:00,DG-001,82.02,0.297,419.2,84.9,95.1,77.72,27.54,NORMAL,0
2026-11-06T01:00:00,DG-001,78.37,0.246,386.7,77.0,69.6,76.35,26.06,NORMAL,0
2026-11-06T02:00:00,DG-001,80.54,0.192,283.4,55.4,46.0,76.67,26.23,NORMAL,0
2026-11-06T03:00:00,DG-001,81.22,0.177,309.9,62.1,83.2,74.68,25.25,NORMAL,0
2026-11-06T04:00:00,DG-001,83.79,0.196,357.9,71.0,56.6,74.58,26.95,NORMAL,0
2026-11-06T05:00:00,DG-001,78.32,0.22,261.2,52.0,25.9,73.94,25.9,NORMAL,0
2026-11-06T06:00:00,DG-001,79.26,0.224,283.0,57.1,30.9,75.81,25.91,NORMAL,0
2026-11-06T07:00:00,DG-001,83.14,0.214,382.0,77.3,81.3,76.25,25.64,NORMAL,0
2026-11-06T08:00:00,DG-001,82.95,0.232,385.3,76.2,72.4,78.0,26.23,NORMAL,0
2026-11-06T09:00:00,DG-001,81.86,0.279,299.9,61.3,99.5,76.15,25.37,NORMAL,0
2026-11-06T10:00:00,DG-001,82.53,0.287,412.2,81.9,89.7,76.46,25.61,NORMAL,0
2026-11-06T11:00:00,DG-001,79.73,0.178,267.8,53.7,61.4,73.77,25.7,NORMAL,0
2026-11-06T12:00:00,DG-001,83.24,0.28,286.0,59.0,29.7,76.86,25.84,NORMAL,0
2026-11-06T13:00:00,DG-001,80.74,0.134,283.3,56.8,90.3,74.1,26.88,NORMAL,0
2026-11-06T14:00:00,DG-001,80.67,0.157,283.2,57.6,55.2,74.86,27.88,NORMAL,0
2026-11-06T15:00:00,DG-001,99.68,0.662,440.0,91.3,55.9,88.64,24.7,WARNING,0
2026-11-06T16:00:00,DG-001,82.71,0.31,385.5,77.9,91.6,77.94,26.08,NORMAL,0
2026-11-06T17:00:00,DG-001,109.03,1.147,490.3,102.1,20.9,104.44,20.16,FAILURE_PRECURSOR,1
2026-11-06T18:00:00,DG-001,82.34,0.237,276.1,55.4,32.1,74.26,27.13,NORMAL,0
2026-11-06T19:00:00,DG-001,99.92,0.617,387.0,84.5,57.9,89.46,25.5,WARNING,0
2026-11-06T20:00:00,DG-001,93.52,0.658,381.6,76.9,24.3,86.9,25.57,WARNING,0
2026-11-06T21:00:00,DG-001,81.33,0.171,299.2,58.8,63.2,76.14,26.21,NORMAL,0
2026-11-06T22:00:00,DG-001,85.94,0.277,402.1,80.7,37.8,78.84,25.77,NORMAL,0
2026-11-06T23:00:00,DG-001,81.53,0.14,286.7,59.4,67.0,73.82,27.92,NORMAL,0
2026-11-07T00:00:00,DG-001,94.34,0.401,383.9,75.9,61.4,87.71,24.83,WARNING,0
2026-11-07T01:00:00,DG-001,82.0,0.272,417.6,84.2,76.9,76.6,26.25,NORMAL,0
2026-11-07T02:00:00,DG-001,80.5,0.409,312.2,61.0,57.9,72.0,25.14,NORMAL,0
2026-11-07T03:00:00,DG-001,113.58,1.064,433.1,104.1,43.6,106.58,20.84,FAILURE_PRECURSOR,1
2026-11-07T04:00:00,DG-001,81.66,0.293,376.1,76.5,22.9,76.46,27.64,NORMAL,0
2026-11-07T05:00:00,DG-001,99.35,0.494,403.6,91.7,78.5,88.0,24.32,WARNING,0
2026-11-07T06:00:00,DG-001,81.63,0.181,308.7,60.6,96.6,75.93,25.6,NORMAL,0
2026-11-07T07:00:00,DG-001,97.28,0.537,448.2,88.7,39.4,88.51,24.39,WARNING,0
2026-11-07T08:00:00,DG-001,84.43,0.259,362.3,73.6,54.4,77.38,26.64,NORMAL,0
2026-11-07T09:00:00,DG-001,81.44,0.225,338.0,67.2,92.8,75.47,26.81,NORMAL,0
2026-11-07T10:00:00,DG-001,81.43,0.229,335.6,68.3,63.8,75.87,27.5,NORMAL,0
2026-11-07T11:00:00,DG-001,82.44,0.288,347.3,69.3,81.2,75.25,26.83,NORMAL,0
2026-11-07T12:00:00,DG-001,93.78,0.467,367.6,77.3,30.0,88.79,23.01,WARNING,0
2026-11-07T13:00:00,DG-001,113.33,1.317,439.5,92.7,34.8,102.05,23.35,FAILURE_PRECURSOR,1
2026-11-07T14:00:00,DG-001,77.78,0.17,278.6,57.1,57.9,72.69,27.48,NORMAL,0
2026-11-07T15:00:00,DG-001,83.12,0.286,320.1,65.0,28.2,75.94,26.59,NORMAL,0
2026-11-07T16:00:00,DG-001,79.01,0.182,286.5,55.9,87.7,74.48,25.1,NORMAL,0
2026-11-07T17:00:00,DG-001,112.25,0.967,439.4,86.9,30.6,105.79,22.52,FAILURE_PRECURSOR,1
2026-11-07T18:00:00,DG-001,83.15,0.328,359.4,73.4,30.3,75.86,26.63,NORMAL,0
2026-11-07T19:00:00,DG-001,84.43,0.322,385.2,77.2,53.1,76.84,26.2,NORMAL,0
2026-11-07T20:00:00,DG-001,80.76,0.27,340.9,67.9,76.2,72.6,25.51,NORMAL,0
2026-11-07T21:00:00,DG-001,81.01,0.151,350.7,70.5,87.4,76.88,27.75,NORMAL,0
2026-11-07T22:00:00,DG-001,79.49,0.147,272.3,55.5,66.5,74.66,26.6,NORMAL,0
2026-11-07T23:00:00,DG-001,82.63,0.292,347.3,69.3,36.8,75.99,26.31,NORMAL,0
2026-11-08T00:00:00,DG-001,79.47,0.176,262.5,53.2,24.2,75.68,25.97,NORMAL,0
2026-11-08T01:00:00,DG-001,82.16,0.296,353.9,71.5,28.6,75.29,27.31,NORMAL,0
2026-11-08T02:00:00,DG-001,82.94,0.277,364.3,73.3,50.1,75.7,26.01,NORMAL,0
2026-11-08T03:00:00,DG-001,78.7,0.244,273.7,54.2,83.8,76.27,27.7,NORMAL,0
2026-11-08T04:00:00,DG-001,83.49,0.262,352.0,71.4,71.0,76.08,25.78,NORMAL,0
2026-11-08T05:00:00,DG-001,114.27,1.209,469.3,107.3,32.0,101.5,22.71,FAILURE_PRECURSOR,1
2026-11-08T06:00:00,DG-001,81.91,0.317,374.4,76.7,72.5,75.22,25.48,NORMAL,0
2026-11-08T07:00:00,DG-001,97.14,0.498,420.1,84.4,15.1,85.91,24.4,WARNING,0
2026-11-08T08:00:00,DG-001,94.36,0.573,393.2,77.8,17.9,87.59,25.33,WARNING,0
2026-11-08T09:00:00,DG-001,108.91,1.436,399.3,90.0,34.6,103.02,22.53,FAILURE_PRECURSOR,1
2026-11-08T10:00:00,DG-001,80.03,0.317,319.3,62.3,87.7,77.18,25.5,NORMAL,0
2026-11-08T11:00:00,DG-001,94.83,0.565,343.4,79.1,51.7,85.3,23.62,WARNING,0
2026-11-08T12:00:00,DG-001,82.77,0.217,364.1,72.8,88.0,74.25,25.5,NORMAL,0
2026-11-08T13:00:00,DG-001,111.08,0.872,320.7,85.4,34.4,103.52,23.13,FAILURE_PRECURSOR,1
2026-11-08T14:00:00,DG-001,82.24,0.234,349.3,69.1,28.3,75.48,25.09,NORMAL,0
2026-11-08T15:00:00,DG-001,85.04,0.271,402.2,81.0,71.6,76.15,25.74,NORMAL,0
2026-11-08T16:00:00,DG-001,98.65,0.459,386.4,84.1,75.4,87.04,25.43,WARNING,0
2026-11-08T17:00:00,DG-001,80.37,0.168,254.6,51.3,88.0,73.16,27.61,NORMAL,0
2026-11-08T18:00:00,DG-001,82.52,0.207,379.6,74.3,89.3,75.11,26.81,NORMAL,0
2026-11-08T19:00:00,DG-001,84.49,0.2,425.8,84.1,58.2,76.28,27.91,NORMAL,0
2026-11-08T20:00:00,DG-001,110.94,0.809,375.9,89.6,35.1,105.76,22.56,FAILURE_PRECURSOR,1
2026-11-08T21:00:00,DG-001,83.46,0.254,392.4,79.1,93.5,74.27,27.44,NORMAL,0
2026-11-08T22:00:00,DG-001,106.15,1.279,475.9,105.7,32.4,105.51,22.03,FAILURE_PRECURSOR,1
2026-11-08T23:00:00,DG-001,82.81,0.197,323.0,65.6,78.2,76.07,27.3,NORMAL,0
2026-11-09T00:00:00,DG-001,85.89,0.224,408.0,80.8,85.9,76.1,27.73,NORMAL,0
2026-11-09T01:00:00,DG-001,83.94,0.276,385.0,77.0,54.4,75.42,25.88,NORMAL,0
2026-11-09T02:00:00,DG-001,80.43,0.08,288.5,55.3,51.1,73.92,26.35,NORMAL,0
2026-11-09T03:00:00,DG-001,84.21,0.239,406.3,79.3,45.6,74.93,25.43,NORMAL,0
2026-11-09T04:00:00,DG-001,83.18,0.238,327.3,65.4,20.3,74.47,25.1,NORMAL,0
2026-11-09T05:00:00,DG-001,110.87,0.841,536.1,109.9,31.7,103.67,20.72,FAILURE_PRECURSOR,1
2026-11-09T06:00:00,DG-001,97.88,0.505,445.9,92.2,39.3,86.23,23.62,WARNING,0
2026-11-09T07:00:00,DG-001,82.24,0.283,397.9,80.7,79.8,74.93,25.74,NORMAL,0
2026-11-09T08:00:00,DG-001,110.05,1.432,380.0,86.9,18.4,102.3,22.27,FAILURE_PRECURSOR,1
2026-11-09T09:00:00,DG-001,81.71,0.154,326.3,64.6,78.6,75.2,25.31,NORMAL,0
2026-11-09T10:00:00,DG-001,79.38,0.158,313.5,63.1,90.5,74.99,27.54,NORMAL,0
2026-11-09T11:00:00,DG-001,80.4,0.299,386.5,77.2,58.0,78.6,26.91,NORMAL,0
2026-11-09T12:00:00,DG-001,97.88,0.576,335.0,75.9,57.6,87.5,23.99,WARNING,0
2026-11-09T13:00:00,DG-001,80.9,0.246,324.3,63.8,32.2,73.86,27.33,NORMAL,0
2026-11-09T14:00:00,DG-001,82.47,0.294,255.6,51.7,20.6,73.19,27.17,NORMAL,0
2026-11-09T15:00:00,DG-001,83.17,0.262,361.4,71.7,85.1,77.48,26.61,NORMAL,0
2026-11-09T16:00:00,DG-001,98.37,0.431,437.5,94.5,64.8,88.62,24.89,WARNING,0
2026-11-09T17:00:00,DG-001,83.97,0.283,318.0,64.8,75.6,74.04,26.34,NORMAL,0
2026-11-09T18:00:00,DG-001,81.43,0.148,295.8,58.9,49.0,73.31,26.1,NORMAL,0
2026-11-09T19:00:00,DG-001,81.97,0.209,290.9,58.8,72.7,76.09,25.69,NORMAL,0
2026-11-09T20:00:00,DG-001,100.27,0.616,483.9,92.2,60.2,89.68,23.22,WARNING,0
2026-11-09T21:00:00,DG-001,80.66,0.257,304.7,60.9,73.6,75.0,25.99,NORMAL,0
2026-11-09T22:00:00,DG-001,106.67,1.565,421.2,91.7,43.9,106.13,23.03,FAILURE_PRECURSOR,1
2026-11-09T23:00:00,DG-001,96.08,0.66,405.9,81.5,46.9,88.85,25.08,WARNING,0
2026-11-10T00:00:00,DG-001,95.88,0.456,450.3,93.5,40.6,88.82,24.81,WARNING,0
2026-11-10T01:00:00,DG-001,101.19,0.593,422.3,91.5,61.5,89.44,24.04,WARNING,0
2026-11-10T02:00:00,DG-001,79.94,0.192,250.8,50.4,95.5,73.79,26.77,NORMAL,0
2026-11-10T03:00:00,DG-001,85.0,0.184,395.1,80.2,80.9,77.22,26.05,NORMAL,0
2026-11-10T04:00:00,DG-001,82.56,0.288,369.3,71.8,87.5,75.18,27.38,NORMAL,0
2026-11-10T05:00:00,DG-001,78.17,0.202,316.8,62.2,46.1,73.95,26.63,NORMAL,0
2026-11-10T06:00:00,DG-001,81.17,0.189,333.2,65.7,65.1,75.79,26.15,NORMAL,0
2026-11-10T07:00:00,DG-001,106.97,0.922,413.8,97.1,13.8,99.45,23.06,FAILURE_PRECURSOR,1
2026-11-10T08:00:00,DG-001,81.74,0.247,268.6,51.8,41.5,71.95,27.25,NORMAL,0
2026-11-10T09:00:00,DG-001,82.47,0.279,419.5,83.7,74.1,74.85,25.22,NORMAL,0
2026-11-10T10:00:00,DG-001,86.0,0.261,397.9,80.7,31.3,73.97,26.93,NORMAL,0
2026-11-10T11:00:00,DG-001,82.15,0.259,391.6,77.9,40.2,77.26,25.56,NORMAL,0
2026-11-10T12:00:00,DG-001,81.17,0.296,359.2,69.6,25.8,76.89,26.68,NORMAL,0
2026-11-10T13:00:00,DG-001,81.16,0.235,305.8,61.9,68.9,72.2,27.76,NORMAL,0
2026-11-10T14:00:00,DG-001,82.99,0.276,411.7,81.9,54.5,76.46,26.62,NORMAL,0
2026-11-10T15:00:00,DG-001,80.76,0.232,314.2,63.5,34.8,74.54,27.55,NORMAL,0
2026-11-10T16:00:00,DG-001,78.34,0.309,276.1,54.1,67.6,74.06,25.5,NORMAL,0
2026-11-10T17:00:00,DG-001,98.92,0.401,442.1,89.3,65.9,91.27,23.55,WARNING,0
2026-11-10T18:00:00,DG-001,82.51,0.232,391.0,78.1,82.1,74.83,25.67,NORMAL,0
2026-11-10T19:00:00,DG-001,80.63,0.212,263.0,51.4,65.7,74.86,27.3,NORMAL,0
2026-11-10T20:00:00,DG-001,97.79,0.692,420.1,87.0,40.7,90.39,25.77,WARNING,0
2026-11-10T21:00:00,DG-001,80.19,0.233,275.7,56.0,59.4,74.93,27.31,NORMAL,0
2026-11-10T22:00:00,DG-001,109.11,0.877,472.3,102.9,11.4,104.45,23.47,FAILURE_PRECURSOR,1
2026-11-10T23:00:00,DG-001,84.06,0.308,412.0,82.5,60.6,75.82,26.35,NORMAL,0
2026-11-11T00:00:00,DG-001,99.7,0.554,478.5,94.1,85.6,89.54,23.58,WARNING,0
2026-11-11T01:00:00,DG-001,77.77,0.259,243.5,50.1,86.2,73.51,26.22,NORMAL,0
2026-11-11T02:00:00,DG-001,80.35,0.172,271.0,53.3,30.7,75.49,27.59,NORMAL,0
2026-11-11T03:00:00,DG-001,81.63,0.191,372.5,76.8,96.0,77.18,27.58,NORMAL,0
2026-11-11T04:00:00,DG-001,79.55,0.19,363.6,74.5,70.3,77.4,25.7,NORMAL,0
2026-11-11T05:00:00,DG-001,85.76,0.23,417.2,83.1,48.5,77.0,25.1,NORMAL,0
2026-11-11T06:00:00,DG-001,82.33,0.254,345.2,69.6,33.8,76.67,25.14,NORMAL,0
2026-11-11T07:00:00,DG-001,79.96,0.166,272.0,54.7,21.6,73.71,27.91,NORMAL,0
2026-11-11T08:00:00,DG-001,100.55,0.478,454.0,94.9,15.9,89.14,25.11,WARNING,0
2026-11-11T09:00:00,DG-001,107.67,1.087,493.3,98.1,18.1,105.79,21.09,FAILURE_PRECURSOR,1
2026-11-11T10:00:00,DG-001,80.82,0.306,366.5,73.4,72.0,73.85,26.63,NORMAL,0
2026-11-11T11:00:00,DG-001,79.73,0.171,310.7,63.0,20.5,76.98,25.4,NORMAL,0
2026-11-11T12:00:00,DG-001,86.1,0.233,410.3,80.4,99.5,74.14,27.52,NORMAL,0
2026-11-11T13:00:00,DG-001,84.51,0.249,365.2,72.5,66.0,75.08,25.03,NORMAL,0
2026-11-11T14:00:00,DG-001,97.97,0.594,426.8,83.6,22.0,84.2,25.52,WARNING,0
2026-11-11T15:00:00,DG-001,83.27,0.234,270.4,54.0,49.6,74.21,27.41,NORMAL,0
2026-11-11T16:00:00,DG-001,79.44,0.244,264.8,54.0,68.5,74.79,27.51,NORMAL,0
2026-11-11T17:00:00,DG-001,101.29,0.425,433.7,94.7,52.5,89.33,24.4,WARNING,0
2026-11-11T18:00:00,DG-001,81.13,0.225,316.0,65.4,85.8,73.88,25.57,NORMAL,0
2026-11-11T19:00:00,DG-001,80.15,0.159,310.3,62.0,26.3,74.15,26.41,NORMAL,0
2026-11-11T20:00:00,DG-001,82.3,0.273,322.1,64.7,57.1,75.79,25.93,NORMAL,0
2026-11-11T21:00:00,DG-001,82.07,0.21,287.0,57.3,28.9,74.47,27.41,NORMAL,0
2026-11-11T22:00:00,DG-001,98.75,0.518,429.7,85.8,77.3,91.09,25.3,WARNING,0
2026-11-11T23:00:00,DG-001,85.32,0.276,423.7,84.6,55.2,75.61,26.09,NORMAL,0
2026-11-12T00:00:00,DG-001,104.6,1.199,402.5,86.8,25.5,102.83,20.12,FAILURE_PRECURSOR,1
2026-11-12T01:00:00,DG-001,82.1,0.183,265.5,53.2,48.6,73.99,27.32,NORMAL,0
2026-11-12T02:00:00,DG-001,79.39,0.241,283.3,56.5,94.7,75.7,26.64,NORMAL,0
2026-11-12T03:00:00,DG-001,96.65,0.484,442.9,89.9,51.0,88.04,23.98,WARNING,0
2026-11-12T04:00:00,DG-001,82.71,0.349,352.2,70.8,37.6,75.42,27.63,NORMAL,0
2026-11-12T05:00:00,DG-001,82.23,0.294,285.9,58.4,55.0,74.16,25.67,NORMAL,0
2026-11-12T06:00:00,DG-001,86.08,0.289,417.3,83.4,83.4,75.57,26.15,NORMAL,0
2026-11-12T07:00:00,DG-001,80.71,0.197,265.8,53.5,79.7,75.51,26.6,NORMAL,0
2026-11-12T08:00:00,DG-001,82.2,0.254,340.4,68.3,27.7,74.53,25.77,NORMAL,0
2026-11-12T09:00:00,DG-001,79.86,0.087,313.7,61.5,62.7,73.03,27.45,NORMAL,0
2026-11-12T10:00:00,DG-001,83.43,0.279,405.2,81.6,45.3,76.01,27.7,NORMAL,0
2026-11-12T11:00:00,DG-001,81.29,0.243,298.6,59.7,74.1,73.24,26.38,NORMAL,0
2026-11-12T12:00:00,DG-001,84.44,0.209,405.5,81.9,41.3,76.44,26.16,NORMAL,0
2026-11-12T13:00:00,DG-001,82.46,0.255,347.7,67.8,38.4,75.32,26.1,NORMAL,0
2026-11-12T14:00:00,DG-001,83.36,0.21,368.5,72.6,94.2,75.19,25.51,NORMAL,0
2026-11-12T15:00:00,DG-001,78.52,0.302,325.5,65.2,36.1,74.98,25.89,NORMAL,0
2026-11-12T16:00:00,DG-001,86.14,0.27,373.7,76.0,41.6,77.57,25.6,NORMAL,0
2026-11-12T17:00:00,DG-001,79.93,0.094,273.7,55.8,56.8,74.48,25.21,NORMAL,0
2026-11-12T18:00:00,DG-001,99.03,0.689,432.3,92.3,87.2,89.83,23.5,WARNING,0
2026-11-12T19:00:00,DG-001,109.66,1.148,391.6,88.9,22.9,103.0,22.95,FAILURE_PRECURSOR,1
2026-11-12T20:00:00,DG-001,99.79,0.557,423.8,81.5,63.2,88.63,23.92,WARNING,0
2026-11-12T21:00:00,DG-001,83.39,0.254,401.1,81.3,97.3,77.79,25.98,NORMAL,0
2026-11-12T22:00:00,DG-001,82.77,0.255,377.2,75.3,37.7,77.05,25.46,NORMAL,0
2026-11-12T23:00:00,DG-001,82.43,0.212,293.7,57.7,50.6,74.89,25.89,NORMAL,0
2026-11-13T00:00:00,DG-001,82.56,0.286,301.9,60.3,37.8,75.75,25.56,NORMAL,0
2026-11-13T01:00:00,DG-001,84.31,0.267,408.8,82.1,90.4,76.36,27.39,NORMAL,0
2026-11-13T02:00:00,DG-001,78.08,0.19,263.3,53.6,69.6,71.24,26.37,NORMAL,0
2026-11-13T03:00:00,DG-001,79.63,0.155,318.3,63.9,43.3,74.61,25.6,NORMAL,0
2026-11-13T04:00:00,DG-001,83.18,0.351,414.9,84.6,48.3,77.61,25.01,NORMAL,0
2026-11-13T05:00:00,DG-001,83.13,0.245,369.7,75.7,62.5,77.27,25.1,NORMAL,0
2026-11-13T06:00:00,DG-001,81.11,0.248,296.9,58.8,57.9,73.89,26.5,NORMAL,0
2026-11-13T07:00:00,DG-001,99.7,0.598,372.5,77.8,42.1,87.96,25.63,WARNING,0
2026-11-13T08:00:00,DG-001,81.52,0.269,299.1,61.2,95.8,74.26,26.94,NORMAL,0
2026-11-13T09:00:00,DG-001,81.18,0.221,335.4,66.0,35.0,74.31,26.13,NORMAL,0
2026-11-13T10:00:00,DG-001,85.46,0.325,416.2,81.0,21.7,75.3,25.43,NORMAL,0
2026-11-13T11:00:00,DG-001,87.04,0.147,418.8,83.0,83.7,78.4,26.13,NORMAL,0
2026-11-13T12:00:00,DG-001,79.74,0.222,315.0,62.9,23.6,73.83,26.41,NORMAL,0
2026-11-13T13:00:00,DG-001,82.49,0.219,282.8,53.6,31.9,75.57,27.39,NORMAL,0
2026-11-13T14:00:00,DG-001,84.34,0.286,405.4,81.1,33.6,77.45,26.87,NORMAL,0
2026-11-13T15:00:00,DG-001,87.87,0.23,404.9,81.7,56.5,78.78,25.0,NORMAL,0
2026-11-13T16:00:00,DG-001,83.27,0.282,404.1,80.3,74.7,76.18,26.02,NORMAL,0
2026-11-13T17:00:00,DG-001,111.04,0.966,486.2,101.7,6.0,106.75,22.64,FAILURE_PRECURSOR,1
2026-11-13T18:00:00,DG-001,84.79,0.229,421.7,83.5,70.6,76.52,26.67,NORMAL,0
2026-11-13T19:00:00,DG-001,80.85,0.29,257.5,52.0,69.1,74.71,26.62,NORMAL,0
2026-11-13T20:00:00,DG-001,81.13,0.237,375.2,75.9,56.5,75.84,27.66,NORMAL,0
2026-11-13T21:00:00,DG-001,82.21,0.252,292.9,58.8,29.8,75.31,25.58,NORMAL,0
2026-11-13T22:00:00,DG-001,82.09,0.255,375.1,77.0,61.9,75.99,27.05,NORMAL,0
2026-11-13T23:00:00,DG-001,111.03,1.049,517.9,100.0,15.7,102.08,22.87,FAILURE_PRECURSOR,1
2026-11-14T00:00:00,DG-001,83.75,0.315,357.8,70.4,22.4,74.58,27.68,NORMAL,0
2026-11-14T01:00:00,DG-001,81.99,0.145,266.8,52.5,69.5,74.11,26.86,NORMAL,0
2026-11-14T02:00:00,DG-001,81.34,0.249,426.4,84.7,24.0,77.19,25.21,NORMAL,0
2026-11-14T03:00:00,DG-001,100.94,0.571,420.4,85.9,84.6,88.28,25.14,WARNING,0
2026-11-14T04:00:00,DG-001,80.7,0.257,346.4,70.4,63.5,75.01,27.95,NORMAL,0
2026-11-14T05:00:00,DG-001,80.45,0.312,374.7,73.3,33.9,74.82,27.13,NORMAL,0
2026-11-14T06:00:00,DG-001,97.17,0.441,450.1,91.5,16.3,89.56,23.74,WARNING,0
2026-11-14T07:00:00,DG-001,80.61,0.18,330.7,65.4,82.9,76.24,25.09,NORMAL,0
2026-11-14T08:00:00,DG-001,81.84,0.259,337.4,68.9,65.4,74.68,26.03,NORMAL,0
2026-11-14T09:00:00,DG-001,82.0,0.131,299.2,60.3,74.2,75.69,26.43,NORMAL,0
2026-11-14T10:00:00,DG-001,95.97,0.445,468.5,93.9,82.2,92.14,25.6,WARNING,0
2026-11-14T11:00:00,DG-001,96.75,0.581,404.2,86.9,86.7,88.29,25.73,WARNING,0
2026-11-14T12:00:00,DG-001,82.56,0.262,404.5,80.2,87.2,77.23,25.02,NORMAL,0
2026-11-14T13:00:00,DG-001,82.09,0.258,352.1,72.4,91.9,75.3,26.99,NORMAL,0
2026-11-14T14:00:00,DG-001,112.55,1.215,474.0,107.4,17.8,108.79,21.84,FAILURE_PRECURSOR,1
2026-11-14T15:00:00,DG-001,77.25,0.218,255.6,51.3,91.9,73.93,26.04,NORMAL,0
2026-11-14T16:00:00,DG-001,81.99,0.205,342.9,69.5,93.2,76.0,27.95,NORMAL,0
2026-11-14T17:00:00,DG-001,107.52,1.399,452.8,94.0,39.8,105.6,22.09,FAILURE_PRECURSOR,1
2026-11-14T18:00:00,DG-001,101.25,0.46,463.0,94.0,51.6,89.24,24.38,WARNING,0
2026-11-14T19:00:00,DG-001,104.35,1.532,487.6,103.4,29.0,105.33,22.5,FAILURE_PRECURSOR,1
2026-11-14T20:00:00,DG-001,83.34,0.214,372.8,73.3,79.8,75.09,26.64,NORMAL,0
2026-11-14T21:00:00,DG-001,83.33,0.258,394.5,80.7,62.4,76.72,26.33,NORMAL,0
2026-11-14T22:00:00,DG-001,82.7,0.244,431.5,84.9,81.5,78.75,27.88,NORMAL,0
2026-11-14T23:00:00,DG-001,85.15,0.302,412.5,84.2,37.3,75.68,27.87,NORMAL,0
2026-11-15T00:00:00,DG-001,82.02,0.197,283.6,56.3,27.4,75.17,25.12,NORMAL,0
2026-11-15T01:00:00,DG-001,78.53,0.275,358.1,73.4,99.0,76.89,27.48,NORMAL,0
2026-11-15T02:00:00,DG-001,80.48,0.224,332.4,65.5,80.0,75.22,27.64,NORMAL,0
2026-11-15T03:00:00,DG-001,85.13,0.296,377.9,76.3,74.8,76.83,25.53,NORMAL,0
2026-11-15T04:00:00,DG-001,83.65,0.267,365.7,72.1,33.4,74.5,25.25,NORMAL,0
2026-11-15T05:00:00,DG-001,80.51,0.293,398.4,78.0,71.5,74.77,27.21,NORMAL,0
2026-11-15T06:00:00,DG-001,79.96,0.332,368.7,72.9,63.7,75.7,27.2,NORMAL,0
2026-11-15T07:00:00,DG-001,82.49,0.258,359.4,73.4,55.1,75.32,25.75,NORMAL,0
2026-11-15T08:00:00,DG-001,80.06,0.252,273.9,55.2,66.5,74.49,26.47,NORMAL,0
2026-11-15T09:00:00,DG-001,84.79,0.227,427.8,84.8,48.4,77.63,25.97,NORMAL,0
2026-11-15T10:00:00,DG-001,94.43,0.612,379.6,80.3,32.0,89.05,23.9,WARNING,0
2026-11-15T11:00:00,DG-001,107.42,0.915,536.6,104.4,47.6,105.66,21.12,FAILURE_PRECURSOR,1
2026-11-15T12:00:00,DG-001,110.8,1.588,474.6,101.5,36.1,103.54,20.61,FAILURE_PRECURSOR,1
2026-11-15T13:00:00,DG-001,108.09,1.307,455.2,98.4,28.1,106.92,21.32,FAILURE_PRECURSOR,1
2026-11-15T14:00:00,DG-001,85.13,0.256,360.2,72.6,66.1,77.08,27.54,NORMAL,0
2026-11-15T15:00:00,DG-001,115.02,1.401,464.1,109.5,11.6,105.19,23.28,FAILURE_PRECURSOR,1
2026-11-15T16:00:00,DG-001,80.57,0.29,400.8,82.2,78.5,76.98,27.03,NORMAL,0
2026-11-15T17:00:00,DG-001,81.74,0.299,286.0,56.8,45.5,75.57,25.44,NORMAL,0
2026-11-15T18:00:00,DG-001,81.64,0.191,380.1,75.9,68.3,76.12,27.68,NORMAL,0
2026-11-15T19:00:00,DG-001,81.6,0.226,401.7,80.9,26.7,76.35,25.91,NORMAL,0
2026-11-15T20:00:00,DG-001,82.41,0.33,345.7,69.3,72.0,74.86,25.33,NORMAL,0
2026-11-15T21:00:00,DG-001,96.31,0.491,361.0,77.3,87.4,86.49,23.95,WARNING,0
2026-11-15T22:00:00,DG-001,96.68,0.64,431.9,87.0,32.3,86.67,25.65,WARNING,0
2026-11-15T23:00:00,DG-001,85.45,0.222,392.0,79.7,53.7,76.56,27.1,NORMAL,0
2026-11-16T00:00:00,DG-001,82.74,0.257,398.8,81.6,39.2,76.57,27.51,NORMAL,0
2026-11-16T01:00:00,DG-001,81.55,0.223,293.1,57.4,97.9,72.7,26.36,NORMAL,0
2026-11-16T02:00:00,DG-001,80.04,0.154,250.6,51.5,66.1,75.02,27.02,NORMAL,0
2026-11-16T03:00:00,DG-001,81.81,0.253,356.7,70.4,34.7,77.06,26.0,NORMAL,0
2026-11-16T04:00:00,DG-001,80.48,0.264,365.0,70.9,64.0,74.0,27.88,NORMAL,0
2026-11-16T05:00:00,DG-001,79.92,0.189,390.8,76.8,34.9,76.58,26.91,NORMAL,0
2026-11-16T06:00:00,DG-001,78.64,0.251,349.9,67.9,56.1,75.7,26.4,NORMAL,0
2026-11-16T07:00:00,DG-001,98.13,0.411,425.4,90.1,31.1,89.74,25.05,WARNING,0
2026-11-16T08:00:00,DG-001,82.21,0.211,313.9,62.4,86.5,72.18,26.06,NORMAL,0
2026-11-16T09:00:00,DG-001,82.59,0.228,307.0,62.5,64.2,74.99,27.32,NORMAL,0
2026-11-16T10:00:00,DG-001,83.08,0.293,393.4,78.2,63.4,77.79,26.8,NORMAL,0
2026-11-16T11:00:00,DG-001,83.28,0.241,395.0,79.7,56.4,77.21,27.25,NORMAL,0
2026-11-16T12:00:00,DG-001,80.91,0.17,262.4,52.5,32.6,73.47,26.04,NORMAL,0
2026-11-16T13:00:00,DG-001,80.64,0.172,282.9,56.8,86.1,72.09,27.52,NORMAL,0
2026-11-16T14:00:00,DG-001,99.12,0.487,430.9,84.4,61.8,87.28,24.59,WARNING,0
2026-11-16T15:00:00,DG-001,84.78,0.319,410.6,82.1,42.3,76.14,26.88,NORMAL,0
2026-11-16T16:00:00,DG-001,80.99,0.234,338.3,68.6,41.6,75.54,26.27,NORMAL,0
2026-11-16T17:00:00,DG-001,104.39,1.055,392.4,85.9,39.7,103.68,22.43,FAILURE_PRECURSOR,1
2026-11-16T18:00:00,DG-001,80.06,0.233,290.8,58.1,30.6,74.49,26.43,NORMAL,0
2026-11-16T19:00:00,DG-001,82.75,0.216,294.1,59.8,61.5,74.97,25.7,NORMAL,0
2026-11-16T20:00:00,DG-001,82.06,0.199,252.3,50.2,88.0,73.32,25.03,NORMAL,0
2026-11-16T21:00:00,DG-001,84.98,0.186,322.7,66.5,98.0,76.26,27.43,NORMAL,0
2026-11-16T22:00:00,DG-001,82.78,0.163,309.2,61.9,89.1,75.42,25.63,NORMAL,0
2026-11-16T23:00:00,DG-001,82.36,0.21,255.3,51.2,36.6,74.19,26.59,NORMAL,0
2026-11-17T00:00:00,DG-001,80.32,0.232,273.8,53.6,93.3,74.25,26.59,NORMAL,0
2026-11-17T01:00:00,DG-001,81.12,0.213,350.3,70.8,54.6,77.51,26.31,NORMAL,0
2026-11-17T02:00:00,DG-001,83.13,0.249,371.1,74.4,38.8,77.93,27.56,NORMAL,0
2026-11-17T03:00:00,DG-001,82.67,0.146,405.1,80.2,23.7,75.06,26.85,NORMAL,0
2026-11-17T04:00:00,DG-001,79.66,0.247,355.5,69.6,21.4,75.47,26.95,NORMAL,0
2026-11-17T05:00:00,DG-001,84.01,0.287,393.3,78.5,57.4,75.97,27.34,NORMAL,0
2026-11-17T06:00:00,DG-001,82.56,0.192,263.5,51.6,85.9,73.27,27.49,NORMAL,0
2026-11-17T07:00:00,DG-001,83.04,0.384,373.2,73.5,81.7,74.44,25.91,NORMAL,0
2026-11-17T08:00:00,DG-001,78.44,0.215,254.2,51.5,90.2,73.66,26.24,NORMAL,0
2026-11-17T09:00:00,DG-001,82.05,0.288,372.8,74.3,57.4,74.71,27.51,NORMAL,0
2026-11-17T10:00:00,DG-001,80.83,0.218,336.2,67.1,82.1,76.69,26.05,NORMAL,0
2026-11-17T11:00:00,DG-001,104.11,1.484,389.6,85.9,39.1,104.85,21.92,FAILURE_PRECURSOR,1
2026-11-17T12:00:00,DG-001,104.77,1.477,353.8,90.8,44.8,104.74,21.4,FAILURE_PRECURSOR,1
2026-11-17T13:00:00,DG-001,81.96,0.186,419.7,84.2,97.6,77.52,27.09,NORMAL,0
2026-11-17T14:00:00,DG-001,84.31,0.271,418.7,84.3,55.3,77.9,27.1,NORMAL,0
2026-11-17T15:00:00,DG-001,98.81,0.407,446.2,92.7,28.6,90.9,25.52,WARNING,0
2026-11-17T16:00:00,DG-001,83.19,0.166,381.0,75.3,69.6,77.59,27.1,NORMAL,0
2026-11-17T17:00:00,DG-001,80.5,0.213,263.7,53.2,74.4,73.34,26.24,NORMAL,0
2026-11-17T18:00:00,DG-001,85.38,0.283,395.7,78.9,62.0,76.86,26.37,NORMAL,0
2026-11-17T19:00:00,DG-001,83.59,0.313,412.3,83.1,43.1,75.49,26.09,NORMAL,0
2026-11-17T20:00:00,DG-001,84.25,0.236,394.2,79.3,81.5,77.99,27.1,NORMAL,0
2026-11-17T21:00:00,DG-001,81.41,0.24,329.8,65.5,29.8,75.41,27.45,NORMAL,0
2026-11-17T22:00:00,DG-001,100.87,0.648,413.3,89.5,54.6,90.01,23.24,WARNING,0
2026-11-17T23:00:00,DG-001,81.95,0.226,372.3,75.5,77.9,76.26,25.4,NORMAL,0
2026-11-18T00:00:00,DG-001,80.11,0.203,289.1,55.0,85.6,75.05,25.24,NORMAL,0
2026-11-18T01:00:00,DG-001,96.91,0.597,378.7,77.5,38.8,90.48,24.51,WARNING,0
2026-11-18T02:00:00,DG-001,82.71,0.214,300.3,60.0,50.3,73.92,26.46,NORMAL,0
2026-11-18T03:00:00,DG-001,75.14,0.115,245.3,50.5,71.8,74.13,25.62,NORMAL,0
2026-11-18T04:00:00,DG-001,84.12,0.202,301.4,60.7,46.2,74.04,26.68,NORMAL,0
2026-11-18T05:00:00,DG-001,81.09,0.137,299.5,58.1,78.2,72.83,26.49,NORMAL,0
2026-11-18T06:00:00,DG-001,96.41,0.668,401.4,80.7,65.6,87.03,25.62,WARNING,0
2026-11-18T07:00:00,DG-001,101.28,0.64,420.6,83.4,45.4,87.18,24.31,WARNING,0
2026-11-18T08:00:00,DG-001,96.66,0.591,383.8,77.5,80.1,90.34,25.13,WARNING,0
2026-11-18T09:00:00,DG-001,95.08,0.585,404.8,82.2,77.4,89.33,25.67,WARNING,0
2026-11-18T10:00:00,DG-001,83.29,0.273,387.0,76.2,38.6,75.47,27.85,NORMAL,0
2026-11-18T11:00:00,DG-001,80.8,0.177,261.9,52.5,31.8,71.53,25.97,NORMAL,0
2026-11-18T12:00:00,DG-001,78.69,0.193,279.0,54.7,73.0,74.08,26.96,NORMAL,0
2026-11-18T13:00:00,DG-001,95.2,0.504,372.5,75.8,86.7,86.61,23.52,WARNING,0
2026-11-18T14:00:00,DG-001,81.18,0.268,335.8,66.6,66.8,75.64,27.8,NORMAL,0
2026-11-18T15:00:00,DG-001,82.29,0.299,399.9,80.5,99.7,74.87,27.65,NORMAL,0
2026-11-18T16:00:00,DG-001,85.21,0.235,409.0,82.4,52.7,75.71,27.25,NORMAL,0
2026-11-18T17:00:00,DG-001,83.37,0.331,397.1,79.0,21.2,75.62,27.1,NORMAL,0
2026-11-18T18:00:00,DG-001,85.51,0.276,387.6,77.2,60.0,76.77,26.67,NORMAL,0
2026-11-18T19:00:00,DG-001,82.95,0.235,395.8,77.3,88.9,75.9,25.48,NORMAL,0
2026-11-18T20:00:00,DG-001,97.07,0.583,455.8,92.1,19.7,89.55,24.22,WARNING,0
2026-11-18T21:00:00,DG-001,80.13,0.248,350.4,69.4,64.1,76.41,25.69,NORMAL,0
2026-11-18T22:00:00,DG-001,95.83,0.654,334.3,75.2,37.8,86.85,24.39,WARNING,0
2026-11-18T23:00:00,DG-001,82.46,0.18,344.6,68.9,47.1,74.45,26.7,NORMAL,0
2026-11-19T00:00:00,DG-001,82.98,0.331,417.8,85.0,66.7,77.14,27.17,NORMAL,0
2026-11-19T01:00:00,DG-001,81.16,0.316,305.0,62.6,83.7,76.13,25.75,NORMAL,0
2026-11-19T02:00:00,DG-001,79.67,0.174,292.5,57.6,25.8,75.23,25.77,NORMAL,0
2026-11-19T03:00:00,DG-001,83.6,0.235,387.0,76.3,55.8,76.63,26.6,NORMAL,0
2026-11-19T04:00:00,DG-001,84.38,0.175,370.1,74.4,75.4,75.66,26.6,NORMAL,0
2026-11-19T05:00:00,DG-001,82.61,0.284,360.1,71.7,67.2,77.1,27.09,NORMAL,0
2026-11-19T06:00:00,DG-001,105.87,1.14,455.1,101.4,31.2,107.57,22.12,FAILURE_PRECURSOR,1
2026-11-19T07:00:00,DG-001,81.44,0.314,373.7,75.3,22.5,74.68,27.42,NORMAL,0
2026-11-19T08:00:00,DG-001,80.55,0.268,289.5,58.9,46.1,76.09,25.99,NORMAL,0
2026-11-19T09:00:00,DG-001,84.24,0.209,420.5,83.7,56.0,75.02,26.62,NORMAL,0
2026-11-19T10:00:00,DG-001,80.05,0.239,406.3,80.8,78.3,76.0,26.78,NORMAL,0
2026-11-19T11:00:00,DG-001,82.69,0.27,322.5,63.8,97.1,76.79,26.79,NORMAL,0
2026-11-19T12:00:00,DG-001,99.59,0.614,423.4,88.1,18.9,88.88,25.68,WARNING,0
2026-11-19T13:00:00,DG-001,96.96,0.413,414.1,87.3,82.2,88.6,23.01,WARNING,0
2026-11-19T14:00:00,DG-001,81.33,0.256,303.1,60.1,83.0,73.91,28.0,NORMAL,0
2026-11-19T15:00:00,DG-001,82.31,0.268,393.7,78.5,86.8,78.88,25.68,NORMAL,0
2026-11-19T16:00:00,DG-001,81.3,0.213,351.4,70.3,86.4,75.97,27.45,NORMAL,0
2026-11-19T17:00:00,DG-001,113.33,1.092,491.3,109.6,28.6,108.32,23.66,FAILURE_PRECURSOR,1
2026-11-19T18:00:00,DG-001,83.14,0.35,375.0,75.5,65.7,76.49,25.76,NORMAL,0
2026-11-19T19:00:00,DG-001,83.39,0.197,388.0,77.9,65.4,75.64,26.18,NORMAL,0
2026-11-19T20:00:00,DG-001,81.5,0.159,279.9,56.3,64.8,73.69,26.45,NORMAL,0
2026-11-19T21:00:00,DG-001,109.66,1.544,406.3,87.0,49.5,102.84,20.36,FAILURE_PRECURSOR,1
2026-11-19T22:00:00,DG-001,96.93,0.557,344.2,76.3,41.1,86.69,25.2,WARNING,0
2026-11-19T23:00:00,DG-001,83.43,0.164,246.8,51.2,59.5,75.17,25.72,NORMAL,0
2026-11-20T00:00:00,DG-001,84.17,0.334,422.1,83.3,72.5,74.87,25.6,NORMAL,0
2026-11-20T01:00:00,DG-001,109.32,1.257,471.9,90.3,17.3,104.94,22.35,FAILURE_PRECURSOR,1
2026-11-20T02:00:00,DG-001,78.98,0.269,291.6,59.5,68.0,73.79,25.17,NORMAL,0
2026-11-20T03:00:00,DG-001,98.12,0.663,432.3,94.8,37.3,90.94,24.98,WARNING,0
2026-11-20T04:00:00,DG-001,77.29,0.087,257.0,51.8,90.6,72.89,27.45,NORMAL,0
2026-11-20T05:00:00,DG-001,96.08,0.478,402.4,82.9,35.7,87.28,23.99,WARNING,0
2026-11-20T06:00:00,DG-001,81.54,0.233,343.3,69.4,77.5,74.6,27.15,NORMAL,0
2026-11-20T07:00:00,DG-001,82.23,0.261,352.4,70.6,59.6,76.08,26.38,NORMAL,0
2026-11-20T08:00:00,DG-001,109.27,0.974,435.6,94.5,38.2,104.51,22.07,FAILURE_PRECURSOR,1
2026-11-20T09:00:00,DG-001,98.9,0.435,452.5,93.6,22.0,87.37,23.39,WARNING,0
2026-11-20T10:00:00,DG-001,83.09,0.249,379.6,75.4,79.3,75.8,25.67,NORMAL,0
2026-11-20T11:00:00,DG-001,81.55,0.212,316.0,63.4,68.4,73.77,25.42,NORMAL,0
2026-11-20T12:00:00,DG-001,80.82,0.193,356.9,70.8,80.4,75.2,27.94,NORMAL,0
2026-11-20T13:00:00,DG-001,101.67,0.411,423.0,87.4,51.7,89.0,24.01,WARNING,0
2026-11-20T14:00:00,DG-001,97.18,0.642,390.5,86.5,24.9,87.71,23.7,WARNING,0
2026-11-20T15:00:00,DG-001,78.79,0.155,266.0,51.9,35.8,72.41,27.28,NORMAL,0
2026-11-20T16:00:00,DG-001,95.86,0.685,379.9,77.8,15.3,87.09,24.26,WARNING,0
2026-11-20T17:00:00,DG-001,82.62,0.164,299.9,60.1,38.6,76.87,26.11,NORMAL,0
2026-11-20T18:00:00,DG-001,79.71,0.22,244.6,51.0,94.7,72.86,27.54,NORMAL,0
2026-11-20T19:00:00,DG-001,93.95,0.487,375.3,77.0,88.8,87.32,25.22,WARNING,0
2026-11-20T20:00:00,DG-001,84.44,0.215,322.6,63.8,24.4,75.37,27.52,NORMAL,0
2026-11-20T21:00:00,DG-001,79.7,0.277,314.9,64.2,89.5,75.63,26.81,NORMAL,0
2026-11-20T22:00:00,DG-001,81.58,0.168,339.2,67.7,26.9,76.46,26.53,NORMAL,0
2026-11-20T23:00:00,DG-001,107.44,1.131,376.3,93.7,7.6,108.18,23.47,FAILURE_PRECURSOR,1
2026-11-21T00:00:00,DG-001,80.82,0.204,317.2,64.5,46.1,74.72,27.58,NORMAL,0
2026-11-21T01:00:00,DG-001,80.28,0.191,245.9,50.4,35.1,72.84,27.24,NORMAL,0
2026-11-21T02:00:00,DG-001,81.35,0.236,308.5,61.7,81.3,73.28,25.18,NORMAL,0
2026-11-21T03:00:00,DG-001,79.88,0.26,381.5,76.1,31.6,77.29,26.36,NORMAL,0
2026-11-21T04:00:00,DG-001,100.98,0.588,387.7,84.5,40.7,87.69,25.42,WARNING,0
2026-11-21T05:00:00,DG-001,98.92,0.657,454.2,94.3,35.9,87.01,23.28,WARNING,0
2026-11-21T06:00:00,DG-001,80.27,0.162,257.6,50.9,97.0,74.06,27.23,NORMAL,0
2026-11-21T07:00:00,DG-001,97.98,0.472,438.7,92.9,74.9,88.33,23.42,WARNING,0
2026-11-21T08:00:00,DG-001,109.83,1.021,477.1,92.7,36.9,102.84,21.66,FAILURE_PRECURSOR,1
2026-11-21T09:00:00,DG-001,83.99,0.244,401.6,79.9,60.2,74.43,26.23,NORMAL,0
2026-11-21T10:00:00,DG-001,80.46,0.315,408.9,80.5,85.7,76.79,26.1,NORMAL,0
2026-11-21T11:00:00,DG-001,79.97,0.162,265.0,51.7,29.4,75.4,25.97,NORMAL,0
2026-11-21T12:00:00,DG-001,81.47,0.266,388.8,78.8,55.7,77.83,25.82,NORMAL,0
2026-11-21T13:00:00,DG-001,81.19,0.348,392.3,79.4,36.4,77.4,25.77,NORMAL,0
2026-11-21T14:00:00,DG-001,83.96,0.233,427.2,83.7,34.9,76.74,26.05,NORMAL,0
2026-11-21T15:00:00,DG-001,80.63,0.261,316.9,61.9,56.7,74.54,25.86,NORMAL,0
2026-11-21T16:00:00,DG-001,83.81,0.16,404.1,80.9,55.8,74.45,25.86,NORMAL,0
2026-11-21T17:00:00,DG-001,81.13,0.304,327.1,65.2,98.1,74.47,26.8,NORMAL,0
2026-11-21T18:00:00,DG-001,81.13,0.28,376.5,73.6,20.3,76.97,27.67,NORMAL,0
2026-11-21T19:00:00,DG-001,81.64,0.194,240.7,50.4,53.2,71.87,27.18,NORMAL,0
2026-11-21T20:00:00,DG-001,83.47,0.23,385.2,78.0,25.8,77.81,26.28,NORMAL,0
2026-11-21T21:00:00,DG-001,110.78,1.378,532.7,102.7,31.8,101.78,23.98,FAILURE_PRECURSOR,1
2026-11-21T22:00:00,DG-001,82.78,0.269,415.1,83.8,86.0,76.83,26.58,NORMAL,0
2026-11-21T23:00:00,DG-001,81.28,0.117,312.3,63.1,41.8,73.31,25.3,NORMAL,0
2026-11-22T00:00:00,DG-001,79.18,0.282,290.8,58.0,86.0,74.38,26.7,NORMAL,0
2026-11-22T01:00:00,DG-001,80.59,0.198,251.8,50.7,60.5,74.46,26.46,NORMAL,0
2026-11-22T02:00:00,DG-001,83.24,0.158,273.0,54.4,70.4,72.63,26.14,NORMAL,0
2026-11-22T03:00:00,DG-001,82.74,0.197,405.1,79.8,64.0,76.24,26.07,NORMAL,0
2026-11-22T04:00:00,DG-001,78.02,0.226,266.2,53.9,25.6,73.53,25.3,NORMAL,0
2026-11-22T05:00:00,DG-001,81.61,0.322,417.2,82.9,36.2,74.62,27.6,NORMAL,0
2026-11-22T06:00:00,DG-001,81.84,0.273,336.9,67.5,68.9,75.45,25.98,NORMAL,0
2026-11-22T07:00:00,DG-001,80.66,0.297,413.9,81.0,95.6,76.81,27.35,NORMAL,0
2026-11-22T08:00:00,DG-001,81.39,0.195,367.6,73.1,22.4,75.33,27.74,NORMAL,0
2026-11-22T09:00:00,DG-001,100.31,0.552,381.9,79.8,84.8,88.39,24.78,WARNING,0
2026-11-22T10:00:00,DG-001,98.52,0.509,455.1,92.5,69.4,88.81,25.27,WARNING,0
2026-11-22T11:00:00,DG-001,78.44,0.25,253.3,50.8,57.6,73.82,27.51,NORMAL,0
2026-11-22T12:00:00,DG-001,83.21,0.251,403.6,78.0,29.2,75.56,27.28,NORMAL,0
2026-11-22T13:00:00,DG-001,78.84,0.185,300.1,60.4,87.6,73.83,25.28,NORMAL,0
2026-11-22T14:00:00,DG-001,80.84,0.212,368.6,72.9,69.0,77.28,25.65,NORMAL,0
2026-11-22T15:00:00,DG-001,79.69,0.291,281.1,56.2,70.7,73.05,26.4,NORMAL,0
2026-11-22T16:00:00,DG-001,82.76,0.223,388.6,78.7,80.4,77.59,27.73,NORMAL,0
2026-11-22T17:00:00,DG-001,79.71,0.172,284.5,56.4,81.6,74.18,27.34,NORMAL,0
2026-11-22T18:00:00,DG-001,95.89,0.559,366.1,78.7,57.6,88.42,24.11,WARNING,0
2026-11-22T19:00:00,DG-001,82.29,0.271,414.4,81.6,32.7,76.54,26.61,NORMAL,0
2026-11-22T20:00:00,DG-001,80.97,0.132,288.2,55.9,50.2,73.52,26.14,NORMAL,0
2026-11-22T21:00:00,DG-001,80.92,0.147,315.1,63.6,36.3,74.69,25.13,NORMAL,0
2026-11-22T22:00:00,DG-001,79.4,0.148,280.1,55.1,55.9,75.96,26.34,NORMAL,0
2026-11-22T23:00:00,DG-001,82.79,0.192,307.9,59.2,77.1,74.76,25.91,NORMAL,0
2026-11-23T00:00:00,DG-001,113.72,1.527,479.7,103.4,26.5,103.72,21.56,FAILURE_PRECURSOR,1
2026-11-23T01:00:00,DG-001,82.2,0.264,376.0,75.8,62.5,74.99,25.84,NORMAL,0
2026-11-23T02:00:00,DG-001,97.53,0.509,428.7,90.9,69.2,88.21,24.76,WARNING,0
2026-11-23T03:00:00,DG-001,80.74,0.254,390.8,78.7,89.4,74.88,27.05,NORMAL,0
2026-11-23T04:00:00,DG-001,83.15,0.253,334.8,67.9,39.5,74.6,25.62,NORMAL,0
2026-11-23T05:00:00,DG-001,80.99,0.248,375.2,74.4,44.2,77.17,26.43,NORMAL,0
2026-11-23T06:00:00,DG-001,112.3,0.976,513.7,107.7,42.4,108.46,22.6,FAILURE_PRECURSOR,1
2026-11-23T07:00:00,DG-001,81.1,0.271,346.5,68.1,99.9,76.49,27.61,NORMAL,0
2026-11-23T08:00:00,DG-001,84.2,0.287,329.7,67.0,49.7,76.34,26.46,NORMAL,0
2026-11-23T09:00:00,DG-001,84.51,0.248,351.9,71.3,79.8,76.46,25.19,NORMAL,0
2026-11-23T10:00:00,DG-001,83.93,0.244,351.1,69.2,100.0,75.95,27.26,NORMAL,0
2026-11-23T11:00:00,DG-001,96.68,0.582,384.6,79.2,45.5,88.36,23.79,WARNING,0
2026-11-23T12:00:00,DG-001,97.26,0.667,376.1,77.4,28.9,85.62,23.32,WARNING,0
2026-11-23T13:00:00,DG-001,81.35,0.227,367.1,72.2,75.3,75.95,25.6,NORMAL,0
2026-11-23T14:00:00,DG-001,83.75,0.246,414.0,83.0,94.8,76.74,25.64,NORMAL,0
2026-11-23T15:00:00,DG-001,80.06,0.258,333.5,66.4,56.6,76.07,26.41,NORMAL,0
2026-11-23T16:00:00,DG-001,96.65,0.424,385.0,81.2,71.3,91.17,25.8,WARNING,0
2026-11-23T17:00:00,DG-001,83.16,0.277,404.2,80.2,99.8,76.3,26.01,NORMAL,0
2026-11-23T18:00:00,DG-001,82.28,0.28,388.7,76.7,39.9,76.7,26.61,NORMAL,0
2026-11-23T19:00:00,DG-001,81.72,0.276,290.0,55.7,80.2,75.63,27.44,NORMAL,0
2026-11-23T20:00:00,DG-001,81.75,0.234,317.8,63.6,66.5,74.72,25.76,NORMAL,0
2026-11-23T21:00:00,DG-001,81.33,0.243,286.4,57.5,92.1,74.06,27.79,NORMAL,0
2026-11-23T22:00:00,DG-001,82.59,0.242,271.5,54.5,77.8,76.16,25.83,NORMAL,0
2026-11-23T23:00:00,DG-001,81.11,0.246,297.3,59.6,63.4,74.6,27.51,NORMAL,0
2026-11-24T00:00:00,DG-001,81.75,0.31,317.4,63.9,79.5,76.32,26.19,NORMAL,0
2026-11-24T01:00:00,DG-001,97.25,0.513,371.2,76.3,28.7,88.6,24.26,WARNING,0
2026-11-24T02:00:00,DG-001,79.79,0.149,288.6,58.0,40.0,74.36,27.53,NORMAL,0
2026-11-24T03:00:00,DG-001,78.01,0.211,273.6,57.0,59.6,73.67,25.6,NORMAL,0
2026-11-24T04:00:00,DG-001,78.67,0.215,310.7,60.7,61.4,75.0,25.18,NORMAL,0
2026-11-24T05:00:00,DG-001,77.26,0.256,264.0,52.6,82.8,72.46,27.07,NORMAL,0
2026-11-24T06:00:00,DG-001,81.99,0.313,342.2,68.4,55.7,75.93,25.95,NORMAL,0
2026-11-24T07:00:00,DG-001,80.64,0.161,298.2,59.9,80.6,75.24,26.09,NORMAL,0
2026-11-24T08:00:00,DG-001,83.48,0.345,398.1,78.9,79.0,75.54,27.8,NORMAL,0
2026-11-24T09:00:00,DG-001,84.05,0.318,411.1,83.3,95.1,75.34,26.17,NORMAL,0
2026-11-24T10:00:00,DG-001,79.65,0.207,370.5,74.2,51.3,74.91,25.62,NORMAL,0
2026-11-24T11:00:00,DG-001,81.72,0.269,312.2,62.0,78.9,77.56,27.18,NORMAL,0
2026-11-24T12:00:00,DG-001,108.42,1.149,400.8,91.1,10.2,105.89,20.59,FAILURE_PRECURSOR,1
2026-11-24T13:00:00,DG-001,111.52,1.358,507.4,105.6,38.0,104.96,23.69,FAILURE_PRECURSOR,1
2026-11-24T14:00:00,DG-001,82.06,0.209,349.5,70.4,61.8,74.78,26.2,NORMAL,0
2026-11-24T15:00:00,DG-001,80.65,0.223,332.6,66.9,65.6,76.04,26.83,NORMAL,0
2026-11-24T16:00:00,DG-001,80.09,0.26,262.6,51.0,81.2,73.61,25.1,NORMAL,0
2026-11-24T17:00:00,DG-001,82.38,0.319,347.0,69.3,57.0,75.35,27.36,NORMAL,0
2026-11-24T18:00:00,DG-001,82.15,0.234,300.0,58.8,38.1,75.39,27.51,NORMAL,0
2026-11-24T19:00:00,DG-001,80.61,0.235,322.2,65.3,97.0,75.4,27.42,NORMAL,0
2026-11-24T20:00:00,DG-001,80.96,0.283,341.1,67.7,65.6,74.72,27.1,NORMAL,0
2026-11-24T21:00:00,DG-001,110.06,0.98,512.2,108.9,23.4,106.8,21.58,FAILURE_PRECURSOR,1
2026-11-24T22:00:00,DG-001,98.76,0.683,393.9,78.3,59.0,88.66,24.11,WARNING,0
2026-11-24T23:00:00,DG-001,85.5,0.211,324.1,65.2,79.6,75.9,27.64,NORMAL,0
2026-11-25T00:00:00,DG-001,82.43,0.107,302.8,62.2,76.6,73.2,25.61,NORMAL,0
2026-11-25T01:00:00,DG-001,81.67,0.272,417.4,84.7,68.9,77.23,26.45,NORMAL,0
2026-11-25T02:00:00,DG-001,81.85,0.242,310.2,61.2,59.0,74.3,26.17,NORMAL,0
2026-11-25T03:00:00,DG-001,82.49,0.2,359.1,71.9,43.1,76.71,25.43,NORMAL,0
2026-11-25T04:00:00,DG-001,80.34,0.328,328.5,67.6,54.6,76.06,25.26,NORMAL,0
2026-11-25T05:00:00,DG-001,85.42,0.212,419.4,84.4,47.1,77.76,27.79,NORMAL,0
2026-11-25T06:00:00,DG-001,111.4,1.024,399.6,85.1,7.8,103.66,23.36,FAILURE_PRECURSOR,1
2026-11-25T07:00:00,DG-001,78.84,0.221,249.8,50.2,29.3,73.57,25.54,NORMAL,0
2026-11-25T08:00:00,DG-001,78.19,0.23,284.9,57.4,36.9,77.27,26.12,NORMAL,0
2026-11-25T09:00:00,DG-001,77.96,0.224,261.7,52.7,60.9,73.6,26.72,NORMAL,0
2026-11-25T10:00:00,DG-001,78.89,0.292,284.7,56.8,74.0,74.88,26.73,NORMAL,0
2026-11-25T11:00:00,DG-001,82.88,0.294,399.8,80.0,83.9,77.17,26.92,NORMAL,0
2026-11-25T12:00:00,DG-001,80.36,0.197,302.9,59.7,32.3,74.46,25.5,NORMAL,0
2026-11-25T13:00:00,DG-001,78.82,0.234,283.4,56.7,41.0,75.35,26.19,NORMAL,0
2026-11-25T14:00:00,DG-001,79.9,0.214,282.5,54.5,33.2,72.82,26.96,NORMAL,0
2026-11-25T15:00:00,DG-001,81.62,0.287,256.8,52.8,90.7,74.54,26.58,NORMAL,0
2026-11-25T16:00:00,DG-001,82.34,0.268,342.3,68.1,93.9,76.04,25.7,NORMAL,0
2026-11-25T17:00:00,DG-001,82.05,0.266,345.0,68.4,88.1,75.83,27.14,NORMAL,0
2026-11-25T18:00:00,DG-001,80.9,0.211,268.4,53.3,31.9,75.5,26.08,NORMAL,0
2026-11-25T19:00:00,DG-001,85.06,0.225,393.4,78.6,63.5,77.08,26.4,NORMAL,0
2026-11-25T20:00:00,DG-001,85.69,0.314,384.0,78.2,97.2,75.57,25.77,NORMAL,0
2026-11-25T21:00:00,DG-001,80.11,0.241,266.5,53.7,99.1,73.57,25.93,NORMAL,0
2026-11-25T22:00:00,DG-001,104.43,1.428,419.6,97.1,17.9,102.16,22.72,FAILURE_PRECURSOR,1
2026-11-25T23:00:00,DG-001,81.99,0.305,406.5,82.3,56.8,76.46,25.21,NORMAL,0
2026-11-26T00:00:00,DG-001,81.64,0.258,334.4,67.7,84.5,75.63,27.66,NORMAL,0
2026-11-26T01:00:00,DG-001,78.06,0.181,282.1,56.4,33.5,74.72,26.27,NORMAL,0
2026-11-26T02:00:00,DG-001,79.26,0.276,369.8,74.9,98.2,75.35,25.1,NORMAL,0
2026-11-26T03:00:00,DG-001,101.08,0.477,445.4,93.6,52.3,87.2,25.31,WARNING,0
2026-11-26T04:00:00,DG-001,83.08,0.213,388.7,80.1,47.2,75.52,26.26,NORMAL,0
2026-11-26T05:00:00,DG-001,102.22,0.582,401.4,85.7,49.9,87.4,24.02,WARNING,0
2026-11-26T06:00:00,DG-001,83.53,0.297,400.6,81.1,42.9,74.94,27.2,NORMAL,0
2026-11-26T07:00:00,DG-001,85.63,0.179,407.6,81.7,80.4,77.1,27.28,NORMAL,0
2026-11-26T08:00:00,DG-001,113.14,0.993,518.7,106.5,36.9,103.23,21.76,FAILURE_PRECURSOR,1
2026-11-26T09:00:00,DG-001,82.78,0.225,313.5,64.0,76.5,74.2,25.98,NORMAL,0
2026-11-26T10:00:00,DG-001,80.01,0.241,318.2,63.1,33.8,72.33,27.46,NORMAL,0
2026-11-26T11:00:00,DG-001,79.8,0.102,254.4,50.7,75.6,74.24,27.65,NORMAL,0
2026-11-26T12:00:00,DG-001,82.27,0.276,275.7,55.6,57.1,75.23,25.74,NORMAL,0
2026-11-26T13:00:00,DG-001,80.14,0.289,339.8,65.9,81.4,73.54,25.83,NORMAL,0
2026-11-26T14:00:00,DG-001,95.21,0.515,419.2,84.7,38.0,91.51,25.0,WARNING,0
2026-11-26T15:00:00,DG-001,95.12,0.657,387.0,81.3,67.9,86.26,25.56,WARNING,0
2026-11-26T16:00:00,DG-001,84.49,0.234,421.8,84.6,85.6,77.67,25.18,NORMAL,0
2026-11-26T17:00:00,DG-001,100.66,0.436,428.9,93.6,34.9,90.09,24.2,WARNING,0
2026-11-26T18:00:00,DG-001,79.74,0.198,260.3,54.0,56.5,74.24,26.77,NORMAL,0
2026-11-26T19:00:00,DG-001,81.4,0.273,262.1,53.6,90.6,74.86,27.52,NORMAL,0
2026-11-26T20:00:00,DG-001,83.35,0.236,403.4,81.0,30.8,76.37,27.79,NORMAL,0
2026-11-26T21:00:00,DG-001,95.5,0.575,404.5,81.6,32.5,88.61,23.92,WARNING,0
2026-11-26T22:00:00,DG-001,84.98,0.268,409.0,79.4,25.8,75.93,26.86,NORMAL,0
2026-11-26T23:00:00,DG-001,78.49,0.276,300.1,58.4,33.5,74.28,26.71,NORMAL,0
2026-11-27T00:00:00,DG-001,81.6,0.226,360.0,71.5,71.9,75.27,26.08,NORMAL,0
2026-11-27T01:00:00,DG-001,80.09,0.207,281.5,57.4,80.2,74.88,25.25,NORMAL,0
2026-11-27T02:00:00,DG-001,82.32,0.182,396.5,78.2,91.2,77.95,25.56,NORMAL,0
2026-11-27T03:00:00,DG-001,81.28,0.102,385.1,76.6,87.7,73.93,27.2,NORMAL,0
2026-11-27T04:00:00,DG-001,95.64,0.628,357.4,77.4,70.7,86.19,25.43,WARNING,0
2026-11-27T05:00:00,DG-001,81.99,0.149,316.8,61.4,53.7,75.37,27.73,NORMAL,0
2026-11-27T06:00:00,DG-001,80.38,0.285,418.0,82.1,79.9,76.02,27.16,NORMAL,0
2026-11-27T07:00:00,DG-001,84.06,0.285,420.5,82.2,89.6,77.54,27.9,NORMAL,0
2026-11-27T08:00:00,DG-001,99.72,0.417,394.6,88.7,81.9,87.46,25.19,WARNING,0
2026-11-27T09:00:00,DG-001,80.56,0.23,298.4,58.6,39.5,76.12,25.65,NORMAL,0
2026-11-27T10:00:00,DG-001,116.51,0.872,481.5,103.1,16.3,102.75,21.13,FAILURE_PRECURSOR,1
2026-11-27T11:00:00,DG-001,81.85,0.224,278.1,56.5,94.7,74.2,25.37,NORMAL,0
2026-11-27T12:00:00,DG-001,81.66,0.282,335.6,66.3,51.3,75.27,26.42,NORMAL,0
2026-11-27T13:00:00,DG-001,84.98,0.268,430.2,84.2,72.9,75.68,25.54,NORMAL,0
2026-11-27T14:00:00,DG-001,80.07,0.18,382.7,77.0,88.4,77.72,27.14,NORMAL,0
2026-11-27T15:00:00,DG-001,80.28,0.206,330.6,66.8,92.5,74.68,25.23,NORMAL,0
2026-11-27T16:00:00,DG-001,79.23,0.264,273.3,53.5,66.2,74.88,25.76,NORMAL,0
2026-11-27T17:00:00,DG-001,84.41,0.205,302.7,59.7,36.3,75.61,25.96,NORMAL,0
2026-11-27T18:00:00,DG-001,81.85,0.12,349.1,69.8,73.3,76.96,27.99,NORMAL,0
2026-11-27T19:00:00,DG-001,80.92,0.266,338.2,67.5,89.9,75.85,25.49,NORMAL,0
2026-11-27T20:00:00,DG-001,81.61,0.232,326.2,64.2,22.8,74.67,25.59,NORMAL,0
2026-11-27T21:00:00,DG-001,85.71,0.208,363.3,73.0,71.2,74.89,26.94,NORMAL,0
2026-11-27T22:00:00,DG-001,98.22,0.569,412.5,83.7,71.9,88.66,24.78,WARNING,0
2026-11-27T23:00:00,DG-001,80.39,0.307,345.1,68.5,97.2,74.58,27.62,NORMAL,0
2026-11-28T00:00:00,DG-001,82.91,0.246,422.3,84.7,20.8,77.82,26.85,NORMAL,0
2026-11-28T01:00:00,DG-001,82.85,0.227,380.1,75.4,30.9,76.59,26.38,NORMAL,0
2026-11-28T02:00:00,DG-001,109.5,1.075,435.4,97.4,37.3,102.91,23.08,FAILURE_PRECURSOR,1
2026-11-28T03:00:00,DG-001,84.46,0.209,374.1,75.2,27.1,76.69,25.62,NORMAL,0
2026-11-28T04:00:00,DG-001,81.49,0.204,257.1,52.3,28.7,73.6,25.2,NORMAL,0
2026-11-28T05:00:00,DG-001,107.94,1.396,343.9,92.8,25.0,102.93,21.25,FAILURE_PRECURSOR,1
2026-11-28T06:00:00,DG-001,95.01,0.635,392.8,79.8,79.0,86.59,25.4,WARNING,0
2026-11-28T07:00:00,DG-001,80.07,0.278,308.7,61.5,65.7,74.67,26.23,NORMAL,0
2026-11-28T08:00:00,DG-001,114.04,1.49,454.0,88.4,12.5,101.74,22.08,FAILURE_PRECURSOR,1
2026-11-28T09:00:00,DG-001,79.0,0.255,324.1,65.3,27.2,73.45,25.39,NORMAL,0
2026-11-28T10:00:00,DG-001,109.59,1.518,535.5,109.9,18.5,105.62,23.34,FAILURE_PRECURSOR,1
2026-11-28T11:00:00,DG-001,84.73,0.205,414.5,83.5,56.5,78.68,26.47,NORMAL,0
2026-11-28T12:00:00,DG-001,81.43,0.266,274.0,55.2,36.4,73.49,26.53,NORMAL,0
2026-11-28T13:00:00,DG-001,82.14,0.252,360.3,72.5,79.4,77.22,26.99,NORMAL,0
2026-11-28T14:00:00,DG-001,81.03,0.221,389.2,77.6,96.1,75.88,26.76,NORMAL,0
2026-11-28T15:00:00,DG-001,80.43,0.263,305.4,61.9,49.5,74.07,25.89,NORMAL,0
2026-11-28T16:00:00,DG-001,79.37,0.232,288.4,57.6,43.9,75.49,27.13,NORMAL,0
2026-11-28T17:00:00,DG-001,81.96,0.129,416.7,83.2,81.8,75.78,26.66,NORMAL,0
2026-11-28T18:00:00,DG-001,107.41,1.427,467.6,92.7,30.3,104.28,20.31,FAILURE_PRECURSOR,1
2026-11-28T19:00:00,DG-001,81.47,0.336,430.7,83.6,23.7,76.69,27.03,NORMAL,0
2026-11-28T20:00:00,DG-001,81.08,0.227,269.7,53.7,65.7,75.04,26.45,NORMAL,0
2026-11-28T21:00:00,DG-001,81.12,0.271,319.1,66.7,36.2,74.99,26.54,NORMAL,0
2026-11-28T22:00:00,DG-001,81.27,0.21,379.9,74.0,41.6,75.19,26.41,NORMAL,0
2026-11-28T23:00:00,DG-001,83.18,0.196,322.0,65.4,72.2,75.7,26.57,NORMAL,0
2026-11-29T00:00:00,DG-001,107.68,1.55,437.4,89.6,17.3,104.21,20.67,FAILURE_PRECURSOR,1
2026-11-29T01:00:00,DG-001,82.81,0.224,360.2,72.9,79.7,74.97,25.84,NORMAL,0
2026-11-29T02:00:00,DG-001,110.32,1.338,470.5,107.7,10.9,102.69,23.45,FAILURE_PRECURSOR,1
2026-11-29T03:00:00,DG-001,82.78,0.102,300.6,59.6,40.4,74.75,27.93,NORMAL,0
2026-11-29T04:00:00,DG-001,99.21,0.654,445.2,89.3,88.9,90.67,24.98,WARNING,0
2026-11-29T05:00:00,DG-001,78.68,0.228,249.4,51.1,81.6,75.24,25.13,NORMAL,0
2026-11-29T06:00:00,DG-001,79.5,0.197,290.3,57.8,74.6,75.37,27.63,NORMAL,0
2026-11-29T07:00:00,DG-001,104.42,0.89,472.4,98.1,47.1,104.5,22.07,FAILURE_PRECURSOR,1
2026-11-29T08:00:00,DG-001,78.86,0.174,312.7,62.5,72.5,75.16,26.38,NORMAL,0
2026-11-29T09:00:00,DG-001,84.14,0.228,303.1,61.9,21.9,73.57,25.37,NORMAL,0
2026-11-29T10:00:00,DG-001,79.76,0.136,292.8,58.7,36.6,74.58,26.87,NORMAL,0
2026-11-29T11:00:00,DG-001,84.12,0.188,349.2,71.1,91.7,76.13,26.6,NORMAL,0
2026-11-29T12:00:00,DG-001,80.8,0.294,262.4,51.9,25.2,75.41,25.9,NORMAL,0
2026-11-29T13:00:00,DG-001,82.79,0.288,382.9,75.6,24.6,76.31,27.15,NORMAL,0
2026-11-29T14:00:00,DG-001,102.48,0.543,402.3,79.0,37.5,87.79,23.58,WARNING,0
2026-11-29T15:00:00,DG-001,82.79,0.154,315.0,64.4,30.5,75.28,26.23,NORMAL,0
2026-11-29T16:00:00,DG-001,79.78,0.196,368.4,73.4,30.2,77.0,27.0,NORMAL,0
2026-11-29T17:00:00,DG-001,82.49,0.221,320.3,65.6,52.1,74.18,26.53,NORMAL,0
2026-11-29T18:00:00,DG-001,97.33,0.522,452.9,90.4,55.6,88.08,25.56,WARNING,0
2026-11-29T19:00:00,DG-001,99.38,0.512,418.1,90.9,83.8,86.86,25.73,WARNING,0
2026-11-29T20:00:00,DG-001,77.85,0.231,261.7,53.1,88.7,72.94,25.79,NORMAL,0
2026-11-29T21:00:00,DG-001,82.6,0.313,397.2,79.0,83.8,76.3,27.45,NORMAL,0
2026-11-29T22:00:00,DG-001,81.72,0.237,321.9,66.1,64.2,75.42,25.44,NORMAL,0
2026-11-29T23:00:00,DG-001,80.48,0.229,295.1,59.2,85.8,75.04,27.28,NORMAL,0
2026-11-30T00:00:00,DG-001,99.45,0.531,441.6,92.5,26.8,88.32,25.47,WARNING,0
2026-11-30T01:00:00,DG-001,83.71,0.235,390.5,78.3,60.3,76.34,26.34,NORMAL,0
2026-11-30T02:00:00,DG-001,83.88,0.319,405.0,80.2,69.6,75.99,26.75,NORMAL,0
2026-11-30T03:00:00,DG-001,81.66,0.306,416.6,84.1,62.6,75.43,26.22,NORMAL,0
2026-11-30T04:00:00,DG-001,95.49,0.696,365.0,75.7,56.3,88.57,24.44,WARNING,0
2026-11-30T05:00:00,DG-001,79.82,0.25,370.0,75.8,69.2,75.73,27.1,NORMAL,0
2026-11-30T06:00:00,DG-001,81.65,0.26,309.0,61.0,24.7,76.35,25.23,NORMAL,0
2026-11-30T07:00:00,DG-001,84.85,0.269,414.2,82.6,62.0,76.11,25.74,NORMAL,0
2026-11-30T08:00:00,DG-001,81.16,0.134,370.5,74.9,64.3,75.04,25.54,NORMAL,0
2026-11-30T09:00:00,DG-001,78.3,0.231,295.8,59.4,78.4,74.79,27.92,NORMAL,0
2026-11-30T10:00:00,DG-001,82.72,0.311,409.5,82.2,80.0,76.07,25.63,NORMAL,0
2026-11-30T11:00:00,DG-001,85.33,0.257,403.5,79.8,80.7,74.74,26.92,NORMAL,0
2026-11-30T12:00:00,DG-001,94.55,0.624,379.1,80.5,40.5,86.99,25.41,WARNING,0
2026-11-30T13:00:00,DG-001,80.05,0.197,355.0,72.8,79.6,76.19,25.31,NORMAL,0
2026-11-30T14:00:00,DG-001,83.44,0.311,402.4,81.6,33.9,77.4,27.98,NORMAL,0
2026-11-30T15:00:00,DG-001,83.77,0.35,402.5,81.2,70.5,78.78,27.0,NORMAL,0
2026-11-30T16:00:00,DG-001,82.66,0.287,353.1,69.9,79.7,76.06,25.95,NORMAL,0
2026-11-30T17:00:00,DG-001,110.28,1.422,398.1,94.2,41.3,103.32,21.79,FAILURE_PRECURSOR,1
2026-11-30T18:00:00,DG-001,79.68,0.185,294.6,60.3,47.7,75.43,27.8,NORMAL,0
2026-11-30T19:00:00,DG-001,81.31,0.254,329.2,64.3,22.6,75.51,25.51,NORMAL,0
2026-11-30T20:00:00,DG-001,81.45,0.148,347.9,69.3,55.9,75.62,26.81,NORMAL,0
2026-11-30T21:00:00,DG-001,80.55,0.111,307.8,60.9,43.2,75.57,27.54,NORMAL,0
2026-11-30T22:00:00,DG-001,81.12,0.257,275.2,55.3,97.5,73.94,25.46,NORMAL,0
2026-11-30T23:00:00,DG-001,81.32,0.136,332.7,67.4,79.1,73.97,25.51,NORMAL,0
2026-12-01T00:00:00,DG-001,81.67,0.245,354.1,70.3,30.0,77.78,25.25,NORMAL,0
2026-12-01T01:00:00,DG-001,84.21,0.178,312.8,62.1,20.2,74.03,27.45,NORMAL,0
2026-12-01T02:00:00,DG-001,83.93,0.161,296.7,59.6,74.9,74.52,27.19,NORMAL,0
2026-12-01T03:00:00,DG-001,80.42,0.175,343.5,67.5,78.4,74.48,26.67,NORMAL,0
2026-12-01T04:00:00,DG-001,80.49,0.157,346.4,69.1,24.3,76.48,26.57,NORMAL,0
2026-12-01T05:00:00,DG-001,81.53,0.262,365.4,74.0,98.5,74.47,27.48,NORMAL,0
2026-12-01T06:00:00,DG-001,82.23,0.22,349.7,69.4,88.0,74.87,26.3,NORMAL,0
2026-12-01T07:00:00,DG-001,101.79,0.599,447.7,92.6,72.9,88.59,25.89,WARNING,0
2026-12-01T08:00:00,DG-001,79.21,0.179,293.3,59.8,39.1,74.67,26.09,NORMAL,0
2026-12-01T09:00:00,DG-001,100.62,0.497,458.8,94.1,50.1,89.59,24.5,WARNING,0
2026-12-01T10:00:00,DG-001,81.72,0.149,256.2,51.2,54.1,74.57,25.57,NORMAL,0
2026-12-01T11:00:00,DG-001,79.6,0.114,272.6,55.3,69.0,73.13,25.83,NORMAL,0
2026-12-01T12:00:00,DG-001,80.82,0.208,351.3,69.3,33.2,76.63,25.6,NORMAL,0
2026-12-01T13:00:00,DG-001,82.49,0.23,302.4,61.2,58.8,74.96,26.8,NORMAL,0
2026-12-01T14:00:00,DG-001,110.42,1.363,418.8,94.1,28.3,104.39,22.42,FAILURE_PRECURSOR,1
2026-12-01T15:00:00,DG-001,83.23,0.214,344.8,70.2,65.6,77.23,25.5,NORMAL,0
2026-12-01T16:00:00,DG-001,81.14,0.296,349.4,68.0,94.6,76.14,26.96,NORMAL,0
2026-12-01T17:00:00,DG-001,81.1,0.197,381.9,75.2,40.8,75.94,26.74,NORMAL,0
2026-12-01T18:00:00,DG-001,82.1,0.169,258.7,51.2,38.4,73.16,25.7,NORMAL,0
2026-12-01T19:00:00,DG-001,94.1,0.617,401.8,81.5,71.7,87.26,25.03,WARNING,0
2026-12-01T20:00:00,DG-001,85.07,0.179,406.2,80.8,30.8,76.6,25.4,NORMAL,0
2026-12-01T21:00:00,DG-001,81.74,0.21,410.6,82.1,83.9,76.31,25.17,NORMAL,0
2026-12-01T22:00:00,DG-001,82.6,0.252,381.6,75.3,56.1,75.78,25.55,NORMAL,0
2026-12-01T23:00:00,DG-001,82.31,0.215,305.4,59.9,46.1,73.59,27.5,NORMAL,0
2026-12-02T00:00:00,DG-001,83.45,0.176,357.6,70.7,87.5,74.68,26.6,NORMAL,0
2026-12-02T01:00:00,DG-001,83.53,0.272,423.6,84.0,78.3,76.66,26.15,NORMAL,0
2026-12-02T02:00:00,DG-001,84.72,0.264,395.3,78.7,34.7,76.62,26.81,NORMAL,0
2026-12-02T03:00:00,DG-001,80.64,0.146,340.6,68.1,59.7,76.53,27.11,NORMAL,0
2026-12-02T04:00:00,DG-001,80.16,0.243,270.2,53.2,22.8,75.45,27.4,NORMAL,0
2026-12-02T05:00:00,DG-001,110.49,1.437,513.6,105.7,33.3,105.83,23.14,FAILURE_PRECURSOR,1
2026-12-02T06:00:00,DG-001,85.22,0.261,306.2,61.0,55.1,74.7,26.3,NORMAL,0
2026-12-02T07:00:00,DG-001,78.1,0.23,275.1,56.1,45.9,72.76,26.33,NORMAL,0
2026-12-02T08:00:00,DG-001,95.02,0.417,357.9,78.3,19.4,88.85,24.93,WARNING,0
2026-12-02T09:00:00,DG-001,79.05,0.15,294.3,55.4,46.5,73.6,26.89,NORMAL,0
2026-12-02T10:00:00,DG-001,82.73,0.249,421.8,84.7,54.0,77.91,27.54,NORMAL,0
2026-12-02T11:00:00,DG-001,79.78,0.333,315.7,63.1,75.8,75.05,26.63,NORMAL,0
2026-12-02T12:00:00,DG-001,80.79,0.203,246.2,50.0,44.3,75.22,26.09,NORMAL,0
2026-12-02T13:00:00,DG-001,80.32,0.114,278.6,53.4,33.1,75.03,27.39,NORMAL,0
2026-12-02T14:00:00,DG-001,83.64,0.281,408.1,80.5,92.3,76.51,25.71,NORMAL,0
2026-12-02T15:00:00,DG-001,79.84,0.198,301.0,60.4,31.8,75.84,25.57,NORMAL,0
2026-12-02T16:00:00,DG-001,82.61,0.182,255.8,50.6,62.1,74.4,25.31,NORMAL,0
2026-12-02T17:00:00,DG-001,80.39,0.211,344.9,69.2,31.7,75.62,27.69,NORMAL,0
2026-12-02T18:00:00,DG-001,82.89,0.236,380.4,76.4,52.5,74.98,26.33,NORMAL,0
2026-12-02T19:00:00,DG-001,81.9,0.305,371.1,76.9,32.0,75.56,26.78,NORMAL,0
2026-12-02T20:00:00,DG-001,101.66,0.697,444.8,90.9,55.1,89.37,24.53,WARNING,0
2026-12-02T21:00:00,DG-001,82.75,0.26,331.7,66.8,88.3,76.14,26.41,NORMAL,0
2026-12-02T22:00:00,DG-001,78.52,0.274,365.0,73.4,43.4,75.41,25.31,NORMAL,0
2026-12-02T23:00:00,DG-001,83.03,0.272,371.7,75.9,53.2,76.08,26.36,NORMAL,0
2026-12-03T00:00:00,DG-001,81.13,0.188,319.0,64.1,79.1,76.46,25.31,NORMAL,0
2026-12-03T01:00:00,DG-001,81.33,0.263,324.4,63.3,86.6,76.24,26.37,NORMAL,0
2026-12-03T02:00:00,DG-001,80.92,0.27,386.7,77.0,31.4,74.47,27.61,NORMAL,0
2026-12-03T03:00:00,DG-001,78.53,0.214,268.9,54.2,81.1,73.83,26.85,NORMAL,0
2026-12-03T04:00:00,DG-001,82.34,0.274,272.7,54.8,84.2,75.73,27.08,NORMAL,0
2026-12-03T05:00:00,DG-001,82.97,0.219,256.5,50.7,85.6,74.47,26.56,NORMAL,0
2026-12-03T06:00:00,DG-001,106.86,1.21,507.8,103.6,11.9,105.46,20.49,FAILURE_PRECURSOR,1
2026-12-03T07:00:00,DG-001,82.33,0.226,380.0,76.1,77.2,74.09,26.39,NORMAL,0
2026-12-03T08:00:00,DG-001,82.75,0.199,403.4,81.6,46.9,76.29,25.49,NORMAL,0
2026-12-03T09:00:00,DG-001,81.84,0.152,271.9,55.3,31.8,74.64,27.83,NORMAL,0
2026-12-03T10:00:00,DG-001,82.45,0.231,295.1,60.6,24.9,74.05,27.74,NORMAL,0
2026-12-03T11:00:00,DG-001,78.89,0.13,283.9,58.8,22.0,76.69,27.96,NORMAL,0
2026-12-03T12:00:00,DG-001,93.67,0.684,360.2,76.0,69.1,87.16,25.86,WARNING,0
2026-12-03T13:00:00,DG-001,115.67,0.862,468.0,102.6,40.7,105.36,20.86,FAILURE_PRECURSOR,1
2026-12-03T14:00:00,DG-001,81.22,0.2,334.4,65.8,39.6,73.8,27.85,NORMAL,0
2026-12-03T15:00:00,DG-001,81.72,0.15,285.7,57.1,79.8,74.65,25.81,NORMAL,0
2026-12-03T16:00:00,DG-001,78.14,0.226,248.3,51.1,47.0,73.56,27.75,NORMAL,0
2026-12-03T17:00:00,DG-001,80.86,0.173,289.3,58.2,22.6,75.55,27.34,NORMAL,0
2026-12-03T18:00:00,DG-001,81.79,0.198,279.7,54.6,48.8,72.73,27.69,NORMAL,0
2026-12-03T19:00:00,DG-001,82.2,0.167,267.8,53.1,29.4,74.99,25.02,NORMAL,0
2026-12-03T20:00:00,DG-001,81.76,0.303,408.6,83.0,31.4,77.03,25.68,NORMAL,0
2026-12-03T21:00:00,DG-001,107.61,1.457,411.5,88.1,17.0,103.87,23.08,FAILURE_PRECURSOR,1
2026-12-03T22:00:00,DG-001,82.9,0.257,351.9,69.4,51.2,75.16,26.1,NORMAL,0
2026-12-03T23:00:00,DG-001,82.03,0.242,312.8,62.2,23.5,76.74,26.6,NORMAL,0
2026-12-04T00:00:00,DG-001,84.68,0.281,427.0,84.9,87.4,74.7,26.89,NORMAL,0
2026-12-04T01:00:00,DG-001,81.19,0.231,343.9,68.7,84.4,74.59,27.8,NORMAL,0
2026-12-04T02:00:00,DG-001,82.43,0.22,345.1,70.3,77.2,76.73,27.71,NORMAL,0
2026-12-04T03:00:00,DG-001,80.81,0.063,261.6,50.6,91.1,71.4,27.72,NORMAL,0
2026-12-04T04:00:00,DG-001,83.2,0.243,345.7,68.7,46.1,74.99,26.13,NORMAL,0
2026-12-04T05:00:00,DG-001,85.04,0.201,404.7,82.4,90.7,76.76,26.09,NORMAL,0
2026-12-04T06:00:00,DG-001,102.39,0.592,437.3,94.5,22.9,91.24,23.3,WARNING,0
2026-12-04T07:00:00,DG-001,80.81,0.235,266.1,54.0,85.9,73.39,27.13,NORMAL,0
2026-12-04T08:00:00,DG-001,98.74,0.637,412.1,87.0,87.0,88.26,25.05,WARNING,0
2026-12-04T09:00:00,DG-001,82.94,0.207,370.0,75.1,99.2,76.98,25.12,NORMAL,0
2026-12-04T10:00:00,DG-001,97.26,0.506,410.5,82.2,56.1,88.15,23.05,WARNING,0
2026-12-04T11:00:00,DG-001,78.82,0.246,273.5,54.0,78.8,73.62,26.87,NORMAL,0
2026-12-04T12:00:00,DG-001,79.84,0.224,262.7,54.0,68.1,73.61,25.89,NORMAL,0
2026-12-04T13:00:00,DG-001,82.93,0.248,320.7,65.6,60.1,74.21,26.1,NORMAL,0
2026-12-04T14:00:00,DG-001,82.8,0.189,297.1,58.8,68.2,74.23,25.86,NORMAL,0
2026-12-04T15:00:00,DG-001,109.15,1.522,486.3,108.8,49.8,106.31,22.66,FAILURE_PRECURSOR,1
2026-12-04T16:00:00,DG-001,81.33,0.142,301.9,61.5,78.1,75.85,26.78,NORMAL,0
2026-12-04T17:00:00,DG-001,83.11,0.231,420.8,84.6,63.3,77.33,26.18,NORMAL,0
2026-12-04T18:00:00,DG-001,81.72,0.25,305.0,60.3,71.0,71.9,25.54,NORMAL,0
2026-12-04T19:00:00,DG-001,107.55,1.205,430.1,103.0,24.3,103.17,21.88,FAILURE_PRECURSOR,1
2026-12-04T20:00:00,DG-001,106.37,1.022,410.7,89.1,40.5,105.63,21.88,FAILURE_PRECURSOR,1
2026-12-04T21:00:00,DG-001,113.14,1.074,521.4,108.4,22.7,103.98,22.62,FAILURE_PRECURSOR,1
2026-12-04T22:00:00,DG-001,80.58,0.233,365.2,71.6,86.6,76.71,26.09,NORMAL,0
2026-12-04T23:00:00,DG-001,81.11,0.179,332.4,67.4,47.6,74.66,27.85,NORMAL,0
2026-12-05T00:00:00,DG-001,85.65,0.245,410.4,81.5,73.0,76.34,25.86,NORMAL,0
2026-12-05T01:00:00,DG-001,98.13,0.689,391.8,79.8,84.4,87.7,24.77,WARNING,0
2026-12-05T02:00:00,DG-001,83.26,0.279,355.6,72.0,58.3,76.41,27.99,NORMAL,0
2026-12-05T03:00:00,DG-001,82.8,0.246,324.5,64.3,93.3,75.47,25.42,NORMAL,0
2026-12-05T04:00:00,DG-001,98.87,0.56,386.1,86.4,83.2,90.57,25.41,WARNING,0
2026-12-05T05:00:00,DG-001,81.1,0.166,254.8,51.3,88.7,74.99,25.46,NORMAL,0
2026-12-05T06:00:00,DG-001,79.4,0.191,291.7,58.5,38.4,75.03,27.24,NORMAL,0
2026-12-05T07:00:00,DG-001,79.51,0.317,293.9,58.1,50.1,75.49,27.81,NORMAL,0
2026-12-05T08:00:00,DG-001,96.65,0.631,438.4,94.4,85.2,86.23,24.64,WARNING,0
2026-12-05T09:00:00,DG-001,79.91,0.236,334.0,66.3,92.9,75.19,26.31,NORMAL,0
2026-12-05T10:00:00,DG-001,113.96,1.535,456.1,100.5,14.5,107.27,23.76,FAILURE_PRECURSOR,1
2026-12-05T11:00:00,DG-001,100.46,0.499,393.1,81.2,70.7,87.64,24.37,WARNING,0
2026-12-05T12:00:00,DG-001,81.27,0.303,392.7,78.5,28.5,74.61,25.86,NORMAL,0
2026-12-05T13:00:00,DG-001,84.56,0.284,323.4,64.5,78.7,73.22,27.62,NORMAL,0
2026-12-05T14:00:00,DG-001,80.02,0.178,277.3,55.8,85.6,74.69,27.59,NORMAL,0
2026-12-05T15:00:00,DG-001,82.77,0.224,325.4,65.5,40.3,74.55,26.28,NORMAL,0
2026-12-05T16:00:00,DG-001,80.95,0.247,296.8,59.2,96.5,75.21,27.21,NORMAL,0
2026-12-05T17:00:00,DG-001,111.95,1.373,453.0,104.5,38.1,104.9,20.37,FAILURE_PRECURSOR,1
2026-12-05T18:00:00,DG-001,81.12,0.232,401.0,78.6,33.9,75.54,25.83,NORMAL,0
2026-12-05T19:00:00,DG-001,84.14,0.388,408.2,80.8,42.5,77.37,25.02,NORMAL,0
2026-12-05T20:00:00,DG-001,119.93,0.801,505.2,109.0,18.7,103.73,20.51,FAILURE_PRECURSOR,1
2026-12-05T21:00:00,DG-001,82.5,0.295,322.0,65.3,77.4,75.49,26.33,NORMAL,0
2026-12-05T22:00:00,DG-001,99.44,0.548,458.6,93.2,74.8,88.91,23.78,WARNING,0
2026-12-05T23:00:00,DG-001,109.52,0.963,469.7,103.5,5.9,107.57,20.25,FAILURE_PRECURSOR,1
2026-12-06T00:00:00,DG-001,83.23,0.232,362.9,72.6,29.4,76.26,25.89,NORMAL,0
2026-12-06T01:00:00,DG-001,82.03,0.281,382.1,79.8,29.8,76.36,26.94,NORMAL,0
2026-12-06T02:00:00,DG-001,108.52,1.442,409.8,104.6,15.1,106.35,22.56,FAILURE_PRECURSOR,1
2026-12-06T03:00:00,DG-001,80.1,0.234,356.6,68.8,80.7,77.13,27.61,NORMAL,0
2026-12-06T04:00:00,DG-001,81.82,0.3,390.1,78.6,42.8,77.73,26.07,NORMAL,0
2026-12-06T05:00:00,DG-001,82.58,0.288,394.2,77.7,96.8,76.82,25.3,NORMAL,0
2026-12-06T06:00:00,DG-001,83.63,0.304,412.2,82.0,64.8,77.65,26.53,NORMAL,0
2026-12-06T07:00:00,DG-001,80.82,0.238,303.9,60.4,58.4,74.25,26.12,NORMAL,0
2026-12-06T08:00:00,DG-001,80.59,0.243,287.3,57.4,46.6,74.14,27.98,NORMAL,0
2026-12-06T09:00:00,DG-001,80.67,0.271,365.5,72.5,52.3,76.31,27.55,NORMAL,0
2026-12-06T10:00:00,DG-001,81.66,0.254,273.3,55.4,27.0,76.58,27.33,NORMAL,0
2026-12-06T11:00:00,DG-001,82.24,0.302,355.3,71.5,64.8,77.39,27.95,NORMAL,0
2026-12-06T12:00:00,DG-001,95.07,0.437,368.0,76.9,52.2,84.38,24.38,WARNING,0
2026-12-06T13:00:00,DG-001,81.42,0.309,313.7,62.8,63.3,76.26,26.78,NORMAL,0
2026-12-06T14:00:00,DG-001,82.45,0.267,345.0,67.8,53.5,75.09,26.59,NORMAL,0
2026-12-06T15:00:00,DG-001,78.3,0.191,268.5,54.4,91.8,76.01,27.95,NORMAL,0
2026-12-06T16:00:00,DG-001,96.93,0.579,435.3,91.3,57.5,86.64,23.43,WARNING,0
2026-12-06T17:00:00,DG-001,79.15,0.261,289.2,56.6,21.8,74.24,25.13,NORMAL,0
2026-12-06T18:00:00,DG-001,83.19,0.229,363.1,74.0,65.9,75.01,25.7,NORMAL,0
2026-12-06T19:00:00,DG-001,96.48,0.671,375.9,83.1,65.6,90.14,23.99,WARNING,0
2026-12-06T20:00:00,DG-001,95.46,0.684,422.5,87.0,64.0,88.8,25.17,WARNING,0
2026-12-06T21:00:00,DG-001,94.64,0.433,350.5,75.2,72.6,86.25,24.87,WARNING,0
2026-12-06T22:00:00,DG-001,80.8,0.235,375.2,76.2,49.1,75.58,27.25,NORMAL,0
2026-12-06T23:00:00,DG-001,82.42,0.213,321.7,64.1,51.2,76.83,27.25,NORMAL,0
2026-12-07T00:00:00,DG-001,83.17,0.179,397.0,80.0,94.2,77.13,25.74,NORMAL,0
2026-12-07T01:00:00,DG-001,99.56,0.499,393.4,80.4,44.7,86.38,25.1,WARNING,0
2026-12-07T02:00:00,DG-001,85.85,0.329,427.3,84.7,69.9,77.93,26.71,NORMAL,0
2026-12-07T03:00:00,DG-001,108.53,1.313,409.4,85.2,22.9,106.69,20.43,FAILURE_PRECURSOR,1
2026-12-07T04:00:00,DG-001,79.34,0.278,377.2,73.4,64.4,76.23,25.56,NORMAL,0
2026-12-07T05:00:00,DG-001,79.67,0.13,261.9,51.8,59.1,71.73,27.06,NORMAL,0
2026-12-07T06:00:00,DG-001,83.12,0.312,410.3,81.9,78.1,75.47,25.05,NORMAL,0
2026-12-07T07:00:00,DG-001,99.65,0.647,431.9,93.5,47.6,90.12,24.78,WARNING,0
2026-12-07T08:00:00,DG-001,83.36,0.205,382.1,78.0,29.3,77.11,26.29,NORMAL,0
2026-12-07T09:00:00,DG-001,80.35,0.192,247.1,50.5,65.5,74.1,27.72,NORMAL,0
2026-12-07T10:00:00,DG-001,86.34,0.155,379.5,76.7,40.4,76.36,27.84,NORMAL,0
2026-12-07T11:00:00,DG-001,84.68,0.186,398.1,79.9,58.8,77.86,26.35,NORMAL,0
2026-12-07T12:00:00,DG-001,80.4,0.146,271.7,55.1,41.5,73.07,26.0,NORMAL,0
2026-12-07T13:00:00,DG-001,83.82,0.23,332.9,67.7,23.8,74.44,26.51,NORMAL,0
2026-12-07T14:00:00,DG-001,81.68,0.256,380.2,78.1,49.8,75.03,25.74,NORMAL,0
2026-12-07T15:00:00,DG-001,84.14,0.159,336.1,65.7,72.9,73.25,26.64,NORMAL,0
2026-12-07T16:00:00,DG-001,81.74,0.232,360.5,72.2,94.3,77.05,26.19,NORMAL,0
2026-12-07T17:00:00,DG-001,81.52,0.218,379.3,73.7,25.1,75.66,26.19,NORMAL,0
2026-12-07T18:00:00,DG-001,82.52,0.285,386.7,77.1,25.1,76.02,27.15,NORMAL,0
2026-12-07T19:00:00,DG-001,80.03,0.129,252.3,51.0,76.7,73.82,26.45,NORMAL,0
2026-12-07T20:00:00,DG-001,83.5,0.369,396.5,80.9,29.3,74.94,26.01,NORMAL,0
2026-12-07T21:00:00,DG-001,79.23,0.27,301.8,60.8,54.6,76.05,26.89,NORMAL,0
2026-12-07T22:00:00,DG-001,79.38,0.219,288.9,58.8,52.0,72.56,27.11,NORMAL,0
2026-12-07T23:00:00,DG-001,80.62,0.189,290.8,56.1,22.4,74.17,25.94,NORMAL,0
2026-12-08T00:00:00,DG-001,85.66,0.191,426.1,83.0,78.9,78.16,27.6,NORMAL,0
2026-12-08T01:00:00,DG-001,97.36,0.562,355.0,76.8,51.5,87.34,24.7,WARNING,0
2026-12-08T02:00:00,DG-001,97.12,0.505,375.5,78.7,65.3,86.12,25.64,WARNING,0
2026-12-08T03:00:00,DG-001,82.16,0.198,265.8,53.3,96.5,74.27,27.7,NORMAL,0
2026-12-08T04:00:00,DG-001,109.32,1.361,458.8,104.3,18.1,104.48,20.6,FAILURE_PRECURSOR,1
2026-12-08T05:00:00,DG-001,82.5,0.282,373.2,75.8,55.0,77.92,27.74,NORMAL,0
2026-12-08T06:00:00,DG-001,83.73,0.259,398.2,82.5,63.3,76.87,25.9,NORMAL,0
2026-12-08T07:00:00,DG-001,84.75,0.279,398.1,81.1,87.3,75.94,27.04,NORMAL,0
2026-12-08T08:00:00,DG-001,79.21,0.202,294.6,58.6,86.2,75.58,25.5,NORMAL,0
2026-12-08T09:00:00,DG-001,80.2,0.251,324.2,65.7,75.9,75.6,25.95,NORMAL,0
2026-12-08T10:00:00,DG-001,84.04,0.181,398.2,79.9,33.6,76.09,26.69,NORMAL,0
2026-12-08T11:00:00,DG-001,80.76,0.184,319.4,65.7,41.0,76.8,27.88,NORMAL,0
2026-12-08T12:00:00,DG-001,107.81,1.404,397.9,90.7,45.6,104.35,22.9,FAILURE_PRECURSOR,1
2026-12-08T13:00:00,DG-001,108.82,1.225,438.2,102.1,39.9,108.37,21.78,FAILURE_PRECURSOR,1
2026-12-08T14:00:00,DG-001,80.9,0.27,382.6,76.2,24.9,75.91,27.23,NORMAL,0
2026-12-08T15:00:00,DG-001,110.19,0.946,490.3,100.4,29.2,104.78,20.72,FAILURE_PRECURSOR,1
2026-12-08T16:00:00,DG-001,82.08,0.194,382.2,77.6,57.5,76.31,27.78,NORMAL,0
2026-12-08T17:00:00,DG-001,79.67,0.204,375.1,75.7,96.3,76.61,26.4,NORMAL,0
2026-12-08T18:00:00,DG-001,81.65,0.225,337.4,68.3,84.9,75.78,26.09,NORMAL,0
2026-12-08T19:00:00,DG-001,79.08,0.223,291.1,58.1,76.1,74.6,26.63,NORMAL,0
2026-12-08T20:00:00,DG-001,80.23,0.198,286.2,57.4,61.6,74.31,26.98,NORMAL,0
2026-12-08T21:00:00,DG-001,80.46,0.177,253.4,51.1,44.7,75.08,25.5,NORMAL,0
2026-12-08T22:00:00,DG-001,83.53,0.234,354.2,72.1,57.2,75.39,25.75,NORMAL,0
2026-12-08T23:00:00,DG-001,98.16,0.646,450.6,92.4,65.4,85.96,23.44,WARNING,0
2026-12-09T00:00:00,DG-001,99.95,0.534,404.3,84.2,19.1,90.88,25.36,WARNING,0
2026-12-09T01:00:00,DG-001,97.2,0.61,393.8,80.2,86.0,86.6,25.42,WARNING,0
2026-12-09T02:00:00,DG-001,84.47,0.282,403.3,79.2,54.1,75.18,25.92,NORMAL,0
2026-12-09T03:00:00,DG-001,103.68,1.332,412.5,94.1,39.3,100.47,20.34,FAILURE_PRECURSOR,1
2026-12-09T04:00:00,DG-001,82.84,0.228,316.5,62.2,24.7,74.88,27.58,NORMAL,0
2026-12-09T05:00:00,DG-001,96.31,0.437,436.8,89.7,86.1,87.96,23.49,WARNING,0
2026-12-09T06:00:00,DG-001,82.29,0.211,354.1,71.5,23.5,77.3,25.01,NORMAL,0
2026-12-09T07:00:00,DG-001,98.02,0.608,420.6,91.3,82.9,89.13,23.31,WARNING,0
2026-12-09T08:00:00,DG-001,85.0,0.233,371.4,74.4,39.6,74.55,26.13,NORMAL,0
2026-12-09T09:00:00,DG-001,85.79,0.231,342.2,68.8,81.5,74.52,25.97,NORMAL,0
2026-12-09T10:00:00,DG-001,80.63,0.245,301.6,59.9,54.1,74.18,25.14,NORMAL,0
2026-12-09T11:00:00,DG-001,97.45,0.57,436.2,94.1,20.4,88.59,24.28,WARNING,0
2026-12-09T12:00:00,DG-001,96.4,0.501,382.9,81.7,28.6,89.86,25.28,WARNING,0
2026-12-09T13:00:00,DG-001,81.54,0.249,384.3,76.9,99.4,77.88,25.95,NORMAL,0
2026-12-09T14:00:00,DG-001,92.9,0.411,380.4,75.8,67.7,87.62,23.96,WARNING,0
2026-12-09T15:00:00,DG-001,82.41,0.28,389.5,76.8,61.2,76.34,25.92,NORMAL,0
2026-12-09T16:00:00,DG-001,81.45,0.214,320.7,65.0,43.0,75.42,26.97,NORMAL,0
2026-12-09T17:00:00,DG-001,82.75,0.268,399.3,79.9,43.7,76.51,27.54,NORMAL,0
2026-12-09T18:00:00,DG-001,111.02,1.208,485.3,99.8,47.1,105.71,22.18,FAILURE_PRECURSOR,1
2026-12-09T19:00:00,DG-001,96.64,0.59,408.9,85.6,45.7,89.86,25.4,WARNING,0
2026-12-09T20:00:00,DG-001,81.22,0.166,403.9,80.3,71.7,77.86,25.44,NORMAL,0
2026-12-09T21:00:00,DG-001,84.47,0.248,390.4,78.1,28.7,75.02,25.57,NORMAL,0
2026-12-09T22:00:00,DG-001,82.77,0.247,294.8,58.3,92.6,77.64,27.75,NORMAL,0
2026-12-09T23:00:00,DG-001,96.75,0.51,405.5,82.5,40.4,89.36,24.67,WARNING,0
2026-12-10T00:00:00,DG-001,81.82,0.246,274.1,54.9,74.2,75.08,27.92,NORMAL,0
2026-12-10T01:00:00,DG-001,83.03,0.289,304.0,61.4,83.0,74.38,25.83,NORMAL,0
2026-12-10T02:00:00,DG-001,82.03,0.298,368.0,74.6,63.5,75.38,25.87,NORMAL,0
2026-12-10T03:00:00,DG-001,80.33,0.263,265.6,52.2,60.3,74.13,27.36,NORMAL,0
2026-12-10T04:00:00,DG-001,81.89,0.3,397.6,78.4,89.5,77.65,27.57,NORMAL,0
2026-12-10T05:00:00,DG-001,80.57,0.358,412.0,80.8,85.6,75.7,25.39,NORMAL,0
2026-12-10T06:00:00,DG-001,83.06,0.184,349.2,70.2,45.4,76.49,26.59,NORMAL,0
2026-12-10T07:00:00,DG-001,81.97,0.19,331.2,64.8,64.8,75.2,27.71,NORMAL,0
2026-12-10T08:00:00,DG-001,82.38,0.338,417.5,82.9,30.4,75.99,25.33,NORMAL,0
2026-12-10T09:00:00,DG-001,81.85,0.219,320.7,63.8,26.2,73.41,25.48,NORMAL,0
2026-12-10T10:00:00,DG-001,81.89,0.193,309.6,61.5,80.6,74.38,26.52,NORMAL,0
2026-12-10T11:00:00,DG-001,84.54,0.224,407.5,81.5,69.9,76.06,26.26,NORMAL,0
2026-12-10T12:00:00,DG-001,83.17,0.21,354.3,70.6,26.5,75.48,26.62,NORMAL,0
2026-12-10T13:00:00,DG-001,82.04,0.282,378.5,76.7,92.8,76.61,26.35,NORMAL,0
2026-12-10T14:00:00,DG-001,82.13,0.192,323.8,64.3,64.4,73.47,26.8,NORMAL,0
2026-12-10T15:00:00,DG-001,79.5,0.318,373.2,74.8,83.3,75.59,26.06,NORMAL,0
2026-12-10T16:00:00,DG-001,83.63,0.347,410.7,82.6,55.4,76.03,25.48,NORMAL,0
2026-12-10T17:00:00,DG-001,82.64,0.207,369.2,76.6,58.1,75.29,25.9,NORMAL,0
2026-12-10T18:00:00,DG-001,82.92,0.234,358.6,71.0,57.2,75.38,27.4,NORMAL,0
2026-12-10T19:00:00,DG-001,86.08,0.257,399.7,80.4,66.7,76.56,25.5,NORMAL,0
2026-12-10T20:00:00,DG-001,83.3,0.271,346.0,68.7,29.4,74.5,26.69,NORMAL,0
2026-12-10T21:00:00,DG-001,80.94,0.252,326.3,64.7,55.8,74.34,27.93,NORMAL,0
2026-12-10T22:00:00,DG-001,80.87,0.172,292.8,58.9,50.1,77.21,26.85,NORMAL,0
2026-12-10T23:00:00,DG-001,83.08,0.243,359.2,70.6,80.9,76.31,25.28,NORMAL,0
2026-12-11T00:00:00,DG-001,113.72,1.12,444.7,101.4,49.7,108.86,21.03,FAILURE_PRECURSOR,1
2026-12-11T01:00:00,DG-001,79.13,0.251,269.4,54.3,40.8,75.28,27.81,NORMAL,0
2026-12-11T02:00:00,DG-001,77.99,0.16,266.2,53.4,66.5,75.38,27.33,NORMAL,0
2026-12-11T03:00:00,DG-001,96.27,0.583,368.9,77.0,34.9,86.17,24.39,WARNING,0
2026-12-11T04:00:00,DG-001,95.01,0.529,424.1,79.6,57.0,87.09,24.25,WARNING,0
2026-12-11T05:00:00,DG-001,79.9,0.201,276.3,54.3,96.1,74.28,27.59,NORMAL,0
2026-12-11T06:00:00,DG-001,83.44,0.301,361.1,72.4,66.0,75.84,25.7,NORMAL,0
2026-12-11T07:00:00,DG-001,81.13,0.249,301.7,59.1,39.1,74.04,27.71,NORMAL,0
2026-12-11T08:00:00,DG-001,81.48,0.158,260.4,52.0,81.4,75.03,27.68,NORMAL,0
2026-12-11T09:00:00,DG-001,81.42,0.276,345.8,70.3,28.9,74.44,26.75,NORMAL,0
2026-12-11T10:00:00,DG-001,79.69,0.106,288.0,56.5,31.2,72.97,25.93,NORMAL,0
2026-12-11T11:00:00,DG-001,97.27,0.513,346.2,76.4,46.4,87.3,24.15,WARNING,0
2026-12-11T12:00:00,DG-001,84.42,0.316,366.3,72.4,62.2,74.65,26.41,NORMAL,0
2026-12-11T13:00:00,DG-001,82.12,0.311,426.0,84.4,27.3,76.03,26.16,NORMAL,0
2026-12-11T14:00:00,DG-001,83.94,0.195,329.8,64.5,69.9,75.57,25.95,NORMAL,0
2026-12-11T15:00:00,DG-001,98.51,0.638,381.5,76.4,38.1,86.78,23.72,WARNING,0
2026-12-11T16:00:00,DG-001,104.66,1.479,424.7,96.1,42.8,107.42,23.97,FAILURE_PRECURSOR,1
2026-12-11T17:00:00,DG-001,80.98,0.182,311.1,60.8,86.5,73.96,25.06,NORMAL,0
2026-12-11T18:00:00,DG-001,83.31,0.216,330.6,66.4,98.8,75.1,26.91,NORMAL,0
2026-12-11T19:00:00,DG-001,79.53,0.219,350.8,71.3,59.0,75.48,25.79,NORMAL,0
2026-12-11T20:00:00,DG-001,83.94,0.257,379.9,77.7,47.1,76.83,26.06,NORMAL,0
2026-12-11T21:00:00,DG-001,77.88,0.203,274.9,55.1,40.6,74.28,26.56,NORMAL,0
2026-12-11T22:00:00,DG-001,80.56,0.283,366.5,71.7,25.5,75.57,27.07,NORMAL,0
2026-12-11T23:00:00,DG-001,81.81,0.225,369.5,75.3,61.8,76.88,25.97,NORMAL,0
2026-12-12T00:00:00,DG-001,98.3,0.645,431.9,85.0,77.4,88.21,25.47,WARNING,0
2026-12-12T01:00:00,DG-001,79.9,0.215,402.4,78.8,28.0,74.78,27.81,NORMAL,0
2026-12-12T02:00:00,DG-001,81.12,0.232,373.8,75.1,86.2,75.75,27.18,NORMAL,0
2026-12-12T03:00:00,DG-001,97.98,0.464,366.8,76.3,63.8,89.52,24.18,WARNING,0
2026-12-12T04:00:00,DG-001,79.83,0.204,324.5,63.1,29.3,77.74,26.77,NORMAL,0
2026-12-12T05:00:00,DG-001,106.42,1.055,503.1,103.6,29.2,104.46,22.53,FAILURE_PRECURSOR,1
2026-12-12T06:00:00,DG-001,82.63,0.215,310.2,61.6,73.0,75.39,25.21,NORMAL,0
2026-12-12T07:00:00,DG-001,82.06,0.171,327.2,65.2,30.9,76.38,26.81,NORMAL,0
2026-12-12T08:00:00,DG-001,108.22,0.979,476.8,108.4,40.2,107.04,22.25,FAILURE_PRECURSOR,1
2026-12-12T09:00:00,DG-001,84.29,0.224,360.5,69.4,75.9,74.7,27.54,NORMAL,0
2026-12-12T10:00:00,DG-001,82.73,0.158,332.6,66.1,98.2,75.66,27.49,NORMAL,0
2026-12-12T11:00:00,DG-001,81.3,0.271,324.1,64.0,94.4,75.13,25.78,NORMAL,0
2026-12-12T12:00:00,DG-001,78.82,0.203,260.1,52.8,51.2,73.23,26.44,NORMAL,0
2026-12-12T13:00:00,DG-001,113.43,0.963,518.9,107.2,25.8,103.58,21.81,FAILURE_PRECURSOR,1
2026-12-12T14:00:00,DG-001,83.38,0.247,395.7,79.2,62.3,74.69,25.1,NORMAL,0
2026-12-12T15:00:00,DG-001,81.33,0.151,323.4,64.6,68.3,73.84,27.63,NORMAL,0
2026-12-12T16:00:00,DG-001,82.33,0.215,339.8,67.7,60.6,74.7,25.87,NORMAL,0
2026-12-12T17:00:00,DG-001,81.82,0.14,272.8,54.1,47.0,72.81,27.57,NORMAL,0
2026-12-12T18:00:00,DG-001,96.6,0.454,413.9,81.5,37.7,91.3,24.86,WARNING,0
2026-12-12T19:00:00,DG-001,81.14,0.241,287.9,58.3,81.0,75.27,26.98,NORMAL,0
2026-12-12T20:00:00,DG-001,81.86,0.289,271.2,55.5,70.0,74.74,25.79,NORMAL,0
2026-12-12T21:00:00,DG-001,82.94,0.267,343.3,69.4,42.5,75.06,25.6,NORMAL,0
2026-12-12T22:00:00,DG-001,107.54,1.079,407.2,88.4,14.0,103.3,22.09,FAILURE_PRECURSOR,1
2026-12-12T23:00:00,DG-001,107.85,1.508,455.3,99.7,11.6,107.28,23.75,FAILURE_PRECURSOR,1
2026-12-13T00:00:00,DG-001,84.62,0.295,411.8,82.1,25.8,76.56,27.72,NORMAL,0
2026-12-13T01:00:00,DG-001,81.67,0.241,305.2,60.9,53.1,73.53,26.51,NORMAL,0
2026-12-13T02:00:00,DG-001,83.95,0.237,299.1,60.2,23.3,73.77,26.41,NORMAL,0
2026-12-13T03:00:00,DG-001,82.61,0.295,409.6,80.4,62.3,76.75,25.76,NORMAL,0
2026-12-13T04:00:00,DG-001,81.04,0.185,313.7,63.2,54.4,74.21,25.99,NORMAL,0
2026-12-13T05:00:00,DG-001,110.33,1.444,464.4,100.8,23.8,106.11,22.68,FAILURE_PRECURSOR,1
2026-12-13T06:00:00,DG-001,81.76,0.228,295.8,56.8,93.4,74.94,27.85,NORMAL,0
2026-12-13T07:00:00,DG-001,94.85,0.476,367.8,76.0,29.6,90.07,25.94,WARNING,0
2026-12-13T08:00:00,DG-001,81.84,0.136,360.4,71.3,21.9,74.59,26.25,NORMAL,0
2026-12-13T09:00:00,DG-001,106.86,0.902,457.7,97.5,28.5,105.14,21.97,FAILURE_PRECURSOR,1
2026-12-13T10:00:00,DG-001,84.48,0.238,407.5,81.9,81.8,76.44,27.59,NORMAL,0
2026-12-13T11:00:00,DG-001,81.18,0.245,301.6,58.9,92.7,75.19,27.16,NORMAL,0
2026-12-13T12:00:00,DG-001,80.0,0.218,276.0,54.5,40.4,75.78,26.42,NORMAL,0
2026-12-13T13:00:00,DG-001,85.2,0.291,372.1,75.2,49.4,75.32,25.55,NORMAL,0
2026-12-13T14:00:00,DG-001,83.54,0.295,379.9,75.6,96.7,77.98,27.86,NORMAL,0
2026-12-13T15:00:00,DG-001,78.52,0.202,253.2,50.1,55.3,74.53,26.3,NORMAL,0
2026-12-13T16:00:00,DG-001,83.56,0.21,411.0,81.7,34.5,74.64,25.44,NORMAL,0
2026-12-13T17:00:00,DG-001,82.97,0.206,352.6,69.8,53.1,75.62,25.61,NORMAL,0
2026-12-13T18:00:00,DG-001,112.11,1.5,457.2,97.0,34.7,104.47,23.46,FAILURE_PRECURSOR,1
2026-12-13T19:00:00,DG-001,82.32,0.324,287.4,57.4,20.4,72.49,27.79,NORMAL,0
2026-12-13T20:00:00,DG-001,83.09,0.333,306.4,61.7,45.6,74.99,27.9,NORMAL,0
2026-12-13T21:00:00,DG-001,81.66,0.217,318.3,64.6,99.9,74.82,26.22,NORMAL,0
2026-12-13T22:00:00,DG-001,79.06,0.169,292.8,59.7,31.3,75.35,26.45,NORMAL,0
2026-12-13T23:00:00,DG-001,79.4,0.27,301.1,60.4,48.2,74.09,25.91,NORMAL,0
2026-12-14T00:00:00,DG-001,80.69,0.191,313.1,63.4,28.7,76.31,25.62,NORMAL,0
2026-12-14T01:00:00,DG-001,81.52,0.168,362.9,72.5,52.8,76.41,26.6,NORMAL,0
2026-12-14T02:00:00,DG-001,81.58,0.308,430.7,84.5,21.1,76.35,26.6,NORMAL,0
2026-12-14T03:00:00,DG-001,81.77,0.201,262.8,52.3,74.5,76.21,26.11,NORMAL,0
2026-12-14T04:00:00,DG-001,84.39,0.212,358.5,71.5,61.3,75.33,27.19,NORMAL,0
2026-12-14T05:00:00,DG-001,81.26,0.204,349.8,68.2,32.7,74.64,25.56,NORMAL,0
2026-12-14T06:00:00,DG-001,83.23,0.259,370.0,73.8,67.9,75.98,26.32,NORMAL,0
2026-12-14T07:00:00,DG-001,75.86,0.222,257.6,50.1,98.2,74.19,27.47,NORMAL,0
2026-12-14T08:00:00,DG-001,79.62,0.16,305.9,62.2,70.7,73.36,25.22,NORMAL,0
2026-12-14T09:00:00,DG-001,80.82,0.235,338.6,66.2,73.4,75.97,26.32,NORMAL,0
2026-12-14T10:00:00,DG-001,84.38,0.3,390.4,78.8,51.4,79.13,26.38,NORMAL,0
2026-12-14T11:00:00,DG-001,81.14,0.217,256.5,51.2,90.3,74.81,25.28,NORMAL,0
2026-12-14T12:00:00,DG-001,80.69,0.288,292.5,58.8,77.0,75.17,27.4,NORMAL,0
2026-12-14T13:00:00,DG-001,80.81,0.264,339.1,69.7,63.2,75.89,27.09,NORMAL,0
2026-12-14T14:00:00,DG-001,80.49,0.15,262.7,52.5,84.8,72.86,27.07,NORMAL,0
2026-12-14T15:00:00,DG-001,84.72,0.198,380.1,76.0,28.5,74.91,27.51,NORMAL,0
2026-12-14T16:00:00,DG-001,98.55,0.471,389.7,84.1,49.9,88.91,23.32,WARNING,0
2026-12-14T17:00:00,DG-001,80.31,0.283,340.6,67.5,60.8,75.57,25.83,NORMAL,0
2026-12-14T18:00:00,DG-001,82.36,0.195,289.7,57.9,93.7,75.82,28.0,NORMAL,0
2026-12-14T19:00:00,DG-001,81.15,0.22,272.9,55.7,95.9,74.3,27.68,NORMAL,0
2026-12-14T20:00:00,DG-001,80.78,0.175,344.2,67.1,58.5,76.53,26.79,NORMAL,0
2026-12-14T21:00:00,DG-001,78.96,0.324,263.1,52.4,31.3,74.94,27.45,NORMAL,0
2026-12-14T22:00:00,DG-001,98.88,0.648,418.4,88.5,56.4,90.31,23.79,WARNING,0
2026-12-14T23:00:00,DG-001,82.77,0.189,314.3,62.2,88.9,77.15,25.93,NORMAL,0
2026-12-15T00:00:00,DG-001,78.83,0.15,264.7,53.7,26.1,74.83,25.95,NORMAL,0
2026-12-15T01:00:00,DG-001,94.57,0.45,403.7,89.5,72.4,90.13,23.42,WARNING,0
2026-12-15T02:00:00,DG-001,80.76,0.213,310.4,60.9,85.5,74.27,27.05,NORMAL,0
2026-12-15T03:00:00,DG-001,98.19,0.671,421.2,83.8,30.8,88.83,23.64,WARNING,0
2026-12-15T04:00:00,DG-001,95.95,0.52,433.3,87.9,89.6,88.53,23.61,WARNING,0
2026-12-15T05:00:00,DG-001,80.41,0.253,285.9,55.6,60.1,75.23,25.67,NORMAL,0
2026-12-15T06:00:00,DG-001,82.76,0.267,283.9,58.9,70.9,74.86,25.42,NORMAL,0
2026-12-15T07:00:00,DG-001,82.74,0.203,393.7,79.7,35.3,75.95,27.24,NORMAL,0
2026-12-15T08:00:00,DG-001,99.84,0.636,432.6,91.8,49.2,89.16,23.4,WARNING,0
2026-12-15T09:00:00,DG-001,79.67,0.175,255.5,52.2,21.6,73.37,26.81,NORMAL,0
2026-12-15T10:00:00,DG-001,78.48,0.267,270.4,53.5,25.6,74.19,25.6,NORMAL,0
2026-12-15T11:00:00,DG-001,80.16,0.157,272.9,55.7,49.0,75.23,27.63,NORMAL,0
2026-12-15T12:00:00,DG-001,111.75,1.224,451.9,97.3,40.7,104.01,21.45,FAILURE_PRECURSOR,1
2026-12-15T13:00:00,DG-001,84.06,0.261,372.2,75.1,63.2,75.94,26.25,NORMAL,0
2026-12-15T14:00:00,DG-001,82.28,0.225,312.6,62.6,42.7,76.0,27.15,NORMAL,0
2026-12-15T15:00:00,DG-001,77.21,0.115,291.6,58.9,21.0,75.84,27.07,NORMAL,0
2026-12-15T16:00:00,DG-001,93.62,0.593,397.8,82.3,26.8,86.72,25.04,WARNING,0
2026-12-15T17:00:00,DG-001,106.82,1.492,471.5,103.9,29.3,103.28,21.84,FAILURE_PRECURSOR,1
2026-12-15T18:00:00,DG-001,81.57,0.162,268.7,52.9,76.5,74.85,26.61,NORMAL,0
2026-12-15T19:00:00,DG-001,80.73,0.176,250.7,51.3,87.7,74.58,25.83,NORMAL,0
2026-12-15T20:00:00,DG-001,79.64,0.255,320.2,63.2,71.8,73.5,26.27,NORMAL,0
2026-12-15T21:00:00,DG-001,84.9,0.237,396.2,79.0,68.3,75.73,26.3,NORMAL,0
2026-12-15T22:00:00,DG-001,81.56,0.239,344.4,68.2,34.6,74.69,26.57,NORMAL,0
2026-12-15T23:00:00,DG-001,81.08,0.256,367.7,74.0,33.1,75.42,27.22,NORMAL,0
2026-12-16T00:00:00,DG-001,80.81,0.216,349.3,70.6,88.4,74.82,26.98,NORMAL,0
2026-12-16T01:00:00,DG-001,83.68,0.262,265.9,52.5,64.1,72.03,26.79,NORMAL,0
2026-12-16T02:00:00,DG-001,81.31,0.284,388.5,78.7,60.6,76.73,27.84,NORMAL,0
2026-12-16T03:00:00,DG-001,82.16,0.205,334.8,67.6,93.9,75.26,25.87,NORMAL,0
2026-12-16T04:00:00,DG-001,82.2,0.288,337.3,67.3,54.8,75.21,26.76,NORMAL,0
2026-12-16T05:00:00,DG-001,80.98,0.22,321.9,64.3,49.2,76.27,25.29,NORMAL,0
2026-12-16T06:00:00,DG-001,81.05,0.253,315.7,62.7,75.6,75.98,26.14,NORMAL,0
2026-12-16T07:00:00,DG-001,79.88,0.197,252.5,51.3,81.6,73.11,26.51,NORMAL,0
2026-12-16T08:00:00,DG-001,77.62,0.228,306.7,61.5,47.2,76.65,27.67,NORMAL,0
2026-12-16T09:00:00,DG-001,81.55,0.272,369.8,72.8,59.1,77.26,25.39,NORMAL,0
2026-12-16T10:00:00,DG-001,81.33,0.324,411.4,81.7,45.1,75.63,25.7,NORMAL,0
2026-12-16T11:00:00,DG-001,80.35,0.156,262.1,52.3,76.9,72.83,26.36,NORMAL,0
2026-12-16T12:00:00,DG-001,78.09,0.244,297.8,59.4,90.7,75.64,27.91,NORMAL,0
2026-12-16T13:00:00,DG-001,111.51,1.51,405.0,104.4,9.4,105.2,24.0,FAILURE_PRECURSOR,1
2026-12-16T14:00:00,DG-001,113.53,0.836,423.2,95.8,20.9,105.25,22.1,FAILURE_PRECURSOR,1
2026-12-16T15:00:00,DG-001,111.64,1.428,508.2,109.6,20.1,105.52,21.47,FAILURE_PRECURSOR,1
2026-12-16T16:00:00,DG-001,83.5,0.283,327.3,65.7,70.1,76.23,25.89,NORMAL,0
2026-12-16T17:00:00,DG-001,79.86,0.177,284.0,56.0,63.8,73.65,26.59,NORMAL,0
2026-12-16T18:00:00,DG-001,83.16,0.332,424.9,84.8,74.2,76.37,26.61,NORMAL,0
2026-12-16T19:00:00,DG-001,83.06,0.211,278.1,55.4,98.8,74.13,26.94,NORMAL,0
2026-12-16T20:00:00,DG-001,81.01,0.227,361.0,72.0,54.1,76.87,27.74,NORMAL,0
2026-12-16T21:00:00,DG-001,99.36,0.436,381.2,79.8,58.4,87.29,24.54,WARNING,0
2026-12-16T22:00:00,DG-001,82.83,0.204,265.2,53.4,60.3,75.06,27.15,NORMAL,0
2026-12-16T23:00:00,DG-001,79.9,0.233,344.9,69.6,25.7,75.89,25.98,NORMAL,0
2026-12-17T00:00:00,DG-001,79.69,0.278,296.2,58.3,76.9,75.18,26.66,NORMAL,0
2026-12-17T01:00:00,DG-001,80.52,0.16,265.8,53.7,75.5,75.68,27.85,NORMAL,0
2026-12-17T02:00:00,DG-001,82.2,0.272,339.9,67.3,82.8,75.57,27.9,NORMAL,0
2026-12-17T03:00:00,DG-001,79.76,0.305,287.0,57.9,87.1,73.84,27.21,NORMAL,0
2026-12-17T04:00:00,DG-001,80.39,0.233,267.8,52.4,97.0,74.48,26.29,NORMAL,0
2026-12-17T05:00:00,DG-001,100.18,0.672,391.6,83.2,57.2,87.65,24.07,WARNING,0
2026-12-17T06:00:00,DG-001,83.56,0.205,399.5,81.6,61.1,78.77,27.08,NORMAL,0
2026-12-17T07:00:00,DG-001,83.51,0.317,414.0,81.6,91.7,77.01,25.17,NORMAL,0
2026-12-17T08:00:00,DG-001,82.89,0.218,372.4,74.0,34.4,75.17,27.5,NORMAL,0
2026-12-17T09:00:00,DG-001,96.37,0.554,374.2,84.6,41.1,85.26,24.02,WARNING,0
2026-12-17T10:00:00,DG-001,113.47,1.164,467.0,91.7,33.0,104.05,22.08,FAILURE_PRECURSOR,1
2026-12-17T11:00:00,DG-001,80.24,0.241,378.6,75.2,61.8,76.68,26.88,NORMAL,0
2026-12-17T12:00:00,DG-001,82.69,0.221,403.4,80.4,83.3,77.51,26.32,NORMAL,0
2026-12-17T13:00:00,DG-001,108.3,1.03,384.5,89.7,21.0,103.83,22.0,FAILURE_PRECURSOR,1
2026-12-17T14:00:00,DG-001,83.89,0.293,282.5,57.5,99.3,73.34,26.28,NORMAL,0
2026-12-17T15:00:00,DG-001,79.27,0.292,291.7,60.3,80.3,76.04,27.07,NORMAL,0
2026-12-17T16:00:00,DG-001,93.8,0.425,366.3,77.3,85.8,89.86,25.84,WARNING,0
2026-12-17T17:00:00,DG-001,82.19,0.215,370.3,74.2,39.2,77.15,25.1,NORMAL,0
2026-12-17T18:00:00,DG-001,82.99,0.292,317.5,64.3,24.6,76.62,25.8,NORMAL,0
2026-12-17T19:00:00,DG-001,111.08,1.066,379.2,88.0,13.1,104.2,23.57,FAILURE_PRECURSOR,1
2026-12-17T20:00:00,DG-001,82.74,0.224,379.5,76.3,70.8,74.71,25.68,NORMAL,0
2026-12-17T21:00:00,DG-001,80.39,0.226,269.9,54.2,52.6,73.95,27.23,NORMAL,0
2026-12-17T22:00:00,DG-001,99.49,0.446,375.9,78.6,74.9,87.6,23.44,WARNING,0
2026-12-17T23:00:00,DG-001,82.98,0.293,341.4,68.1,50.9,76.19,27.12,NORMAL,0
2026-12-18T00:00:00,DG-001,83.68,0.273,352.2,68.6,82.7,77.15,26.8,NORMAL,0
2026-12-18T01:00:00,DG-001,81.97,0.397,360.6,73.9,80.7,76.22,25.11,NORMAL,0
2026-12-18T02:00:00,DG-001,110.15,1.544,473.0,97.0,41.0,101.8,23.48,FAILURE_PRECURSOR,1
2026-12-18T03:00:00,DG-001,83.01,0.211,404.9,79.5,62.7,75.99,25.61,NORMAL,0
2026-12-18T04:00:00,DG-001,97.21,0.569,384.9,77.6,85.6,89.05,24.88,WARNING,0
2026-12-18T05:00:00,DG-001,85.21,0.297,397.7,80.8,74.6,76.33,25.33,NORMAL,0
2026-12-18T06:00:00,DG-001,83.19,0.274,339.4,69.9,53.2,75.69,27.33,NORMAL,0
2026-12-18T07:00:00,DG-001,108.33,1.09,499.2,105.6,29.9,104.63,23.2,FAILURE_PRECURSOR,1
2026-12-18T08:00:00,DG-001,84.5,0.279,377.6,74.6,61.7,74.05,27.54,NORMAL,0
2026-12-18T09:00:00,DG-001,98.18,0.593,465.7,94.9,34.5,88.88,23.82,WARNING,0
2026-12-18T10:00:00,DG-001,79.7,0.231,262.3,52.7,47.2,73.43,27.14,NORMAL,0
2026-12-18T11:00:00,DG-001,81.7,0.213,336.4,67.1,86.1,74.8,26.38,NORMAL,0
2026-12-18T12:00:00,DG-001,81.53,0.236,288.8,58.1,50.6,74.68,27.68,NORMAL,0
2026-12-18T13:00:00,DG-001,80.93,0.24,392.3,78.7,85.8,77.69,26.82,NORMAL,0
2026-12-18T14:00:00,DG-001,83.21,0.2,270.0,53.9,39.5,74.5,25.77,NORMAL,0
2026-12-18T15:00:00,DG-001,81.05,0.216,271.9,53.9,67.4,76.47,26.51,NORMAL,0
2026-12-18T16:00:00,DG-001,84.4,0.308,386.5,77.8,74.9,78.21,26.85,NORMAL,0
2026-12-18T17:00:00,DG-001,83.35,0.3,403.4,80.4,22.8,76.81,25.61,NORMAL,0
2026-12-18T18:00:00,DG-001,84.93,0.252,351.2,70.5,27.8,75.93,27.57,NORMAL,0
2026-12-18T19:00:00,DG-001,96.64,0.428,457.6,92.0,54.8,88.17,24.32,WARNING,0
2026-12-18T20:00:00,DG-001,82.72,0.281,338.2,67.1,64.0,74.36,27.68,NORMAL,0
2026-12-18T21:00:00,DG-001,83.61,0.322,350.1,70.1,42.1,77.04,27.28,NORMAL,0
2026-12-18T22:00:00,DG-001,82.36,0.185,396.0,79.8,82.7,75.8,27.25,NORMAL,0
2026-12-18T23:00:00,DG-001,81.16,0.238,340.1,69.1,96.5,74.4,27.84,NORMAL,0
2026-12-19T00:00:00,DG-001,79.79,0.249,283.6,56.6,72.5,73.54,27.08,NORMAL,0
2026-12-19T01:00:00,DG-001,82.49,0.206,402.2,79.9,63.1,75.7,26.3,NORMAL,0
2026-12-19T02:00:00,DG-001,82.57,0.107,288.2,56.1,75.1,75.0,27.07,NORMAL,0
2026-12-19T03:00:00,DG-001,80.3,0.284,375.6,74.6,71.9,76.92,25.29,NORMAL,0
2026-12-19T04:00:00,DG-001,81.46,0.149,391.4,79.7,41.9,76.36,25.48,NORMAL,0
2026-12-19T05:00:00,DG-001,79.64,0.247,273.9,54.5,51.0,75.03,26.83,NORMAL,0
2026-12-19T06:00:00,DG-001,82.72,0.191,373.7,76.2,98.6,75.36,26.58,NORMAL,0
2026-12-19T07:00:00,DG-001,85.49,0.242,363.9,72.7,64.8,75.24,25.22,NORMAL,0
2026-12-19T08:00:00,DG-001,81.05,0.252,389.9,78.7,20.9,76.98,25.22,NORMAL,0
2026-12-19T09:00:00,DG-001,98.11,0.573,369.1,77.8,70.2,86.95,23.47,WARNING,0
2026-12-19T10:00:00,DG-001,80.39,0.174,269.4,54.7,88.9,73.68,27.05,NORMAL,0
2026-12-19T11:00:00,DG-001,79.06,0.196,289.6,57.8,70.6,73.75,26.61,NORMAL,0
2026-12-19T12:00:00,DG-001,104.79,1.303,382.9,93.1,24.2,105.63,21.46,FAILURE_PRECURSOR,1
2026-12-19T13:00:00,DG-001,102.85,0.615,425.3,87.2,59.7,88.35,23.11,WARNING,0
2026-12-19T14:00:00,DG-001,97.98,0.41,414.0,92.3,89.3,88.69,24.28,WARNING,0
2026-12-19T15:00:00,DG-001,109.83,0.979,444.4,93.3,14.7,102.1,22.9,FAILURE_PRECURSOR,1
2026-12-19T16:00:00,DG-001,82.35,0.216,306.9,61.3,77.9,74.68,27.59,NORMAL,0
2026-12-19T17:00:00,DG-001,82.11,0.216,337.7,66.7,32.4,74.44,27.75,NORMAL,0
2026-12-19T18:00:00,DG-001,82.72,0.292,324.8,65.5,37.6,75.04,25.76,NORMAL,0
2026-12-19T19:00:00,DG-001,84.45,0.243,423.0,84.1,28.9,76.71,25.45,NORMAL,0
2026-12-19T20:00:00,DG-001,83.64,0.231,381.2,75.1,40.7,77.89,26.46,NORMAL,0
2026-12-19T21:00:00,DG-001,82.16,0.287,317.8,65.5,79.6,73.19,26.39,NORMAL,0
2026-12-19T22:00:00,DG-001,81.93,0.306,345.5,68.6,85.8,75.68,27.68,NORMAL,0
2026-12-19T23:00:00,DG-001,103.49,0.835,436.3,92.0,9.0,101.35,22.91,FAILURE_PRECURSOR,1
2026-12-20T00:00:00,DG-001,111.14,1.499,497.9,106.9,34.8,108.13,20.21,FAILURE_PRECURSOR,1
2026-12-20T01:00:00,DG-001,79.81,0.327,265.8,54.6,94.0,74.24,27.22,NORMAL,0
2026-12-20T02:00:00,DG-001,98.69,0.423,406.5,82.4,28.6,87.14,23.4,WARNING,0
2026-12-20T03:00:00,DG-001,82.89,0.222,328.5,65.2,33.5,75.39,27.12,NORMAL,0
2026-12-20T04:00:00,DG-001,82.17,0.189,274.6,53.0,32.4,74.13,27.57,NORMAL,0
2026-12-20T05:00:00,DG-001,79.54,0.178,352.7,68.7,23.3,75.27,25.15,NORMAL,0
2026-12-20T06:00:00,DG-001,107.88,1.036,399.2,88.3,7.4,102.68,22.53,FAILURE_PRECURSOR,1
2026-12-20T07:00:00,DG-001,81.15,0.162,429.1,84.6,26.2,77.6,27.37,NORMAL,0
2026-12-20T08:00:00,DG-001,98.46,0.694,488.2,92.3,55.2,90.31,24.52,WARNING,0
2026-12-20T09:00:00,DG-001,79.42,0.206,340.6,68.8,59.8,75.18,26.72,NORMAL,0
2026-12-20T10:00:00,DG-001,84.95,0.15,337.5,66.9,46.0,76.0,25.89,NORMAL,0
2026-12-20T11:00:00,DG-001,81.3,0.233,294.4,57.6,66.6,75.55,26.5,NORMAL,0
2026-12-20T12:00:00,DG-001,81.75,0.235,317.3,64.8,84.4,76.5,26.69,NORMAL,0
2026-12-20T13:00:00,DG-001,81.91,0.228,327.8,65.6,93.5,75.72,27.03,NORMAL,0
2026-12-20T14:00:00,DG-001,81.51,0.237,335.4,67.2,39.8,76.07,25.26,NORMAL,0
2026-12-20T15:00:00,DG-001,83.86,0.221,375.0,76.6,75.0,77.94,25.83,NORMAL,0
2026-12-20T16:00:00,DG-001,83.74,0.304,374.6,75.0,82.2,74.67,27.47,NORMAL,0
2026-12-20T17:00:00,DG-001,80.45,0.206,248.3,51.7,61.3,75.61,27.49,NORMAL,0
2026-12-20T18:00:00,DG-001,81.62,0.264,295.2,56.9,70.2,74.09,27.22,NORMAL,0
2026-12-20T19:00:00,DG-001,78.29,0.275,305.1,59.5,47.2,73.19,25.52,NORMAL,0
2026-12-20T20:00:00,DG-001,109.82,1.513,463.0,103.8,12.6,107.8,22.12,FAILURE_PRECURSOR,1
2026-12-20T21:00:00,DG-001,81.22,0.326,321.7,64.8,77.8,75.29,25.91,NORMAL,0
2026-12-20T22:00:00,DG-001,84.84,0.253,380.9,75.8,56.8,76.61,25.23,NORMAL,0
2026-12-20T23:00:00,DG-001,79.81,0.229,346.7,67.8,69.3,76.94,25.95,NORMAL,0
2026-12-21T00:00:00,DG-001,82.12,0.292,364.2,72.2,29.8,77.06,25.01,NORMAL,0
2026-12-21T01:00:00,DG-001,93.55,0.584,348.5,75.8,62.7,86.42,23.65,WARNING,0
2026-12-21T02:00:00,DG-001,97.25,0.611,395.7,78.8,35.2,87.58,24.11,WARNING,0
2026-12-21T03:00:00,DG-001,80.36,0.247,309.6,64.0,67.3,76.06,27.99,NORMAL,0
2026-12-21T04:00:00,DG-001,81.04,0.241,274.6,54.6,61.0,76.28,26.92,NORMAL,0
2026-12-21T05:00:00,DG-001,84.51,0.273,411.0,81.7,61.5,76.89,26.98,NORMAL,0
2026-12-21T06:00:00,DG-001,86.33,0.275,402.4,79.2,84.7,77.54,26.96,NORMAL,0
2026-12-21T07:00:00,DG-001,97.25,0.592,437.1,91.3,72.4,89.78,25.16,WARNING,0
2026-12-21T08:00:00,DG-001,81.68,0.158,361.8,72.2,44.4,75.99,25.57,NORMAL,0
2026-12-21T09:00:00,DG-001,83.1,0.198,298.9,60.9,44.0,74.97,25.63,NORMAL,0
2026-12-21T10:00:00,DG-001,80.85,0.16,277.6,57.9,52.7,73.94,26.69,NORMAL,0
2026-12-21T11:00:00,DG-001,82.44,0.16,412.3,81.3,97.2,76.05,27.59,NORMAL,0
2026-12-21T12:00:00,DG-001,78.38,0.167,283.3,57.3,81.4,72.6,25.86,NORMAL,0
2026-12-21T13:00:00,DG-001,85.63,0.313,421.9,84.8,24.6,76.82,27.43,NORMAL,0
2026-12-21T14:00:00,DG-001,96.0,0.41,438.3,89.3,21.6,91.73,24.08,WARNING,0
2026-12-21T15:00:00,DG-001,82.62,0.216,376.2,73.9,58.1,74.73,25.36,NORMAL,0
2026-12-21T16:00:00,DG-001,81.25,0.254,324.9,65.0,47.9,75.43,27.53,NORMAL,0
2026-12-21T17:00:00,DG-001,81.39,0.212,265.8,53.0,72.2,73.77,26.69,NORMAL,0
2026-12-21T18:00:00,DG-001,80.09,0.196,260.4,52.5,62.7,73.9,25.79,NORMAL,0
2026-12-21T19:00:00,DG-001,110.46,1.597,482.3,108.1,44.9,106.64,22.15,FAILURE_PRECURSOR,1
2026-12-21T20:00:00,DG-001,82.15,0.169,359.8,71.8,26.2,76.65,26.51,NORMAL,0
2026-12-21T21:00:00,DG-001,79.88,0.169,266.6,53.8,55.6,75.26,25.41,NORMAL,0
2026-12-21T22:00:00,DG-001,83.09,0.268,309.9,61.8,61.4,74.75,26.18,NORMAL,0
2026-12-21T23:00:00,DG-001,81.55,0.293,269.0,52.2,68.1,71.97,27.82,NORMAL,0
2026-12-22T00:00:00,DG-001,96.57,0.643,444.0,94.1,39.2,88.5,23.58,WARNING,0
2026-12-22T01:00:00,DG-001,84.87,0.215,389.0,78.4,34.9,75.82,25.89,NORMAL,0
2026-12-22T02:00:00,DG-001,98.75,0.462,403.1,87.7,41.0,89.38,24.99,WARNING,0
2026-12-22T03:00:00,DG-001,96.19,0.675,421.3,91.7,23.1,90.03,25.25,WARNING,0
2026-12-22T04:00:00,DG-001,84.42,0.185,396.3,79.1,93.8,77.01,27.46,NORMAL,0
2026-12-22T05:00:00,DG-001,84.48,0.311,391.3,75.9,71.0,76.4,26.66,NORMAL,0
2026-12-22T06:00:00,DG-001,79.4,0.292,289.8,57.8,71.8,73.3,27.16,NORMAL,0
2026-12-22T07:00:00,DG-001,80.98,0.123,287.5,56.8,54.9,76.23,27.04,NORMAL,0
2026-12-22T08:00:00,DG-001,84.06,0.342,406.2,81.1,23.8,76.88,26.2,NORMAL,0
2026-12-22T09:00:00,DG-001,82.48,0.322,414.3,82.4,63.9,76.11,26.68,NORMAL,0
2026-12-22T10:00:00,DG-001,82.97,0.277,360.2,73.6,65.3,77.08,27.56,NORMAL,0
2026-12-22T11:00:00,DG-001,98.08,0.512,387.2,80.1,75.5,87.82,24.31,WARNING,0
2026-12-22T12:00:00,DG-001,83.27,0.287,365.4,74.7,77.3,76.17,26.32,NORMAL,0
2026-12-22T13:00:00,DG-001,109.87,1.477,433.7,95.8,28.5,102.95,21.33,FAILURE_PRECURSOR,1
2026-12-22T14:00:00,DG-001,81.15,0.186,304.8,62.9,26.6,74.38,27.84,NORMAL,0
2026-12-22T15:00:00,DG-001,96.03,0.671,381.4,82.1,83.9,88.86,23.95,WARNING,0
2026-12-22T16:00:00,DG-001,97.12,0.458,420.8,92.5,44.8,86.62,25.05,WARNING,0
2026-12-22T17:00:00,DG-001,96.94,0.423,442.7,94.2,18.5,88.74,23.09,WARNING,0
2026-12-22T18:00:00,DG-001,81.94,0.274,383.0,74.8,44.9,77.77,25.72,NORMAL,0
2026-12-22T19:00:00,DG-001,80.37,0.158,281.6,56.4,48.4,73.79,25.11,NORMAL,0
2026-12-22T20:00:00,DG-001,80.03,0.272,282.6,55.3,38.7,75.28,27.39,NORMAL,0
2026-12-22T21:00:00,DG-001,97.75,0.479,425.3,88.6,35.1,87.94,25.14,WARNING,0
2026-12-22T22:00:00,DG-001,82.34,0.234,266.4,52.6,57.9,75.38,26.96,NORMAL,0
2026-12-22T23:00:00,DG-001,79.32,0.213,282.7,54.8,60.7,74.15,26.33,NORMAL,0
2026-12-23T00:00:00,DG-001,98.44,0.509,406.1,87.9,72.5,89.67,24.16,WARNING,0
2026-12-23T01:00:00,DG-001,78.63,0.142,264.0,53.6,69.1,74.66,26.14,NORMAL,0
2026-12-23T02:00:00,DG-001,97.02,0.477,407.5,85.9,82.7,90.7,24.69,WARNING,0
2026-12-23T03:00:00,DG-001,80.19,0.244,302.9,61.7,53.9,75.2,26.36,NORMAL,0
2026-12-23T04:00:00,DG-001,81.2,0.13,277.4,56.1,95.1,73.87,25.35,NORMAL,0
2026-12-23T05:00:00,DG-001,81.78,0.211,408.9,82.3,80.7,74.94,26.5,NORMAL,0
2026-12-23T06:00:00,DG-001,79.23,0.239,294.0,60.5,83.7,74.66,25.59,NORMAL,0
2026-12-23T07:00:00,DG-001,79.18,0.204,294.3,58.7,36.6,74.1,26.09,NORMAL,0
2026-12-23T08:00:00,DG-001,83.06,0.235,366.0,73.8,65.8,75.18,27.56,NORMAL,0
2026-12-23T09:00:00,DG-001,83.56,0.194,354.8,69.2,34.3,75.38,27.11,NORMAL,0
2026-12-23T10:00:00,DG-001,97.13,0.695,361.7,79.7,30.4,89.79,24.59,WARNING,0
2026-12-23T11:00:00,DG-001,95.99,0.605,372.3,76.4,33.8,88.18,24.97,WARNING,0
2026-12-23T12:00:00,DG-001,79.16,0.223,353.8,72.0,81.6,75.47,25.65,NORMAL,0
2026-12-23T13:00:00,DG-001,81.43,0.255,333.9,68.0,65.0,74.35,26.98,NORMAL,0
2026-12-23T14:00:00,DG-001,84.36,0.243,371.5,73.4,27.5,75.66,25.36,NORMAL,0
2026-12-23T15:00:00,DG-001,84.16,0.206,322.9,63.6,65.8,74.95,26.35,NORMAL,0
2026-12-23T16:00:00,DG-001,79.24,0.227,329.0,66.2,33.3,74.29,25.12,NORMAL,0
2026-12-23T17:00:00,DG-001,83.04,0.152,365.3,72.7,29.9,76.15,26.96,NORMAL,0
2026-12-23T18:00:00,DG-001,79.25,0.262,307.5,60.2,87.1,74.68,27.68,NORMAL,0
2026-12-23T19:00:00,DG-001,84.66,0.34,410.0,81.9,26.6,76.47,25.05,NORMAL,0
2026-12-23T20:00:00,DG-001,83.25,0.256,364.9,74.3,33.9,74.65,27.01,NORMAL,0
2026-12-23T21:00:00,DG-001,82.1,0.223,249.5,50.5,69.3,73.06,25.4,NORMAL,0
2026-12-23T22:00:00,DG-001,83.09,0.21,397.7,78.9,55.3,77.44,27.69,NORMAL,0
2026-12-23T23:00:00,DG-001,83.22,0.183,257.3,50.9,73.0,73.68,27.71,NORMAL,0
2026-12-24T00:00:00,DG-001,81.61,0.223,293.7,57.6,74.0,74.88,26.7,NORMAL,0
2026-12-24T01:00:00,DG-001,81.05,0.314,355.4,70.1,86.6,76.48,26.24,NORMAL,0
2026-12-24T02:00:00,DG-001,111.72,1.172,459.3,104.9,10.7,102.73,21.05,FAILURE_PRECURSOR,1
2026-12-24T03:00:00,DG-001,79.88,0.249,333.5,68.0,92.6,75.58,27.73,NORMAL,0
2026-12-24T04:00:00,DG-001,84.84,0.231,415.8,80.6,84.9,77.14,27.03,NORMAL,0
2026-12-24T05:00:00,DG-001,112.99,0.859,493.0,106.8,38.3,106.7,23.71,FAILURE_PRECURSOR,1
2026-12-24T06:00:00,DG-001,97.32,0.546,351.9,75.2,82.5,88.81,24.42,WARNING,0
2026-12-24T07:00:00,DG-001,79.27,0.168,269.9,54.9,67.5,75.68,27.68,NORMAL,0
2026-12-24T08:00:00,DG-001,94.78,0.557,419.0,81.3,40.1,88.19,24.55,WARNING,0
2026-12-24T09:00:00,DG-001,81.29,0.188,299.7,58.9,80.5,74.6,27.59,NORMAL,0
2026-12-24T10:00:00,DG-001,99.14,0.479,466.0,92.4,27.9,88.24,23.73,WARNING,0
2026-12-24T11:00:00,DG-001,82.42,0.29,288.1,58.5,24.6,74.04,27.53,NORMAL,0
2026-12-24T12:00:00,DG-001,112.38,1.06,389.0,95.4,43.2,101.83,21.7,FAILURE_PRECURSOR,1
2026-12-24T13:00:00,DG-001,95.99,0.565,426.0,86.8,28.8,87.65,25.06,WARNING,0
2026-12-24T14:00:00,DG-001,80.38,0.274,342.0,68.6,80.5,74.75,26.15,NORMAL,0
2026-12-24T15:00:00,DG-001,81.17,0.22,275.1,55.4,40.2,73.83,27.92,NORMAL,0
2026-12-24T16:00:00,DG-001,80.85,0.178,276.5,56.2,94.3,74.75,25.32,NORMAL,0
2026-12-24T17:00:00,DG-001,83.84,0.226,283.0,60.5,51.5,74.48,26.69,NORMAL,0
2026-12-24T18:00:00,DG-001,87.47,0.271,368.4,73.3,25.0,75.8,27.94,NORMAL,0
2026-12-24T19:00:00,DG-001,96.0,0.647,390.1,77.5,85.5,89.13,25.93,WARNING,0
2026-12-24T20:00:00,DG-001,79.47,0.208,316.8,63.1,96.2,75.0,26.47,NORMAL,0
2026-12-24T21:00:00,DG-001,82.53,0.228,257.0,51.4,80.9,72.6,27.62,NORMAL,0
2026-12-24T22:00:00,DG-001,82.81,0.175,309.4,61.7,72.7,74.97,25.47,NORMAL,0
2026-12-24T23:00:00,DG-001,83.29,0.221,423.9,84.7,69.6,77.28,27.1,NORMAL,0
2026-12-25T00:00:00,DG-001,82.51,0.241,286.0,56.0,39.5,76.43,27.24,NORMAL,0
2026-12-25T01:00:00,DG-001,79.66,0.275,319.2,64.4,81.5,75.71,26.09,NORMAL,0
2026-12-25T02:00:00,DG-001,80.18,0.151,278.0,57.6,20.3,75.83,27.71,NORMAL,0
2026-12-25T03:00:00,DG-001,82.16,0.292,384.1,76.0,74.5,77.86,25.6,NORMAL,0
2026-12-25T04:00:00,DG-001,82.65,0.311,382.7,77.4,43.3,76.12,25.99,NORMAL,0
2026-12-25T05:00:00,DG-001,81.53,0.362,329.0,64.8,30.8,76.17,26.35,NORMAL,0
2026-12-25T06:00:00,DG-001,79.87,0.209,282.2,55.6,69.8,74.19,25.86,NORMAL,0
2026-12-25T07:00:00,DG-001,83.27,0.301,387.2,78.9,58.3,77.78,27.12,NORMAL,0
2026-12-25T08:00:00,DG-001,83.5,0.334,419.8,83.9,78.4,76.98,25.19,NORMAL,0
2026-12-25T09:00:00,DG-001,97.75,0.475,376.4,77.7,58.5,85.37,25.32,WARNING,0
2026-12-25T10:00:00,DG-001,81.01,0.202,258.5,51.0,32.8,73.64,27.55,NORMAL,0
2026-12-25T11:00:00,DG-001,83.04,0.218,304.1,61.7,35.8,73.91,26.28,NORMAL,0
2026-12-25T12:00:00,DG-001,97.7,0.686,389.9,85.2,35.1,86.62,24.02,WARNING,0
2026-12-25T13:00:00,DG-001,97.47,0.545,359.2,80.7,47.6,88.16,23.34,WARNING,0
2026-12-25T14:00:00,DG-001,80.76,0.248,350.6,70.6,24.9,76.24,26.41,NORMAL,0
2026-12-25T15:00:00,DG-001,83.78,0.257,316.0,62.0,33.3,75.34,26.72,NORMAL,0
2026-12-25T16:00:00,DG-001,97.24,0.47,419.6,91.6,79.6,91.4,23.18,WARNING,0
2026-12-25T17:00:00,DG-001,99.6,0.453,436.3,81.4,69.4,88.36,25.6,WARNING,0
2026-12-25T18:00:00,DG-001,82.95,0.208,400.5,81.8,85.8,76.15,25.43,NORMAL,0
2026-12-25T19:00:00,DG-001,84.18,0.325,419.4,81.8,37.4,77.27,26.57,NORMAL,0
2026-12-25T20:00:00,DG-001,100.16,0.547,392.2,80.0,34.2,87.18,23.79,WARNING,0
2026-12-25T21:00:00,DG-001,84.11,0.278,399.0,79.6,87.3,75.99,25.62,NORMAL,0
2026-12-25T22:00:00,DG-001,100.54,0.662,406.4,86.0,65.3,89.23,24.88,WARNING,0
2026-12-25T23:00:00,DG-001,82.08,0.273,345.2,67.1,52.9,75.59,26.12,NORMAL,0
2026-12-26T00:00:00,DG-001,82.02,0.257,338.8,68.4,62.7,76.2,26.64,NORMAL,0
2026-12-26T01:00:00,DG-001,83.3,0.261,348.5,69.4,50.1,74.57,25.39,NORMAL,0
2026-12-26T02:00:00,DG-001,80.92,0.161,288.7,57.9,34.9,75.43,27.96,NORMAL,0
2026-12-26T03:00:00,DG-001,79.89,0.191,308.2,62.3,67.2,73.65,25.77,NORMAL,0
2026-12-26T04:00:00,DG-001,82.3,0.152,289.5,58.9,72.4,74.5,26.6,NORMAL,0
2026-12-26T05:00:00,DG-001,82.3,0.312,423.5,84.4,56.1,76.26,25.0,NORMAL,0
2026-12-26T06:00:00,DG-001,77.93,0.232,274.2,53.9,41.1,74.31,25.99,NORMAL,0
2026-12-26T07:00:00,DG-001,81.21,0.238,307.5,60.8,76.6,74.19,26.87,NORMAL,0
2026-12-26T08:00:00,DG-001,84.13,0.179,381.4,75.4,40.1,77.41,26.52,NORMAL,0
2026-12-26T09:00:00,DG-001,83.0,0.253,277.1,55.0,45.0,72.94,27.48,NORMAL,0
2026-12-26T10:00:00,DG-001,79.99,0.189,272.1,52.6,21.3,74.91,26.47,NORMAL,0
2026-12-26T11:00:00,DG-001,107.43,1.229,408.2,85.3,41.5,104.08,22.72,FAILURE_PRECURSOR,1
2026-12-26T12:00:00,DG-001,98.81,0.473,401.5,79.3,70.4,88.48,25.91,WARNING,0
2026-12-26T13:00:00,DG-001,79.77,0.237,271.7,55.8,53.1,74.51,25.43,NORMAL,0
2026-12-26T14:00:00,DG-001,80.18,0.115,273.9,53.7,30.4,74.23,26.77,NORMAL,0
2026-12-26T15:00:00,DG-001,80.19,0.262,299.6,60.6,92.8,72.58,27.44,NORMAL,0
2026-12-26T16:00:00,DG-001,79.28,0.293,260.5,51.8,96.5,75.84,26.94,NORMAL,0
2026-12-26T17:00:00,DG-001,98.23,0.536,342.7,77.6,39.5,84.66,25.79,WARNING,0
2026-12-26T18:00:00,DG-001,82.05,0.295,400.9,81.4,71.1,75.41,25.66,NORMAL,0
2026-12-26T19:00:00,DG-001,106.08,1.55,371.9,89.2,46.5,101.41,23.22,FAILURE_PRECURSOR,1
2026-12-26T20:00:00,DG-001,81.43,0.161,276.8,56.0,26.9,73.98,27.63,NORMAL,0
2026-12-26T21:00:00,DG-001,79.36,0.253,247.4,50.5,69.6,71.15,25.01,NORMAL,0
2026-12-26T22:00:00,DG-001,81.14,0.215,386.5,77.7,38.4,74.2,27.26,NORMAL,0
2026-12-26T23:00:00,DG-001,80.22,0.16,331.2,65.4,97.4,75.08,27.89,NORMAL,0
2026-12-27T00:00:00,DG-001,81.25,0.229,379.9,77.2,56.6,77.62,25.5,NORMAL,0
2026-12-27T01:00:00,DG-001,83.12,0.274,363.3,72.2,46.8,75.05,27.49,NORMAL,0
2026-12-27T02:00:00,DG-001,97.99,0.543,376.9,80.0,53.4,88.12,25.71,WARNING,0
2026-12-27T03:00:00,DG-001,79.75,0.223,285.9,55.6,30.3,72.14,25.7,NORMAL,0
2026-12-27T04:00:00,DG-001,80.66,0.202,304.0,61.9,82.0,74.87,27.81,NORMAL,0
2026-12-27T05:00:00,DG-001,80.61,0.269,297.3,59.0,85.1,75.34,25.28,NORMAL,0
2026-12-27T06:00:00,DG-001,80.8,0.219,364.3,73.7,29.5,75.76,27.69,NORMAL,0
2026-12-27T07:00:00,DG-001,98.25,0.619,436.0,93.8,40.7,88.42,24.77,WARNING,0
2026-12-27T08:00:00,DG-001,82.88,0.261,389.9,77.4,78.4,76.44,26.45,NORMAL,0
2026-12-27T09:00:00,DG-001,81.63,0.147,268.5,53.6,78.2,72.67,26.04,NORMAL,0
2026-12-27T10:00:00,DG-001,81.92,0.149,261.0,51.3,32.4,72.56,26.84,NORMAL,0
2026-12-27T11:00:00,DG-001,81.86,0.256,414.8,82.4,79.8,76.56,25.81,NORMAL,0
2026-12-27T12:00:00,DG-001,82.56,0.155,274.2,53.8,81.2,75.01,25.41,NORMAL,0
2026-12-27T13:00:00,DG-001,82.59,0.159,399.5,81.3,76.4,77.69,25.03,NORMAL,0
2026-12-27T14:00:00,DG-001,82.72,0.187,398.6,80.9,46.4,77.48,26.9,NORMAL,0
2026-12-27T15:00:00,DG-001,81.63,0.201,262.5,51.9,99.8,74.93,25.97,NORMAL,0
2026-12-27T16:00:00,DG-001,81.64,0.262,358.3,72.7,48.7,76.25,25.42,NORMAL,0
2026-12-27T17:00:00,DG-001,82.04,0.323,394.5,78.2,21.5,75.46,26.14,NORMAL,0
2026-12-27T18:00:00,DG-001,95.81,0.42,375.7,82.4,34.2,90.26,24.24,WARNING,0
2026-12-27T19:00:00,DG-001,78.99,0.266,313.3,62.5,25.9,73.75,25.84,NORMAL,0
2026-12-27T20:00:00,DG-001,83.67,0.257,388.4,77.2,24.3,75.3,27.11,NORMAL,0
2026-12-27T21:00:00,DG-001,86.46,0.295,419.7,83.2,94.6,76.9,26.98,NORMAL,0
2026-12-27T22:00:00,DG-001,83.76,0.355,379.0,75.1,32.8,75.73,25.81,NORMAL,0
2026-12-27T23:00:00,DG-001,82.82,0.219,344.1,69.1,93.8,75.38,25.05,NORMAL,0
2026-12-28T00:00:00,DG-001,79.99,0.354,292.0,57.5,49.2,73.52,26.16,NORMAL,0
2026-12-28T01:00:00,DG-001,84.65,0.257,360.6,72.4,20.3,74.65,27.58,NORMAL,0
2026-12-28T02:00:00,DG-001,84.1,0.241,390.8,77.5,73.6,77.68,25.59,NORMAL,0
2026-12-28T03:00:00,DG-001,101.79,0.693,438.8,89.6,76.7,89.81,23.82,WARNING,0
2026-12-28T04:00:00,DG-001,113.88,1.209,416.2,102.1,32.3,102.94,22.89,FAILURE_PRECURSOR,1
2026-12-28T05:00:00,DG-001,80.8,0.186,279.6,54.9,70.7,73.91,25.74,NORMAL,0
2026-12-28T06:00:00,DG-001,80.33,0.351,346.6,69.2,36.0,74.88,26.19,NORMAL,0
2026-12-28T07:00:00,DG-001,99.1,0.689,403.9,89.7,40.0,89.62,25.95,WARNING,0
2026-12-28T08:00:00,DG-001,84.09,0.185,315.4,61.9,20.3,75.23,25.67,NORMAL,0
2026-12-28T09:00:00,DG-001,81.71,0.266,395.7,78.7,90.5,75.69,25.58,NORMAL,0
2026-12-28T10:00:00,DG-001,77.57,0.237,253.9,53.0,39.2,74.34,25.2,NORMAL,0
2026-12-28T11:00:00,DG-001,80.05,0.186,264.4,52.2,49.2,72.31,27.99,NORMAL,0
2026-12-28T12:00:00,DG-001,78.96,0.187,422.1,83.7,77.9,76.22,26.67,NORMAL,0
2026-12-28T13:00:00,DG-001,82.73,0.154,403.7,81.0,99.4,75.65,25.95,NORMAL,0
2026-12-28T14:00:00,DG-001,80.63,0.202,339.6,68.4,90.6,76.11,25.2,NORMAL,0
2026-12-28T15:00:00,DG-001,84.29,0.206,309.9,61.7,49.6,77.55,27.33,NORMAL,0
2026-12-28T16:00:00,DG-001,95.53,0.631,446.2,89.0,54.4,86.88,25.61,WARNING,0
2026-12-28T17:00:00,DG-001,81.46,0.247,281.8,56.0,33.0,75.1,27.63,NORMAL,0
2026-12-28T18:00:00,DG-001,99.97,0.678,469.3,94.1,71.3,88.92,25.25,WARNING,0
2026-12-28T19:00:00,DG-001,80.47,0.308,338.9,66.5,48.0,77.71,25.3,NORMAL,0
2026-12-28T20:00:00,DG-001,78.15,0.232,297.8,59.6,43.9,73.15,27.03,NORMAL,0
2026-12-28T21:00:00,DG-001,83.9,0.239,399.4,79.7,71.7,75.77,26.9,NORMAL,0
2026-12-28T22:00:00,DG-001,99.03,0.513,451.1,85.1,30.4,90.19,25.46,WARNING,0
2026-12-28T23:00:00,DG-001,95.72,0.613,413.2,82.3,68.1,88.63,24.86,WARNING,0
2026-12-29T00:00:00,DG-001,84.62,0.23,379.9,75.5,88.4,76.32,25.02,NORMAL,0
2026-12-29T01:00:00,DG-001,101.31,0.404,452.1,94.1,89.3,88.69,25.57,WARNING,0
2026-12-29T02:00:00,DG-001,80.54,0.191,262.2,51.3,24.3,73.99,26.33,NORMAL,0
2026-12-29T03:00:00,DG-001,82.51,0.23,333.3,65.2,58.3,75.01,25.18,NORMAL,0
2026-12-29T04:00:00,DG-001,81.99,0.164,268.6,54.0,88.7,74.11,25.9,NORMAL,0
2026-12-29T05:00:00,DG-001,97.26,0.41,430.2,90.5,54.7,91.56,24.13,WARNING,0
2026-12-29T06:00:00,DG-001,82.34,0.272,318.6,62.8,59.9,75.46,26.54,NORMAL,0
2026-12-29T07:00:00,DG-001,82.85,0.289,405.0,82.3,74.1,77.16,25.51,NORMAL,0
2026-12-29T08:00:00,DG-001,81.94,0.229,360.2,73.1,67.9,75.13,25.05,NORMAL,0
2026-12-29T09:00:00,DG-001,81.63,0.227,339.3,68.4,65.8,76.85,26.26,NORMAL,0
2026-12-29T10:00:00,DG-001,81.12,0.202,379.0,75.4,41.7,76.95,27.37,NORMAL,0
2026-12-29T11:00:00,DG-001,109.9,1.104,377.1,85.4,34.0,101.86,20.23,FAILURE_PRECURSOR,1
2026-12-29T12:00:00,DG-001,81.17,0.216,364.1,71.6,74.4,74.35,26.73,NORMAL,0
2026-12-29T13:00:00,DG-001,103.82,1.269,388.0,90.1,29.8,104.94,23.29,FAILURE_PRECURSOR,1
2026-12-29T14:00:00,DG-001,94.62,0.661,418.9,87.2,50.2,89.88,25.37,WARNING,0
2026-12-29T15:00:00,DG-001,79.66,0.231,253.0,51.3,88.7,72.53,27.64,NORMAL,0
2026-12-29T16:00:00,DG-001,85.12,0.22,344.4,69.0,74.8,75.21,27.84,NORMAL,0
2026-12-29T17:00:00,DG-001,82.05,0.138,409.9,83.1,92.5,76.16,27.3,NORMAL,0
2026-12-29T18:00:00,DG-001,97.9,0.498,339.9,76.0,68.2,87.79,24.56,WARNING,0
2026-12-29T19:00:00,DG-001,106.65,1.054,458.0,101.2,21.1,106.23,22.58,FAILURE_PRECURSOR,1
2026-12-29T20:00:00,DG-001,81.06,0.2,323.4,64.7,25.9,74.49,25.84,NORMAL,0
2026-12-29T21:00:00,DG-001,98.32,0.553,357.4,76.8,55.4,87.18,25.44,WARNING,0
2026-12-29T22:00:00,DG-001,83.53,0.339,337.6,66.5,62.0,76.75,27.67,NORMAL,0
2026-12-29T23:00:00,DG-001,83.77,0.281,391.4,78.6,56.7,75.01,26.94,NORMAL,0
2026-12-30T00:00:00,DG-001,108.4,1.09,431.8,90.6,36.3,102.92,21.07,FAILURE_PRECURSOR,1
2026-12-30T01:00:00,DG-001,82.63,0.301,338.7,68.2,87.6,74.9,26.63,NORMAL,0
2026-12-30T02:00:00,DG-001,78.32,0.211,262.6,53.7,70.4,74.11,27.04,NORMAL,0
2026-12-30T03:00:00,DG-001,97.02,0.467,439.6,86.3,74.4,87.67,23.85,WARNING,0
2026-12-30T04:00:00,DG-001,82.78,0.379,435.2,84.6,36.5,77.12,26.83,NORMAL,0
2026-12-30T05:00:00,DG-001,79.36,0.226,308.0,62.9,74.0,77.42,26.81,NORMAL,0
2026-12-30T06:00:00,DG-001,83.42,0.12,383.1,75.6,21.9,76.07,26.58,NORMAL,0
2026-12-30T07:00:00,DG-001,101.94,0.555,415.8,83.5,43.8,85.12,23.16,WARNING,0
2026-12-30T08:00:00,DG-001,84.16,0.328,409.2,82.8,41.7,76.42,25.75,NORMAL,0
2026-12-30T09:00:00,DG-001,80.9,0.352,356.1,71.3,95.2,75.64,27.97,NORMAL,0
2026-12-30T10:00:00,DG-001,80.74,0.212,361.2,71.2,24.7,76.37,26.22,NORMAL,0
2026-12-30T11:00:00,DG-001,82.32,0.275,338.5,68.6,60.1,76.14,27.16,NORMAL,0
2026-12-30T12:00:00,DG-001,93.96,0.486,381.9,79.3,20.1,88.7,25.19,WARNING,0
2026-12-30T13:00:00,DG-001,83.08,0.118,330.6,67.2,94.3,75.08,27.44,NORMAL,0
2026-12-30T14:00:00,DG-001,83.98,0.245,416.8,85.0,39.8,77.46,26.69,NORMAL,0
2026-12-30T15:00:00,DG-001,86.0,0.326,425.5,84.6,48.0,77.83,27.17,NORMAL,0
2026-12-30T16:00:00,DG-001,82.68,0.277,404.7,82.4,72.1,75.95,26.22,NORMAL,0
2026-12-30T17:00:00,DG-001,83.76,0.234,427.4,84.9,55.7,74.39,26.78,NORMAL,0
2026-12-30T18:00:00,DG-001,82.24,0.255,371.9,75.4,30.3,74.99,27.12,NORMAL,0
2026-12-30T19:00:00,DG-001,80.51,0.202,383.1,74.4,88.5,76.08,27.82,NORMAL,0
2026-12-30T20:00:00,DG-001,80.26,0.217,291.5,57.1,67.6,73.45,26.26,NORMAL,0
2026-12-30T21:00:00,DG-001,81.59,0.241,354.2,69.5,20.1,73.64,25.54,NORMAL,0
2026-12-30T22:00:00,DG-001,81.81,0.31,373.4,72.2,68.6,75.04,27.04,NORMAL,0
2026-12-30T23:00:00,DG-001,81.88,0.248,288.7,57.6,32.1,76.43,27.41,NORMAL,0
2026-12-31T00:00:00,DG-001,79.99,0.226,271.9,54.5,75.1,73.44,25.46,NORMAL,0
2026-12-31T01:00:00,DG-001,80.8,0.366,285.6,55.9,70.5,74.28,25.19,NORMAL,0
2026-12-31T02:00:00,DG-001,81.71,0.218,357.8,70.2,21.3,76.34,25.79,NORMAL,0
2026-12-31T03:00:00,DG-001,83.94,0.315,392.5,78.8,64.7,74.92,27.14,NORMAL,0
2026-12-31T04:00:00,DG-001,80.63,0.266,269.9,53.1,76.8,72.79,26.32,NORMAL,0
2026-12-31T05:00:00,DG-001,84.46,0.212,378.9,77.1,52.3,76.59,25.5,NORMAL,0
2026-12-31T06:00:00,DG-001,82.89,0.187,306.1,62.0,95.3,76.68,26.41,NORMAL,0
2026-12-31T07:00:00,DG-001,84.29,0.245,406.0,81.2,65.4,77.73,26.61,NORMAL,0
2026-12-31T08:00:00,DG-001,110.19,1.441,327.6,94.2,38.7,105.31,20.58,FAILURE_PRECURSOR,1
2026-12-31T09:00:00,DG-001,98.45,0.477,423.5,83.6,36.1,88.69,25.64,WARNING,0
2026-12-31T10:00:00,DG-001,110.54,0.808,406.4,94.1,45.3,103.34,20.23,FAILURE_PRECURSOR,1
2026-12-31T11:00:00,DG-001,93.28,0.528,422.2,90.3,64.4,90.02,23.18,WARNING,0
2026-12-31T12:00:00,DG-001,80.66,0.231,401.3,78.6,21.6,76.93,25.6,NORMAL,0
2026-12-31T13:00:00,DG-001,79.7,0.244,323.3,63.8,96.7,76.28,26.01,NORMAL,0
2026-12-31T14:00:00,DG-001,83.95,0.328,406.1,80.5,88.2,77.93,25.45,NORMAL,0
2026-12-31T15:00:00,DG-001,82.74,0.153,361.0,72.4,84.4,75.69,26.42,NORMAL,0
2026-12-31T16:00:00,DG-001,83.35,0.352,337.3,66.8,43.6,76.68,26.33,NORMAL,0
2026-12-31T17:00:00,DG-001,114.18,0.803,422.1,105.7,27.6,105.77,22.57,FAILURE_PRECURSOR,1
2026-12-31T18:00:00,DG-001,81.13,0.207,374.8,75.5,47.6,78.69,27.03,NORMAL,0
2026-12-31T19:00:00,DG-001,81.02,0.182,297.2,58.7,40.0,73.9,26.36,NORMAL,0
2026-12-31T20:00:00,DG-001,79.98,0.286,268.8,54.1,34.4,74.6,26.15,NORMAL,0
2026-12-31T21:00:00,DG-001,81.98,0.326,413.4,83.4,28.2,76.02,25.13,NORMAL,0
2026-12-31T22:00:00,DG-001,84.45,0.345,362.1,73.3,30.1,76.71,26.03,NORMAL,0
2026-12-31T23:00:00,DG-001,83.51,0.32,418.7,82.7,23.8,76.66,26.5,NORMAL,0
2027-01-01T00:00:00,DG-001,105.14,1.521,418.7,87.8,27.4,102.99,21.75,FAILURE_PRECURSOR,1
2027-01-01T01:00:00,DG-001,97.88,0.498,452.1,90.2,79.7,86.19,24.65,WARNING,0
2027-01-01T02:00:00,DG-001,83.7,0.247,411.3,81.3,90.0,75.83,26.7,NORMAL,0
2027-01-01T03:00:00,DG-001,83.09,0.276,382.0,74.6,37.3,76.66,25.59,NORMAL,0
2027-01-01T04:00:00,DG-001,82.12,0.215,395.6,79.0,56.4,76.54,27.2,NORMAL,0
2027-01-01T05:00:00,DG-001,82.18,0.203,344.0,69.8,91.6,75.46,26.03,NORMAL,0
2027-01-01T06:00:00,DG-001,100.71,0.442,468.8,93.3,60.5,88.91,23.94,WARNING,0
2027-01-01T07:00:00,DG-001,98.05,0.605,422.6,92.8,65.3,89.94,25.81,WARNING,0
2027-01-01T08:00:00,DG-001,79.64,0.259,267.8,53.6,24.9,73.69,25.23,NORMAL,0
2027-01-01T09:00:00,DG-001,82.37,0.314,293.4,59.0,53.7,73.71,25.2,NORMAL,0
2027-01-01T10:00:00,DG-001,79.39,0.23,272.3,53.4,64.6,74.68,27.75,NORMAL,0
2027-01-01T11:00:00,DG-001,103.61,0.601,394.2,84.1,81.2,90.06,24.85,WARNING,0
2027-01-01T12:00:00,DG-001,84.23,0.307,417.0,82.5,26.6,76.99,25.54,NORMAL,0
2027-01-01T13:00:00,DG-001,84.2,0.227,396.8,78.5,29.3,75.6,26.23,NORMAL,0
2027-01-01T14:00:00,DG-001,82.8,0.113,354.3,71.5,25.4,75.88,27.34,NORMAL,0
2027-01-01T15:00:00,DG-001,79.95,0.206,307.1,60.9,67.4,74.83,26.95,NORMAL,0
2027-01-01T16:00:00,DG-001,80.08,0.217,326.9,64.9,53.7,76.5,27.45,NORMAL,0
2027-01-01T17:00:00,DG-001,85.2,0.231,415.1,83.2,77.3,77.4,25.28,NORMAL,0
2027-01-01T18:00:00,DG-001,82.04,0.365,381.7,76.1,86.0,75.43,25.19,NORMAL,0
2027-01-01T19:00:00,DG-001,80.26,0.237,303.0,60.3,57.4,75.24,25.88,NORMAL,0
2027-01-01T20:00:00,DG-001,81.03,0.213,354.0,71.0,63.2,75.92,27.0,NORMAL,0
2027-01-01T21:00:00,DG-001,82.32,0.321,366.6,71.9,45.1,76.07,27.35,NORMAL,0
2027-01-01T22:00:00,DG-001,81.59,0.25,291.2,57.2,50.7,73.68,27.54,NORMAL,0
2027-01-01T23:00:00,DG-001,79.91,0.277,268.2,55.1,99.9,73.79,27.41,NORMAL,0
2027-01-02T00:00:00,DG-001,77.57,0.14,310.1,63.3,95.6,73.0,26.39,NORMAL,0
2027-01-02T01:00:00,DG-001,81.8,0.333,363.6,72.8,74.1,74.59,27.62,NORMAL,0
2027-01-02T02:00:00,DG-001,82.76,0.255,397.2,79.1,26.9,77.59,26.36,NORMAL,0
2027-01-02T03:00:00,DG-001,81.73,0.293,393.6,78.3,97.7,75.83,25.64,NORMAL,0
2027-01-02T04:00:00,DG-001,81.2,0.31,362.2,70.9,76.1,75.51,25.25,NORMAL,0
2027-01-02T05:00:00,DG-001,83.19,0.179,259.1,52.7,57.8,75.3,26.61,NORMAL,0
2027-01-02T06:00:00,DG-001,83.05,0.3,408.5,83.6,31.2,75.23,25.22,NORMAL,0
2027-01-02T07:00:00,DG-001,105.05,0.805,476.9,100.3,28.9,107.98,20.25,FAILURE_PRECURSOR,1
2027-01-02T08:00:00,DG-001,79.43,0.263,256.8,52.3,60.3,74.51,27.8,NORMAL,0
2027-01-02T09:00:00,DG-001,81.12,0.211,337.1,68.8,63.3,76.01,25.64,NORMAL,0
2027-01-02T10:00:00,DG-001,79.51,0.202,268.8,53.9,38.0,75.2,25.04,NORMAL,0
2027-01-02T11:00:00,DG-001,105.44,1.134,406.5,97.4,38.8,106.1,22.03,FAILURE_PRECURSOR,1
2027-01-02T12:00:00,DG-001,78.82,0.201,252.9,50.1,85.6,75.79,26.19,NORMAL,0
2027-01-02T13:00:00,DG-001,79.26,0.193,256.4,51.6,51.5,72.65,27.54,NORMAL,0
2027-01-02T14:00:00,DG-001,81.61,0.214,338.6,67.2,74.1,73.85,27.5,NORMAL,0
2027-01-02T15:00:00,DG-001,94.16,0.578,428.4,88.9,67.6,88.69,24.82,WARNING,0
2027-01-02T16:00:00,DG-001,100.22,0.503,355.4,81.2,77.4,89.38,25.26,WARNING,0
2027-01-02T17:00:00,DG-001,80.0,0.238,294.4,60.9,44.5,74.41,27.3,NORMAL,0
2027-01-02T18:00:00,DG-001,84.14,0.2,384.9,76.3,57.6,76.6,27.39,NORMAL,0
2027-01-02T19:00:00,DG-001,83.83,0.295,399.4,79.7,97.2,74.93,25.72,NORMAL,0
2027-01-02T20:00:00,DG-001,79.39,0.181,330.8,66.6,59.8,75.89,25.73,NORMAL,0
2027-01-02T21:00:00,DG-001,81.82,0.224,322.4,63.7,51.1,75.22,27.47,NORMAL,0
2027-01-02T22:00:00,DG-001,81.47,0.296,375.4,75.8,36.4,76.46,27.66,NORMAL,0
2027-01-02T23:00:00,DG-001,93.76,0.598,378.5,80.3,59.6,87.57,24.99,WARNING,0
2027-01-03T00:00:00,DG-001,78.36,0.198,261.9,51.3,60.9,72.31,27.82,NORMAL,0
2027-01-03T01:00:00,DG-001,83.4,0.257,420.0,83.1,54.3,75.84,25.99,NORMAL,0
2027-01-03T02:00:00,DG-001,97.8,0.401,432.8,93.0,45.7,88.13,24.29,WARNING,0
2027-01-03T03:00:00,DG-001,79.45,0.27,335.7,66.7,20.1,75.81,27.91,NORMAL,0
2027-01-03T04:00:00,DG-001,82.84,0.278,301.4,60.9,87.6,75.26,26.84,NORMAL,0
2027-01-03T05:00:00,DG-001,78.1,0.234,326.4,63.3,48.5,73.01,25.0,NORMAL,0
2027-01-03T06:00:00,DG-001,80.88,0.214,258.6,53.5,81.7,76.39,25.14,NORMAL,0
2027-01-03T07:00:00,DG-001,86.02,0.28,414.4,84.2,41.6,76.45,27.37,NORMAL,0
2027-01-03T08:00:00,DG-001,83.66,0.305,406.9,83.1,37.1,75.86,27.85,NORMAL,0
2027-01-03T09:00:00,DG-001,81.15,0.168,316.0,63.2,75.4,75.32,25.91,NORMAL,0
2027-01-03T10:00:00,DG-001,86.39,0.251,393.7,79.4,27.1,74.77,27.77,NORMAL,0
2027-01-03T11:00:00,DG-001,80.66,0.271,287.6,56.5,64.0,74.27,27.33,NORMAL,0
2027-01-03T12:00:00,DG-001,98.51,0.539,374.1,76.7,15.6,86.96,23.46,WARNING,0
2027-01-03T13:00:00,DG-001,109.48,1.273,446.5,97.1,34.8,102.98,20.53,FAILURE_PRECURSOR,1
2027-01-03T14:00:00,DG-001,84.34,0.261,391.7,78.9,41.0,76.76,27.28,NORMAL,0
2027-01-03T15:00:00,DG-001,79.69,0.258,330.8,64.7,21.6,75.33,27.33,NORMAL,0
2027-01-03T16:00:00,DG-001,83.92,0.234,384.9,76.9,57.5,78.13,25.55,NORMAL,0
2027-01-03T17:00:00,DG-001,81.5,0.198,294.4,59.3,76.5,75.4,27.85,NORMAL,0
2027-01-03T18:00:00,DG-001,81.31,0.217,361.5,72.0,61.5,75.16,25.93,NORMAL,0
2027-01-03T19:00:00,DG-001,78.97,0.217,336.4,65.6,54.0,75.85,26.18,NORMAL,0
2027-01-03T20:00:00,DG-001,80.14,0.159,302.7,60.1,95.1,74.7,27.65,NORMAL,0
2027-01-03T21:00:00,DG-001,82.91,0.123,278.0,55.6,59.9,72.52,26.35,NORMAL,0
2027-01-03T22:00:00,DG-001,78.29,0.164,248.0,50.1,98.0,74.84,27.18,NORMAL,0
2027-01-03T23:00:00,DG-001,82.41,0.218,334.6,66.3,49.7,75.58,27.94,NORMAL,0
2027-01-04T00:00:00,DG-001,82.62,0.218,278.1,55.7,55.1,76.19,27.26,NORMAL,0
2027-01-04T01:00:00,DG-001,107.28,1.344,492.2,108.5,10.7,107.03,23.71,FAILURE_PRECURSOR,1
2027-01-04T02:00:00,DG-001,82.29,0.226,352.3,69.0,62.3,75.09,26.55,NORMAL,0
2027-01-04T03:00:00,DG-001,80.99,0.252,316.6,61.7,99.7,74.16,26.91,NORMAL,0
2027-01-04T04:00:00,DG-001,96.37,0.591,353.9,80.7,56.9,89.76,24.8,WARNING,0
2027-01-04T05:00:00,DG-001,77.02,0.224,273.8,54.0,53.2,75.31,25.25,NORMAL,0
2027-01-04T06:00:00,DG-001,83.15,0.28,360.6,73.1,47.9,74.74,27.45,NORMAL,0
2027-01-04T07:00:00,DG-001,79.89,0.217,407.1,79.8,31.1,74.2,26.65,NORMAL,0
2027-01-04T08:00:00,DG-001,97.87,0.516,395.4,86.1,56.1,88.98,23.24,WARNING,0
2027-01-04T09:00:00,DG-001,82.38,0.227,363.1,73.1,40.2,75.19,27.2,NORMAL,0
2027-01-04T10:00:00,DG-001,80.69,0.2,313.1,63.0,30.1,75.75,25.82,NORMAL,0
2027-01-04T11:00:00,DG-001,81.53,0.233,274.6,55.6,80.0,75.42,27.19,NORMAL,0
2027-01-04T12:00:00,DG-001,81.61,0.195,410.7,82.2,23.9,76.59,25.93,NORMAL,0
2027-01-04T13:00:00,DG-001,80.46,0.257,356.0,71.1,63.5,76.37,26.67,NORMAL,0
2027-01-04T14:00:00,DG-001,82.74,0.39,410.4,82.8,55.1,77.45,25.58,NORMAL,0
2027-01-04T15:00:00,DG-001,83.6,0.133,290.6,60.3,20.1,75.52,26.03,NORMAL,0
2027-01-04T16:00:00,DG-001,96.93,0.407,391.2,79.6,66.7,88.75,24.13,WARNING,0
2027-01-04T17:00:00,DG-001,81.14,0.245,334.9,66.5,79.9,74.5,27.79,NORMAL,0
2027-01-04T18:00:00,DG-001,98.38,0.589,418.3,86.7,46.3,88.52,24.95,WARNING,0
2027-01-04T19:00:00,DG-001,96.71,0.426,414.9,92.3,73.6,89.39,25.72,WARNING,0
2027-01-04T20:00:00,DG-001,101.18,0.666,435.2,94.0,86.1,89.95,25.59,WARNING,0
2027-01-04T21:00:00,DG-001,82.96,0.256,279.8,58.3,73.3,74.88,25.92,NORMAL,0
2027-01-04T22:00:00,DG-001,80.33,0.121,306.5,60.1,98.3,74.63,26.31,NORMAL,0
2027-01-04T23:00:00,DG-001,83.42,0.314,364.5,74.2,72.7,75.2,26.81,NORMAL,0
2027-01-05T00:00:00,DG-001,81.6,0.24,308.6,61.8,78.4,77.28,25.6,NORMAL,0
2027-01-05T01:00:00,DG-001,111.17,1.562,391.6,86.6,29.5,104.33,23.13,FAILURE_PRECURSOR,1
2027-01-05T02:00:00,DG-001,79.41,0.225,349.2,70.7,44.3,75.86,27.18,NORMAL,0
2027-01-05T03:00:00,DG-001,96.98,0.515,365.6,79.5,63.8,90.6,25.19,WARNING,0
2027-01-05T04:00:00,DG-001,81.37,0.19,318.2,64.7,41.7,74.13,25.68,NORMAL,0
2027-01-05T05:00:00,DG-001,114.11,0.839,569.9,109.3,24.1,104.96,20.57,FAILURE_PRECURSOR,1
2027-01-05T06:00:00,DG-001,81.01,0.239,274.5,53.4,82.7,73.63,26.88,NORMAL,0
2027-01-05T07:00:00,DG-001,102.95,0.953,416.8,88.1,33.5,104.02,21.81,FAILURE_PRECURSOR,1
2027-01-05T08:00:00,DG-001,80.44,0.328,401.4,78.4,47.3,76.68,25.64,NORMAL,0
2027-01-05T09:00:00,DG-001,84.2,0.161,422.4,83.6,49.2,76.27,25.51,NORMAL,0
2027-01-05T10:00:00,DG-001,81.0,0.21,290.9,57.1,69.0,74.63,25.81,NORMAL,0
2027-01-05T11:00:00,DG-001,99.46,0.442,405.5,83.4,56.7,89.95,23.69,WARNING,0
2027-01-05T12:00:00,DG-001,81.61,0.289,375.4,73.3,41.9,75.82,26.99,NORMAL,0
2027-01-05T13:00:00,DG-001,84.62,0.223,378.9,77.2,92.1,76.32,27.06,NORMAL,0
2027-01-05T14:00:00,DG-001,97.54,0.497,406.4,89.1,86.0,86.66,23.39,WARNING,0
2027-01-05T15:00:00,DG-001,96.24,0.501,380.5,77.9,15.7,85.5,24.4,WARNING,0
2027-01-05T16:00:00,DG-001,96.4,0.55,383.3,78.2,48.5,89.86,24.31,WARNING,0
2027-01-05T17:00:00,DG-001,79.78,0.261,262.1,52.3,38.2,73.75,27.05,NORMAL,0
2027-01-05T18:00:00,DG-001,82.45,0.367,347.3,70.1,56.8,75.41,25.07,NORMAL,0
2027-01-05T19:00:00,DG-001,84.93,0.356,405.7,82.8,24.8,75.69,25.54,NORMAL,0
2027-01-05T20:00:00,DG-001,83.38,0.289,386.8,77.3,28.5,76.66,25.67,NORMAL,0
2027-01-05T21:00:00,DG-001,108.62,1.398,405.0,92.7,40.0,104.16,21.18,FAILURE_PRECURSOR,1
2027-01-05T22:00:00,DG-001,81.78,0.222,269.0,53.0,60.5,72.15,25.75,NORMAL,0
2027-01-05T23:00:00,DG-001,81.8,0.293,356.3,71.6,77.2,75.63,26.98,NORMAL,0
2027-01-06T00:00:00,DG-001,93.87,0.406,387.8,76.0,26.7,88.64,25.36,WARNING,0
2027-01-06T01:00:00,DG-001,106.67,0.835,394.3,90.7,47.1,102.29,20.18,FAILURE_PRECURSOR,1
2027-01-06T02:00:00,DG-001,97.28,0.538,402.4,82.9,55.2,88.84,25.07,WARNING,0
2027-01-06T03:00:00,DG-001,85.11,0.316,317.1,63.8,36.9,75.55,25.74,NORMAL,0
2027-01-06T04:00:00,DG-001,83.57,0.193,364.3,74.3,90.5,77.0,25.69,NORMAL,0
2027-01-06T05:00:00,DG-001,81.19,0.152,376.2,74.6,39.1,75.5,25.25,NORMAL,0
2027-01-06T06:00:00,DG-001,85.48,0.309,416.4,83.4,65.4,76.55,27.43,NORMAL,0
2027-01-06T07:00:00,DG-001,80.17,0.235,343.0,69.8,69.5,75.93,27.43,NORMAL,0
2027-01-06T08:00:00,DG-001,100.75,0.564,401.9,83.5,75.4,90.69,24.47,WARNING,0
2027-01-06T09:00:00,DG-001,86.31,0.293,412.4,81.5,39.3,76.61,27.47,NORMAL,0
2027-01-06T10:00:00,DG-001,83.81,0.296,362.8,74.0,83.2,75.64,26.43,NORMAL,0
2027-01-06T11:00:00,DG-001,97.65,0.438,423.3,84.2,38.8,92.11,24.77,WARNING,0
2027-01-06T12:00:00,DG-001,81.39,0.194,344.8,70.3,77.2,76.01,26.63,NORMAL,0
2027-01-06T13:00:00,DG-001,80.77,0.244,353.3,71.7,42.6,76.86,25.55,NORMAL,0
2027-01-06T14:00:00,DG-001,80.24,0.196,350.5,70.3,74.0,75.46,27.95,NORMAL,0
2027-01-06T15:00:00,DG-001,97.88,0.46,398.0,83.0,64.8,86.75,23.85,WARNING,0
2027-01-06T16:00:00,DG-001,82.18,0.254,401.0,80.6,45.9,76.78,27.31,NORMAL,0
2027-01-06T17:00:00,DG-001,84.59,0.23,412.5,81.1,75.8,76.21,27.59,NORMAL,0
2027-01-06T18:00:00,DG-001,82.42,0.262,387.1,77.2,39.7,74.94,27.14,NORMAL,0
2027-01-06T19:00:00,DG-001,96.66,0.447,379.6,81.8,34.3,86.82,24.14,WARNING,0
2027-01-06T20:00:00,DG-001,82.18,0.139,316.7,63.7,83.8,75.76,26.05,NORMAL,0
2027-01-06T21:00:00,DG-001,86.36,0.187,394.0,79.8,39.3,76.55,26.06,NORMAL,0
2027-01-06T22:00:00,DG-001,83.22,0.264,401.1,82.7,93.7,76.76,25.11,NORMAL,0
2027-01-06T23:00:00,DG-001,109.03,1.274,467.1,106.3,38.8,103.85,22.57,FAILURE_PRECURSOR,1
2027-01-07T00:00:00,DG-001,80.15,0.348,307.6,61.2,30.4,74.82,26.79,NORMAL,0
2027-01-07T01:00:00,DG-001,80.26,0.223,316.2,62.1,96.9,73.45,27.87,NORMAL,0
2027-01-07T02:00:00,DG-001,82.59,0.33,415.3,82.5,85.6,75.79,27.68,NORMAL,0
2027-01-07T03:00:00,DG-001,80.15,0.162,255.1,51.1,64.8,74.26,25.47,NORMAL,0
2027-01-07T04:00:00,DG-001,81.52,0.112,278.1,55.1,28.1,72.3,26.45,NORMAL,0
2027-01-07T05:00:00,DG-001,109.21,1.559,446.4,91.5,43.0,104.1,22.31,FAILURE_PRECURSOR,1
2027-01-07T06:00:00,DG-001,78.63,0.165,282.0,56.5,72.1,75.09,27.92,NORMAL,0
2027-01-07T07:00:00,DG-001,97.72,0.435,398.5,82.9,80.3,87.34,25.98,WARNING,0
2027-01-07T08:00:00,DG-001,84.58,0.298,387.9,76.8,64.6,76.73,25.35,NORMAL,0
2027-01-07T09:00:00,DG-001,103.81,1.484,346.8,89.4,28.8,102.6,20.23,FAILURE_PRECURSOR,1
2027-01-07T10:00:00,DG-001,84.02,0.193,404.8,82.9,34.7,77.33,27.56,NORMAL,0
2027-01-07T11:00:00,DG-001,99.59,0.48,401.3,79.1,38.8,88.55,24.56,WARNING,0
2027-01-07T12:00:00,DG-001,81.99,0.246,408.4,81.1,30.1,75.85,27.42,NORMAL,0
2027-01-07T13:00:00,DG-001,99.29,0.435,395.2,86.1,48.6,89.3,23.58,WARNING,0
2027-01-07T14:00:00,DG-001,112.0,1.198,491.2,107.3,49.8,107.49,20.32,FAILURE_PRECURSOR,1
2027-01-07T15:00:00,DG-001,81.46,0.196,341.9,68.9,33.0,74.43,25.91,NORMAL,0
2027-01-07T16:00:00,DG-001,84.17,0.228,352.8,70.6,66.2,73.88,25.42,NORMAL,0
2027-01-07T17:00:00,DG-001,81.72,0.31,348.7,68.2,98.6,75.16,25.03,NORMAL,0
2027-01-07T18:00:00,DG-001,82.27,0.292,397.4,78.5,28.5,78.47,25.56,NORMAL,0
2027-01-07T19:00:00,DG-001,80.92,0.334,396.3,78.9,88.5,76.46,26.1,NORMAL,0
2027-01-07T20:00:00,DG-001,81.53,0.207,251.4,50.9,66.2,74.22,26.23,NORMAL,0
2027-01-07T21:00:00,DG-001,84.07,0.195,374.8,76.5,60.9,76.15,27.33,NORMAL,0
2027-01-07T22:00:00,DG-001,81.06,0.155,314.2,61.7,25.5,75.64,25.99,NORMAL,0
2027-01-07T23:00:00,DG-001,97.4,0.697,382.5,80.5,35.8,89.81,24.88,WARNING,0
2027-01-08T00:00:00,DG-001,82.5,0.233,349.4,68.4,77.9,76.06,25.41,NORMAL,0
2027-01-08T01:00:00,DG-001,82.05,0.305,355.9,71.5,77.2,74.27,27.52,NORMAL,0
2027-01-08T02:00:00,DG-001,82.02,0.262,373.4,74.3,52.2,76.38,26.43,NORMAL,0
2027-01-08T03:00:00,DG-001,112.25,0.958,507.7,105.5,49.2,104.74,20.29,FAILURE_PRECURSOR,1
2027-01-08T04:00:00,DG-001,95.24,0.443,379.5,76.4,62.3,86.53,25.14,WARNING,0
2027-01-08T05:00:00,DG-001,106.71,0.848,373.7,85.9,35.8,101.06,21.93,FAILURE_PRECURSOR,1
2027-01-08T06:00:00,DG-001,81.79,0.132,296.0,60.2,69.5,74.56,25.19,NORMAL,0
2027-01-08T07:00:00,DG-001,82.85,0.197,308.2,61.9,64.5,75.01,25.47,NORMAL,0
2027-01-08T08:00:00,DG-001,82.14,0.326,308.7,62.1,37.8,75.14,27.44,NORMAL,0
2027-01-08T09:00:00,DG-001,81.27,0.288,425.5,83.8,33.5,76.87,27.96,NORMAL,0
2027-01-08T10:00:00,DG-001,82.5,0.219,247.8,50.2,56.3,73.23,27.67,NORMAL,0
2027-01-08T11:00:00,DG-001,82.37,0.282,395.3,78.8,63.3,76.14,26.95,NORMAL,0
2027-01-08T12:00:00,DG-001,82.79,0.232,354.0,71.9,53.0,76.21,27.88,NORMAL,0
2027-01-08T13:00:00,DG-001,77.82,0.252,274.3,54.9,20.3,74.47,27.31,NORMAL,0
2027-01-08T14:00:00,DG-001,83.68,0.285,376.7,75.6,34.7,76.75,25.06,NORMAL,0
2027-01-08T15:00:00,DG-001,83.05,0.226,348.5,69.7,65.8,77.01,26.99,NORMAL,0
2027-01-08T16:00:00,DG-001,82.54,0.252,404.8,79.8,27.1,75.39,26.56,NORMAL,0
2027-01-08T17:00:00,DG-001,79.44,0.191,333.9,65.9,62.6,74.58,25.38,NORMAL,0
2027-01-08T18:00:00,DG-001,83.2,0.265,417.4,82.0,84.4,76.42,27.56,NORMAL,0
2027-01-08T19:00:00,DG-001,81.5,0.251,306.2,61.2,84.5,76.27,25.49,NORMAL,0
2027-01-08T20:00:00,DG-001,111.38,1.579,362.4,87.0,27.4,101.48,20.18,FAILURE_PRECURSOR,1
2027-01-08T21:00:00,DG-001,103.46,0.815,417.3,89.0,14.3,105.6,20.57,FAILURE_PRECURSOR,1
2027-01-08T22:00:00,DG-001,85.33,0.238,433.7,84.8,45.7,77.61,25.59,NORMAL,0
2027-01-08T23:00:00,DG-001,83.1,0.286,414.1,81.4,94.4,75.5,25.99,NORMAL,0
2027-01-09T00:00:00,DG-001,107.44,1.06,425.8,95.5,20.6,106.55,20.15,FAILURE_PRECURSOR,1
2027-01-09T01:00:00,DG-001,81.05,0.244,412.4,83.1,22.7,76.49,27.7,NORMAL,0
2027-01-09T02:00:00,DG-001,81.44,0.203,364.8,71.5,96.6,75.67,26.16,NORMAL,0
2027-01-09T03:00:00,DG-001,84.68,0.121,411.5,82.2,67.9,76.84,25.45,NORMAL,0
2027-01-09T04:00:00,DG-001,81.81,0.267,296.0,60.8,25.1,75.07,25.08,NORMAL,0
2027-01-09T05:00:00,DG-001,82.29,0.211,321.8,64.5,60.6,76.46,25.83,NORMAL,0
2027-01-09T06:00:00,DG-001,99.32,0.645,373.2,75.2,84.9,86.56,23.65,WARNING,0
2027-01-09T07:00:00,DG-001,81.75,0.311,382.3,76.8,81.2,76.97,25.48,NORMAL,0
2027-01-09T08:00:00,DG-001,82.46,0.191,349.2,68.9,40.5,75.52,25.91,NORMAL,0
2027-01-09T09:00:00,DG-001,106.08,0.988,403.6,89.9,12.9,99.8,23.48,FAILURE_PRECURSOR,1
2027-01-09T10:00:00,DG-001,81.95,0.29,316.7,62.9,99.7,75.39,27.74,NORMAL,0
2027-01-09T11:00:00,DG-001,85.14,0.238,357.6,72.3,36.9,74.63,27.1,NORMAL,0
2027-01-09T12:00:00,DG-001,81.62,0.276,341.5,68.9,42.3,75.02,25.88,NORMAL,0
2027-01-09T13:00:00,DG-001,100.11,0.544,438.9,86.9,70.9,88.14,23.86,WARNING,0
2027-01-09T14:00:00,DG-001,80.16,0.202,359.4,72.4,38.9,76.36,27.47,NORMAL,0
2027-01-09T15:00:00,DG-001,82.2,0.209,403.6,79.3,31.7,76.19,25.64,NORMAL,0
2027-01-09T16:00:00,DG-001,80.73,0.178,259.2,51.0,52.0,75.27,27.44,NORMAL,0
2027-01-09T17:00:00,DG-001,81.61,0.265,378.5,73.8,41.5,76.15,27.55,NORMAL,0
2027-01-09T18:00:00,DG-001,80.86,0.196,277.4,54.9,30.8,74.1,26.12,NORMAL,0
2027-01-09T19:00:00,DG-001,113.3,0.981,452.6,104.0,16.4,106.0,22.1,FAILURE_PRECURSOR,1
2027-01-09T20:00:00,DG-001,98.09,0.551,420.5,85.2,54.2,90.04,23.05,WARNING,0
2027-01-09T21:00:00,DG-001,98.85,0.414,391.5,83.1,22.7,87.61,23.87,WARNING,0
2027-01-09T22:00:00,DG-001,84.12,0.176,404.1,80.5,83.2,76.56,26.27,NORMAL,0
2027-01-09T23:00:00,DG-001,111.34,1.052,362.7,86.3,14.4,102.65,23.64,FAILURE_PRECURSOR,1
2027-01-10T00:00:00,DG-001,95.67,0.675,397.2,83.5,62.5,89.83,25.77,WARNING,0
2027-01-10T01:00:00,DG-001,80.32,0.191,338.6,68.6,53.7,76.91,26.54,NORMAL,0
2027-01-10T02:00:00,DG-001,81.17,0.261,287.6,57.8,57.4,74.45,26.61,NORMAL,0
2027-01-10T03:00:00,DG-001,109.53,1.181,421.6,90.8,31.6,102.96,20.64,FAILURE_PRECURSOR,1
2027-01-10T04:00:00,DG-001,82.38,0.341,353.6,69.3,61.5,73.59,25.63,NORMAL,0
2027-01-10T05:00:00,DG-001,82.66,0.302,310.0,59.6,72.3,75.06,26.27,NORMAL,0
2027-01-10T06:00:00,DG-001,95.18,0.504,394.9,81.2,27.7,88.32,24.46,WARNING,0
2027-01-10T07:00:00,DG-001,115.83,1.002,373.0,96.7,14.2,105.87,23.82,FAILURE_PRECURSOR,1
2027-01-10T08:00:00,DG-001,83.62,0.268,347.1,68.1,77.3,76.4,26.77,NORMAL,0
2027-01-10T09:00:00,DG-001,80.65,0.189,258.3,52.4,36.1,73.51,26.68,NORMAL,0
2027-01-10T10:00:00,DG-001,82.11,0.219,309.2,61.7,80.5,76.98,27.66,NORMAL,0
2027-01-10T11:00:00,DG-001,95.63,0.606,394.8,84.6,31.9,88.77,25.94,WARNING,0
2027-01-10T12:00:00,DG-001,81.17,0.184,273.4,54.9,49.6,74.12,25.51,NORMAL,0
2027-01-10T13:00:00,DG-001,83.68,0.292,360.6,72.5,26.3,75.98,26.28,NORMAL,0
2027-01-10T14:00:00,DG-001,81.91,0.208,337.0,67.1,75.3,75.14,27.65,NORMAL,0
2027-01-10T15:00:00,DG-001,81.24,0.246,402.8,81.2,79.4,77.67,26.52,NORMAL,0
2027-01-10T16:00:00,DG-001,81.2,0.138,281.2,55.9,84.5,74.22,26.35,NORMAL,0
2027-01-10T17:00:00,DG-001,108.97,0.85,452.6,109.5,47.6,108.61,23.11,FAILURE_PRECURSOR,1
2027-01-10T18:00:00,DG-001,83.44,0.299,327.1,64.3,80.5,75.95,25.16,NORMAL,0
2027-01-10T19:00:00,DG-001,81.57,0.213,341.2,67.3,77.8,75.27,27.11,NORMAL,0
2027-01-10T20:00:00,DG-001,84.54,0.275,402.7,81.5,38.7,74.9,25.58,NORMAL,0
2027-01-10T21:00:00,DG-001,109.95,0.989,424.0,95.6,29.2,105.58,22.89,FAILURE_PRECURSOR,1
2027-01-10T22:00:00,DG-001,81.59,0.227,280.5,56.4,38.0,73.83,27.92,NORMAL,0
2027-01-10T23:00:00,DG-001,80.13,0.114,255.0,51.9,81.4,73.18,27.49,NORMAL,0
2027-01-11T00:00:00,DG-001,79.01,0.273,314.9,62.1,66.7,75.62,26.8,NORMAL,0
2027-01-11T01:00:00,DG-001,81.7,0.073,275.1,55.3,45.4,75.38,27.65,NORMAL,0
2027-01-11T02:00:00,DG-001,101.89,1.036,395.4,86.0,47.7,104.07,21.57,FAILURE_PRECURSOR,1
2027-01-11T03:00:00,DG-001,80.73,0.201,328.4,65.5,74.6,76.98,25.32,NORMAL,0
2027-01-11T04:00:00,DG-001,83.08,0.214,342.6,66.8,25.7,74.57,27.22,NORMAL,0
2027-01-11T05:00:00,DG-001,95.97,0.618,398.3,86.6,22.7,87.67,25.41,WARNING,0
2027-01-11T06:00:00,DG-001,79.28,0.191,298.0,60.0,83.7,76.1,27.51,NORMAL,0
2027-01-11T07:00:00,DG-001,84.05,0.225,364.9,73.3,67.6,76.25,26.44,NORMAL,0
2027-01-11T08:00:00,DG-001,81.91,0.196,291.1,58.8,62.6,73.43,27.06,NORMAL,0
2027-01-11T09:00:00,DG-001,81.94,0.27,376.4,75.6,63.3,75.41,27.48,NORMAL,0
2027-01-11T10:00:00,DG-001,80.18,0.251,282.9,55.7,55.4,73.38,27.58,NORMAL,0
2027-01-11T11:00:00,DG-001,98.91,0.668,427.6,83.6,77.9,90.03,25.05,WARNING,0
2027-01-11T12:00:00,DG-001,80.53,0.227,334.9,66.1,23.3,75.93,25.37,NORMAL,0
2027-01-11T13:00:00,DG-001,80.57,0.228,370.8,73.8,32.0,75.98,27.78,NORMAL,0
2027-01-11T14:00:00,DG-001,82.48,0.265,324.7,65.1,47.1,75.59,25.86,NORMAL,0
2027-01-11T15:00:00,DG-001,83.47,0.269,388.6,77.8,82.6,75.15,27.79,NORMAL,0
2027-01-11T16:00:00,DG-001,82.34,0.247,402.6,80.0,71.3,77.85,26.58,NORMAL,0
2027-01-11T17:00:00,DG-001,109.02,1.232,356.4,92.4,39.6,106.03,21.47,FAILURE_PRECURSOR,1
2027-01-11T18:00:00,DG-001,115.11,1.598,451.4,100.8,32.5,105.55,22.22,FAILURE_PRECURSOR,1
2027-01-11T19:00:00,DG-001,82.38,0.254,414.5,83.4,24.9,77.73,27.01,NORMAL,0
2027-01-11T20:00:00,DG-001,79.75,0.243,306.8,61.2,66.2,75.17,26.12,NORMAL,0
2027-01-11T21:00:00,DG-001,78.86,0.283,339.3,68.1,82.7,74.96,26.95,NORMAL,0
2027-01-11T22:00:00,DG-001,107.51,1.504,313.9,85.3,41.6,104.15,20.89,FAILURE_PRECURSOR,1
2027-01-11T23:00:00,DG-001,79.53,0.247,352.4,71.2,52.8,76.66,27.36,NORMAL,0
2027-01-12T00:00:00,DG-001,81.6,0.261,374.4,76.9,61.7,76.1,27.54,NORMAL,0
2027-01-12T01:00:00,DG-001,82.98,0.295,285.7,58.0,56.1,73.95,26.32,NORMAL,0
2027-01-12T02:00:00,DG-001,84.06,0.237,297.3,59.7,73.7,75.43,27.11,NORMAL,0
2027-01-12T03:00:00,DG-001,108.7,1.062,387.0,86.2,10.6,103.35,21.12,FAILURE_PRECURSOR,1
2027-01-12T04:00:00,DG-001,83.22,0.121,417.9,82.9,81.8,77.18,26.37,NORMAL,0
2027-01-12T05:00:00,DG-001,81.19,0.238,407.1,81.0,39.3,75.96,26.35,NORMAL,0
2027-01-12T06:00:00,DG-001,80.32,0.236,278.0,55.5,20.4,75.37,27.36,NORMAL,0
2027-01-12T07:00:00,DG-001,86.42,0.264,423.1,84.5,66.9,76.11,27.8,NORMAL,0
2027-01-12T08:00:00,DG-001,78.94,0.187,332.8,67.8,80.8,75.32,27.01,NORMAL,0
2027-01-12T09:00:00,DG-001,80.81,0.227,369.8,73.1,34.4,75.59,27.74,NORMAL,0
2027-01-12T10:00:00,DG-001,81.03,0.221,319.4,64.0,36.6,75.79,25.09,NORMAL,0
2027-01-12T11:00:00,DG-001,96.55,0.532,384.6,79.9,24.6,87.85,25.21,WARNING,0
2027-01-12T12:00:00,DG-001,111.86,1.215,470.4,99.8,20.4,103.31,20.09,FAILURE_PRECURSOR,1
2027-01-12T13:00:00,DG-001,84.61,0.275,410.9,84.3,65.2,78.35,26.51,NORMAL,0
2027-01-12T14:00:00,DG-001,78.87,0.154,258.2,50.8,37.1,73.68,27.92,NORMAL,0
2027-01-12T15:00:00,DG-001,83.43,0.267,414.3,83.4,63.4,74.51,26.96,NORMAL,0
2027-01-12T16:00:00,DG-001,83.05,0.147,361.8,74.7,89.4,76.02,27.35,NORMAL,0
2027-01-12T17:00:00,DG-001,83.69,0.208,384.8,77.5,81.0,76.66,25.13,NORMAL,0
2027-01-12T18:00:00,DG-001,81.92,0.187,338.7,66.1,65.6,74.36,27.93,NORMAL,0
2027-01-12T19:00:00,DG-001,79.29,0.215,250.4,51.7,61.8,74.51,27.0,NORMAL,0
2027-01-12T20:00:00,DG-001,84.43,0.229,382.3,77.5,88.1,76.25,26.5,NORMAL,0
2027-01-12T21:00:00,DG-001,97.94,0.588,407.6,81.5,34.4,87.83,25.36,WARNING,0
2027-01-12T22:00:00,DG-001,80.83,0.216,292.2,60.7,77.5,75.75,25.26,NORMAL,0
2027-01-12T23:00:00,DG-001,81.35,0.217,286.2,58.2,64.6,74.96,27.44,NORMAL,0
2027-01-13T00:00:00,DG-001,83.74,0.226,292.6,58.3,70.6,75.63,26.25,NORMAL,0
2027-01-13T01:00:00,DG-001,82.68,0.249,371.6,72.8,93.0,76.78,27.68,NORMAL,0
2027-01-13T02:00:00,DG-001,81.22,0.165,333.9,65.9,57.5,74.59,27.56,NORMAL,0
2027-01-13T03:00:00,DG-001,81.85,0.285,398.3,80.4,46.7,76.93,26.96,NORMAL,0
2027-01-13T04:00:00,DG-001,81.09,0.215,291.6,57.9,31.4,74.52,27.87,NORMAL,0
2027-01-13T05:00:00,DG-001,99.92,0.437,420.4,85.3,58.0,87.58,25.2,WARNING,0
2027-01-13T06:00:00,DG-001,83.63,0.135,353.9,71.8,35.6,76.45,27.9,NORMAL,0
2027-01-13T07:00:00,DG-001,81.83,0.31,387.2,77.0,94.3,76.07,25.83,NORMAL,0
2027-01-13T08:00:00,DG-001,80.26,0.231,320.3,63.1,54.8,75.34,25.24,NORMAL,0
2027-01-13T09:00:00,DG-001,81.31,0.242,260.2,52.3,94.3,74.23,26.68,NORMAL,0
2027-01-13T10:00:00,DG-001,84.0,0.286,401.5,78.9,42.8,76.91,26.07,NORMAL,0
2027-01-13T11:00:00,DG-001,83.99,0.315,319.9,62.4,33.7,75.74,26.96,NORMAL,0
2027-01-13T12:00:00,DG-001,81.23,0.221,288.7,56.9,78.5,74.11,27.13,NORMAL,0
2027-01-13T13:00:00,DG-001,99.01,0.638,416.0,85.7,84.2,87.19,23.34,WARNING,0
2027-01-13T14:00:00,DG-001,111.74,1.125,490.1,97.5,12.4,103.72,23.01,FAILURE_PRECURSOR,1
2027-01-13T15:00:00,DG-001,85.08,0.244,430.1,83.1,64.8,76.15,26.48,NORMAL,0
2027-01-13T16:00:00,DG-001,115.31,0.832,473.6,105.1,43.4,108.53,20.92,FAILURE_PRECURSOR,1
2027-01-13T17:00:00,DG-001,80.45,0.241,295.5,61.2,94.2,74.76,25.1,NORMAL,0
2027-01-13T18:00:00,DG-001,100.81,0.435,439.2,94.7,51.1,91.21,23.02,WARNING,0
2027-01-13T19:00:00,DG-001,82.08,0.216,368.3,74.2,39.8,77.22,27.26,NORMAL,0
2027-01-13T20:00:00,DG-001,85.13,0.243,396.9,80.7,93.1,75.1,26.56,NORMAL,0
2027-01-13T21:00:00,DG-001,81.62,0.22,339.9,68.2,73.4,75.09,26.66,NORMAL,0
2027-01-13T22:00:00,DG-001,81.71,0.332,403.9,81.7,98.3,77.43,27.78,NORMAL,0
2027-01-13T23:00:00,DG-001,81.58,0.273,415.2,83.0,57.4,74.5,25.08,NORMAL,0
2027-01-14T00:00:00,DG-001,79.58,0.126,254.8,51.3,41.3,74.76,25.2,NORMAL,0
2027-01-14T01:00:00,DG-001,83.71,0.193,318.7,64.0,24.9,75.6,26.02,NORMAL,0
2027-01-14T02:00:00,DG-001,83.04,0.254,325.8,65.7,61.0,74.83,27.18,NORMAL,0
2027-01-14T03:00:00,DG-001,111.73,1.268,435.3,104.7,30.2,106.24,23.57,FAILURE_PRECURSOR,1
2027-01-14T04:00:00,DG-001,83.27,0.21,348.6,70.1,34.3,76.33,26.33,NORMAL,0
2027-01-14T05:00:00,DG-001,81.55,0.263,311.8,61.8,21.3,75.06,27.37,NORMAL,0
2027-01-14T06:00:00,DG-001,82.17,0.192,290.7,58.7,28.7,75.1,26.6,NORMAL,0
2027-01-14T07:00:00,DG-001,80.47,0.255,293.3,58.5,84.3,74.97,27.25,NORMAL,0
2027-01-14T08:00:00,DG-001,82.58,0.285,391.7,78.5,85.5,76.72,26.98,NORMAL,0
2027-01-14T09:00:00,DG-001,81.68,0.107,287.3,57.1,65.9,74.84,26.53,NORMAL,0
2027-01-14T10:00:00,DG-001,96.96,0.685,405.5,84.3,64.2,90.92,23.74,WARNING,0
2027-01-14T11:00:00,DG-001,81.12,0.225,271.3,53.9,61.3,74.16,25.84,NORMAL,0
2027-01-14T12:00:00,DG-001,81.35,0.206,361.3,73.0,96.3,74.72,26.18,NORMAL,0
2027-01-14T13:00:00,DG-001,84.57,0.253,398.7,80.1,60.4,74.39,27.87,NORMAL,0
2027-01-14T14:00:00,DG-001,83.63,0.257,373.6,74.6,74.9,77.09,26.96,NORMAL,0
2027-01-14T15:00:00,DG-001,80.7,0.161,297.4,58.6,65.3,72.01,25.7,NORMAL,0
2027-01-14T16:00:00,DG-001,76.46,0.133,265.9,54.5,30.6,75.94,25.05,NORMAL,0
2027-01-14T17:00:00,DG-001,83.43,0.343,376.4,78.4,91.9,74.66,27.93,NORMAL,0
2027-01-14T18:00:00,DG-001,78.55,0.321,307.4,61.3,27.5,75.47,25.44,NORMAL,0
2027-01-14T19:00:00,DG-001,79.03,0.199,380.1,76.4,46.4,75.94,26.17,NORMAL,0
2027-01-14T20:00:00,DG-001,84.25,0.153,377.9,73.2,94.1,74.73,27.48,NORMAL,0
2027-01-14T21:00:00,DG-001,97.27,0.692,423.1,84.0,68.1,89.26,25.22,WARNING,0
2027-01-14T22:00:00,DG-001,81.7,0.198,285.3,57.4,49.0,74.27,25.85,NORMAL,0
2027-01-14T23:00:00,DG-001,82.16,0.169,358.7,71.2,59.2,75.33,26.92,NORMAL,0
2027-01-15T00:00:00,DG-001,85.85,0.142,402.1,80.1,25.7,76.57,25.47,NORMAL,0
2027-01-15T01:00:00,DG-001,82.6,0.197,384.8,75.9,75.9,77.08,26.22,NORMAL,0
2027-01-15T02:00:00,DG-001,108.66,0.97,447.0,85.7,5.7,105.32,22.35,FAILURE_PRECURSOR,1
2027-01-15T03:00:00,DG-001,108.75,1.154,430.0,101.7,11.8,106.48,21.04,FAILURE_PRECURSOR,1
2027-01-15T04:00:00,DG-001,80.89,0.223,411.9,81.7,84.6,76.93,25.73,NORMAL,0
2027-01-15T05:00:00,DG-001,79.74,0.215,287.4,58.7,75.9,75.76,25.5,NORMAL,0
2027-01-15T06:00:00,DG-001,81.21,0.187,332.7,64.4,34.1,73.56,26.32,NORMAL,0
2027-01-15T07:00:00,DG-001,80.58,0.214,276.7,54.4,44.0,74.8,27.19,NORMAL,0
2027-01-15T08:00:00,DG-001,98.2,0.546,435.4,87.3,73.0,91.24,23.65,WARNING,0
2027-01-15T09:00:00,DG-001,80.08,0.195,298.0,59.2,40.7,75.23,26.7,NORMAL,0
2027-01-15T10:00:00,DG-001,82.48,0.253,400.5,78.0,46.5,77.11,25.94,NORMAL,0
2027-01-15T11:00:00,DG-001,80.55,0.268,342.9,69.5,67.6,76.42,26.44,NORMAL,0
2027-01-15T12:00:00,DG-001,79.32,0.255,277.5,55.1,67.9,74.74,27.91,NORMAL,0
2027-01-15T13:00:00,DG-001,83.33,0.234,369.1,73.1,27.0,74.33,25.86,NORMAL,0
2027-01-15T14:00:00,DG-001,82.29,0.207,345.0,67.7,36.3,73.45,25.6,NORMAL,0
2027-01-15T15:00:00,DG-001,101.03,0.695,403.0,85.4,22.7,90.43,23.67,WARNING,0
2027-01-15T16:00:00,DG-001,82.15,0.331,400.6,78.7,79.1,77.45,25.77,NORMAL,0
2027-01-15T17:00:00,DG-001,82.57,0.337,304.8,60.3,98.2,76.5,25.15,NORMAL,0
2027-01-15T18:00:00,DG-001,97.73,0.68,453.7,92.6,69.9,90.58,23.22,WARNING,0
2027-01-15T19:00:00,DG-001,82.43,0.164,410.8,82.8,72.9,74.82,25.84,NORMAL,0
2027-01-15T20:00:00,DG-001,85.64,0.268,388.7,79.8,50.4,76.79,26.76,NORMAL,0
2027-01-15T21:00:00,DG-001,83.6,0.24,397.2,79.7,54.8,78.03,25.88,NORMAL,0
2027-01-15T22:00:00,DG-001,83.19,0.202,279.3,54.6,34.5,73.71,27.92,NORMAL,0
2027-01-15T23:00:00,DG-001,107.34,1.142,470.2,103.1,7.8,110.44,23.22,FAILURE_PRECURSOR,1
2027-01-16T00:00:00,DG-001,96.53,0.433,448.7,94.4,64.1,88.13,23.69,WARNING,0
2027-01-16T01:00:00,DG-001,82.61,0.203,407.1,81.5,76.6,76.94,26.9,NORMAL,0
2027-01-16T02:00:00,DG-001,82.02,0.306,415.9,82.0,35.6,75.96,25.34,NORMAL,0
2027-01-16T03:00:00,DG-001,82.31,0.298,369.0,73.2,65.7,75.91,25.75,NORMAL,0
2027-01-16T04:00:00,DG-001,82.27,0.204,369.3,75.2,72.3,76.56,25.32,NORMAL,0
2027-01-16T05:00:00,DG-001,78.63,0.289,294.2,59.2,87.2,75.58,25.95,NORMAL,0
2027-01-16T06:00:00,DG-001,79.76,0.29,283.9,59.0,42.7,74.2,26.79,NORMAL,0
2027-01-16T07:00:00,DG-001,108.45,0.911,404.8,96.9,44.6,103.41,21.46,FAILURE_PRECURSOR,1
2027-01-16T08:00:00,DG-001,84.09,0.248,385.4,78.0,32.4,76.72,27.88,NORMAL,0
2027-01-16T09:00:00,DG-001,84.27,0.207,427.0,84.3,95.9,78.26,26.67,NORMAL,0
2027-01-16T10:00:00,DG-001,82.62,0.331,374.1,73.2,95.0,74.42,25.06,NORMAL,0
2027-01-16T11:00:00,DG-001,99.36,0.502,363.5,79.4,49.8,87.3,25.45,WARNING,0
2027-01-16T12:00:00,DG-001,81.49,0.186,279.4,55.9,23.5,75.38,26.49,NORMAL,0
2027-01-16T13:00:00,DG-001,80.02,0.188,260.9,51.7,62.5,71.58,27.78,NORMAL,0
2027-01-16T14:00:00,DG-001,82.25,0.234,380.2,77.7,69.4,76.33,25.23,NORMAL,0
2027-01-16T15:00:00,DG-001,85.53,0.274,346.6,68.0,32.1,75.23,25.6,NORMAL,0
2027-01-16T16:00:00,DG-001,81.98,0.29,412.5,82.2,31.6,76.48,25.1,NORMAL,0
2027-01-16T17:00:00,DG-001,96.86,0.43,373.6,79.0,40.5,88.67,24.51,WARNING,0
2027-01-16T18:00:00,DG-001,100.58,0.618,425.5,89.1,54.9,88.02,24.67,WARNING,0
2027-01-16T19:00:00,DG-001,95.54,0.528,338.3,78.1,26.1,90.67,23.2,WARNING,0
2027-01-16T20:00:00,DG-001,80.2,0.228,358.3,70.9,77.8,76.3,25.63,NORMAL,0
2027-01-16T21:00:00,DG-001,82.73,0.266,399.5,80.0,81.1,76.94,26.61,NORMAL,0
2027-01-16T22:00:00,DG-001,81.66,0.195,321.9,64.0,81.3,75.48,26.61,NORMAL,0
2027-01-16T23:00:00,DG-001,80.45,0.306,386.1,76.0,51.9,75.75,26.71,NORMAL,0
2027-01-17T00:00:00,DG-001,84.57,0.257,399.6,79.7,67.3,74.75,26.11,NORMAL,0
2027-01-17T01:00:00,DG-001,78.17,0.318,348.8,70.0,36.9,76.02,26.3,NORMAL,0
2027-01-17T02:00:00,DG-001,82.7,0.267,297.7,58.7,53.1,74.16,25.88,NORMAL,0
2027-01-17T03:00:00,DG-001,84.14,0.241,350.1,69.5,21.3,75.81,25.69,NORMAL,0
2027-01-17T04:00:00,DG-001,111.54,0.965,466.6,92.1,5.1,103.74,20.05,FAILURE_PRECURSOR,1
2027-01-17T05:00:00,DG-001,79.16,0.221,304.8,61.4,57.4,74.89,25.75,NORMAL,0
2027-01-17T06:00:00,DG-001,82.29,0.224,363.9,72.3,64.2,76.56,27.71,NORMAL,0
2027-01-17T07:00:00,DG-001,82.78,0.291,369.5,73.1,60.2,76.01,26.4,NORMAL,0
2027-01-17T08:00:00,DG-001,81.15,0.195,257.6,52.0,91.8,74.13,25.65,NORMAL,0
2027-01-17T09:00:00,DG-001,82.45,0.202,323.4,62.9,56.9,74.16,25.45,NORMAL,0
2027-01-17T10:00:00,DG-001,83.19,0.251,356.5,71.2,62.4,74.96,27.18,NORMAL,0
2027-01-17T11:00:00,DG-001,114.01,0.92,464.5,102.7,12.6,103.65,21.46,FAILURE_PRECURSOR,1
2027-01-17T12:00:00,DG-001,96.95,0.603,390.4,82.5,18.7,86.31,24.02,WARNING,0
2027-01-17T13:00:00,DG-001,111.39,1.544,402.9,93.2,26.3,106.39,22.78,FAILURE_PRECURSOR,1
2027-01-17T14:00:00,DG-001,116.86,0.976,463.6,101.0,18.6,107.3,20.33,FAILURE_PRECURSOR,1
2027-01-17T15:00:00,DG-001,81.98,0.34,424.3,84.8,96.1,75.18,25.67,NORMAL,0
2027-01-17T16:00:00,DG-001,85.78,0.237,362.7,73.6,48.1,75.64,25.2,NORMAL,0
2027-01-17T17:00:00,DG-001,82.45,0.152,303.3,60.5,40.0,75.65,26.5,NORMAL,0
2027-01-17T18:00:00,DG-001,94.39,0.587,397.2,79.6,77.4,87.2,24.86,WARNING,0
2027-01-17T19:00:00,DG-001,80.98,0.173,246.2,50.4,42.0,72.87,26.35,NORMAL,0
2027-01-17T20:00:00,DG-001,95.15,0.486,423.8,81.4,40.9,88.16,23.63,WARNING,0
2027-01-17T21:00:00,DG-001,80.16,0.26,399.4,77.7,61.0,75.78,27.07,NORMAL,0
2027-01-17T22:00:00,DG-001,79.51,0.334,269.9,54.7,64.7,73.86,26.69,NORMAL,0
2027-01-17T23:00:00,DG-001,82.93,0.199,321.2,65.3,73.8,75.3,25.2,NORMAL,0
2027-01-18T00:00:00,DG-001,110.38,1.346,411.7,89.2,45.9,104.57,22.83,FAILURE_PRECURSOR,1
2027-01-18T01:00:00,DG-001,80.42,0.197,259.7,52.2,53.5,74.9,27.87,NORMAL,0
2027-01-18T02:00:00,DG-001,81.91,0.245,369.7,73.8,98.6,76.34,26.84,NORMAL,0
2027-01-18T03:00:00,DG-001,98.03,0.667,393.1,82.3,31.5,89.48,23.35,WARNING,0
2027-01-18T04:00:00,DG-001,81.36,0.292,371.4,74.6,85.6,75.29,26.02,NORMAL,0
2027-01-18T05:00:00,DG-001,83.78,0.179,404.9,81.8,68.0,76.51,27.22,NORMAL,0
2027-01-18T06:00:00,DG-001,82.11,0.246,335.4,67.5,84.4,74.34,27.3,NORMAL,0
2027-01-18T07:00:00,DG-001,81.23,0.252,315.8,61.5,83.9,77.0,26.89,NORMAL,0
2027-01-18T08:00:00,DG-001,112.31,1.153,449.9,103.2,15.3,105.24,20.64,FAILURE_PRECURSOR,1
2027-01-18T09:00:00,DG-001,110.6,0.971,433.7,104.1,44.2,107.04,22.4,FAILURE_PRECURSOR,1
2027-01-18T10:00:00,DG-001,79.38,0.269,337.8,67.4,37.3,73.27,25.88,NORMAL,0
2027-01-18T11:00:00,DG-001,110.67,1.043,424.5,100.1,6.2,107.01,22.02,FAILURE_PRECURSOR,1
2027-01-18T12:00:00,DG-001,98.78,0.648,454.7,94.1,21.7,90.21,23.9,WARNING,0
2027-01-18T13:00:00,DG-001,96.23,0.562,391.4,77.3,73.2,86.76,25.25,WARNING,0
2027-01-18T14:00:00,DG-001,80.76,0.251,403.1,80.0,84.1,76.11,25.02,NORMAL,0
2027-01-18T15:00:00,DG-001,107.56,0.813,421.3,91.3,28.1,107.42,20.6,FAILURE_PRECURSOR,1
2027-01-18T16:00:00,DG-001,82.03,0.338,264.5,52.7,64.1,74.92,25.22,NORMAL,0
2027-01-18T17:00:00,DG-001,80.28,0.246,329.9,65.3,36.4,73.74,26.5,NORMAL,0
2027-01-18T18:00:00,DG-001,105.95,1.115,448.7,96.7,44.1,103.69,23.81,FAILURE_PRECURSOR,1
2027-01-18T19:00:00,DG-001,85.72,0.243,382.9,76.3,36.7,75.15,27.53,NORMAL,0
2027-01-18T20:00:00,DG-001,82.49,0.265,340.9,67.5,60.7,76.5,26.85,NORMAL,0
2027-01-18T21:00:00,DG-001,82.13,0.292,332.9,68.0,83.2,75.17,26.1,NORMAL,0
2027-01-18T22:00:00,DG-001,95.87,0.549,374.8,75.6,79.7,87.03,23.38,WARNING,0
2027-01-18T23:00:00,DG-001,78.75,0.254,280.5,54.8,42.0,74.71,26.05,NORMAL,0
2027-01-19T00:00:00,DG-001,113.72,1.474,459.0,96.0,30.4,107.16,23.88,FAILURE_PRECURSOR,1
2027-01-19T01:00:00,DG-001,84.31,0.207,395.5,79.7,66.9,75.12,26.24,NORMAL,0
2027-01-19T02:00:00,DG-001,81.44,0.192,387.7,77.6,62.0,75.98,26.08,NORMAL,0
2027-01-19T03:00:00,DG-001,83.36,0.249,319.9,64.5,23.0,76.58,26.17,NORMAL,0
2027-01-19T04:00:00,DG-001,83.46,0.307,402.7,80.5,48.6,77.86,25.45,NORMAL,0
2027-01-19T05:00:00,DG-001,83.53,0.291,392.3,76.4,99.0,75.81,25.89,NORMAL,0
2027-01-19T06:00:00,DG-001,81.81,0.213,380.9,75.3,74.3,76.95,25.37,NORMAL,0
2027-01-19T07:00:00,DG-001,82.43,0.233,422.1,84.1,53.0,75.14,25.62,NORMAL,0
2027-01-19T08:00:00,DG-001,85.27,0.299,366.3,73.3,99.9,76.28,25.65,NORMAL,0
2027-01-19T09:00:00,DG-001,83.54,0.209,398.0,78.4,33.8,76.17,27.19,NORMAL,0
2027-01-19T10:00:00,DG-001,81.27,0.183,292.8,57.6,41.4,75.31,27.67,NORMAL,0
2027-01-19T11:00:00,DG-001,78.57,0.222,291.4,57.6,76.6,74.95,26.18,NORMAL,0
2027-01-19T12:00:00,DG-001,81.08,0.222,350.4,68.5,32.4,75.46,27.93,NORMAL,0
2027-01-19T13:00:00,DG-001,81.85,0.164,272.5,54.8,97.9,73.55,25.43,NORMAL,0
2027-01-19T14:00:00,DG-001,80.02,0.321,296.8,59.4,87.1,73.4,28.0,NORMAL,0
2027-01-19T15:00:00,DG-001,109.65,1.384,517.2,108.2,14.2,103.28,23.49,FAILURE_PRECURSOR,1
2027-01-19T16:00:00,DG-001,80.33,0.246,413.7,82.6,83.4,76.81,27.4,NORMAL,0
2027-01-19T17:00:00,DG-001,79.42,0.163,294.4,59.0,33.8,74.04,26.83,NORMAL,0
2027-01-19T18:00:00,DG-001,82.45,0.307,358.4,71.9,97.1,74.71,26.39,NORMAL,0
2027-01-19T19:00:00,DG-001,96.42,0.473,422.1,81.2,61.0,87.78,25.78,WARNING,0
2027-01-19T20:00:00,DG-001,97.29,0.652,409.1,88.9,71.3,88.45,24.49,WARNING,0
2027-01-19T21:00:00,DG-001,94.45,0.641,440.5,94.8,66.5,87.42,24.85,WARNING,0
2027-01-19T22:00:00,DG-001,81.26,0.152,311.6,62.0,52.3,73.76,26.4,NORMAL,0
2027-01-19T23:00:00,DG-001,83.97,0.173,322.4,64.6,23.1,74.51,25.59,NORMAL,0
2027-01-20T00:00:00,DG-001,83.34,0.121,281.7,55.9,22.9,75.75,26.56,NORMAL,0
2027-01-20T01:00:00,DG-001,83.38,0.171,363.2,74.2,29.1,76.79,26.71,NORMAL,0
2027-01-20T02:00:00,DG-001,78.31,0.216,245.6,50.8,84.9,75.36,25.81,NORMAL,0
2027-01-20T03:00:00,DG-001,80.49,0.193,306.6,60.3,66.0,76.04,27.29,NORMAL,0
2027-01-20T04:00:00,DG-001,80.98,0.272,324.0,65.1,40.4,75.76,25.47,NORMAL,0
2027-01-20T05:00:00,DG-001,83.7,0.203,415.4,82.4,78.7,75.52,26.4,NORMAL,0
2027-01-20T06:00:00,DG-001,97.15,0.681,402.9,81.7,71.3,88.67,24.0,WARNING,0
2027-01-20T07:00:00,DG-001,110.49,1.171,519.6,107.8,29.3,102.61,22.82,FAILURE_PRECURSOR,1
2027-01-20T08:00:00,DG-001,97.66,0.412,402.2,76.2,72.6,87.65,23.35,WARNING,0
2027-01-20T09:00:00,DG-001,108.12,1.439,365.4,89.4,41.1,108.28,22.6,FAILURE_PRECURSOR,1
2027-01-20T10:00:00,DG-001,112.11,1.252,500.1,101.5,29.5,108.19,20.3,FAILURE_PRECURSOR,1
2027-01-20T11:00:00,DG-001,80.84,0.266,394.4,76.8,83.4,76.86,27.72,NORMAL,0
2027-01-20T12:00:00,DG-001,80.55,0.264,264.8,53.8,32.7,75.84,25.32,NORMAL,0
2027-01-20T13:00:00,DG-001,82.54,0.16,307.0,63.0,47.5,75.69,25.32,NORMAL,0
2027-01-20T14:00:00,DG-001,84.86,0.259,422.4,84.2,34.7,76.85,26.22,NORMAL,0
2027-01-20T15:00:00,DG-001,79.5,0.269,275.2,55.6,30.0,75.38,27.79,NORMAL,0
2027-01-20T16:00:00,DG-001,82.81,0.209,264.9,54.1,68.2,74.33,25.03,NORMAL,0
2027-01-20T17:00:00,DG-001,79.62,0.18,271.2,52.9,56.8,72.16,25.25,NORMAL,0
2027-01-20T18:00:00,DG-001,81.77,0.256,408.5,81.6,71.8,76.48,25.66,NORMAL,0
2027-01-20T19:00:00,DG-001,81.44,0.265,401.2,80.0,54.1,75.95,25.83,NORMAL,0
2027-01-20T20:00:00,DG-001,81.56,0.257,365.9,73.9,65.6,75.8,26.26,NORMAL,0
2027-01-20T21:00:00,DG-001,82.57,0.194,405.2,82.7,28.5,77.38,25.02,NORMAL,0
2027-01-20T22:00:00,DG-001,82.33,0.317,424.0,83.9,56.1,76.89,26.21,NORMAL,0
2027-01-20T23:00:00,DG-001,84.77,0.228,419.2,84.1,20.7,74.93,25.93,NORMAL,0
2027-01-21T00:00:00,DG-001,81.48,0.294,375.0,75.3,81.6,76.64,27.11,NORMAL,0
2027-01-21T01:00:00,DG-001,83.61,0.215,314.7,63.9,80.6,75.75,25.46,NORMAL,0
2027-01-21T02:00:00,DG-001,83.46,0.197,427.3,83.5,70.9,75.55,27.14,NORMAL,0
2027-01-21T03:00:00,DG-001,96.89,0.451,428.6,86.9,66.4,89.24,25.97,WARNING,0
2027-01-21T04:00:00,DG-001,85.36,0.381,356.1,69.8,33.1,75.7,25.55,NORMAL,0
2027-01-21T05:00:00,DG-001,97.02,0.542,426.0,88.8,37.5,92.01,25.24,WARNING,0
2027-01-21T06:00:00,DG-001,81.41,0.193,291.8,59.2,26.2,73.96,25.46,NORMAL,0
2027-01-21T07:00:00,DG-001,80.19,0.169,344.7,68.5,20.1,75.25,26.81,NORMAL,0
2027-01-21T08:00:00,DG-001,81.69,0.235,333.7,66.9,91.0,75.73,26.71,NORMAL,0
2027-01-21T09:00:00,DG-001,98.99,0.509,421.3,89.0,65.9,90.63,24.21,WARNING,0
2027-01-21T10:00:00,DG-001,108.77,1.042,431.0,97.5,29.4,101.07,22.85,FAILURE_PRECURSOR,1
2027-01-21T11:00:00,DG-001,80.17,0.296,292.3,57.5,80.5,75.41,25.75,NORMAL,0
2027-01-21T12:00:00,DG-001,81.37,0.225,321.7,63.7,45.4,75.48,27.29,NORMAL,0
2027-01-21T13:00:00,DG-001,101.33,0.493,394.9,86.0,56.5,87.68,23.16,WARNING,0
2027-01-21T14:00:00,DG-001,104.91,0.964,438.2,95.6,38.3,106.45,23.84,FAILURE_PRECURSOR,1
2027-01-21T15:00:00,DG-001,80.81,0.265,326.1,65.3,71.7,76.09,26.69,NORMAL,0
2027-01-21T16:00:00,DG-001,83.41,0.295,347.2,69.3,35.1,75.25,27.52,NORMAL,0
2027-01-21T17:00:00,DG-001,82.64,0.288,285.5,58.1,79.4,75.42,26.04,NORMAL,0
2027-01-21T18:00:00,DG-001,93.19,0.658,420.1,83.6,49.2,87.32,24.95,WARNING,0
2027-01-21T19:00:00,DG-001,98.96,0.56,425.8,86.4,82.1,89.16,23.17,WARNING,0
2027-01-21T20:00:00,DG-001,82.42,0.198,373.2,76.2,85.0,75.98,26.0,NORMAL,0
2027-01-21T21:00:00,DG-001,79.87,0.132,279.9,55.9,39.1,74.51,26.08,NORMAL,0
2027-01-21T22:00:00,DG-001,81.07,0.25,332.0,65.9,56.3,75.36,27.34,NORMAL,0
2027-01-21T23:00:00,DG-001,82.13,0.3,403.4,82.9,69.2,79.15,25.35,NORMAL,0
2027-01-22T00:00:00,DG-001,79.21,0.214,302.4,60.3,75.9,75.13,27.49,NORMAL,0
2027-01-22T01:00:00,DG-001,82.06,0.178,313.3,61.6,46.2,75.69,25.83,NORMAL,0
2027-01-22T02:00:00,DG-001,81.91,0.142,299.6,59.2,72.7,74.04,27.92,NORMAL,0
2027-01-22T03:00:00,DG-001,80.71,0.275,318.5,64.8,51.9,74.91,26.29,NORMAL,0
2027-01-22T04:00:00,DG-001,81.64,0.23,256.8,51.3,68.6,74.55,25.69,NORMAL,0
2027-01-22T05:00:00,DG-001,97.17,0.663,363.2,76.4,19.3,86.58,23.16,WARNING,0
2027-01-22T06:00:00,DG-001,95.74,0.488,369.2,76.3,54.1,87.58,23.41,WARNING,0
2027-01-22T07:00:00,DG-001,85.45,0.254,352.6,70.5,82.9,77.23,26.51,NORMAL,0
2027-01-22T08:00:00,DG-001,82.94,0.232,382.2,75.8,92.6,77.28,27.6,NORMAL,0
2027-01-22T09:00:00,DG-001,79.66,0.229,367.5,73.0,94.8,75.29,26.74,NORMAL,0
2027-01-22T10:00:00,DG-001,81.45,0.216,270.8,53.3,67.7,73.7,26.89,NORMAL,0
2027-01-22T11:00:00,DG-001,97.09,0.476,431.1,85.3,30.1,88.52,25.79,WARNING,0
2027-01-22T12:00:00,DG-001,80.39,0.152,288.5,56.3,69.9,75.43,25.98,NORMAL,0
2027-01-22T13:00:00,DG-001,83.3,0.316,400.7,81.1,20.1,76.41,25.4,NORMAL,0
2027-01-22T14:00:00,DG-001,80.56,0.213,288.5,58.8,82.1,76.26,25.21,NORMAL,0
2027-01-22T15:00:00,DG-001,110.88,0.857,414.6,98.2,46.9,104.6,21.0,FAILURE_PRECURSOR,1
2027-01-22T16:00:00,DG-001,94.57,0.689,403.2,80.5,63.7,85.1,24.69,WARNING,0
2027-01-22T17:00:00,DG-001,84.52,0.204,413.6,82.3,76.9,76.89,26.37,NORMAL,0
2027-01-22T18:00:00,DG-001,81.95,0.328,381.3,77.2,71.0,74.66,25.27,NORMAL,0
2027-01-22T19:00:00,DG-001,110.68,1.233,458.1,101.6,48.7,107.78,22.09,FAILURE_PRECURSOR,1
2027-01-22T20:00:00,DG-001,97.12,0.4,468.0,93.9,64.2,87.17,23.92,WARNING,0
2027-01-22T21:00:00,DG-001,84.98,0.224,362.6,71.8,95.8,76.75,27.44,NORMAL,0
2027-01-22T22:00:00,DG-001,83.88,0.18,409.4,81.7,59.9,77.11,25.25,NORMAL,0
2027-01-22T23:00:00,DG-001,98.27,0.672,406.5,83.2,55.1,88.29,24.01,WARNING,0
2027-01-23T00:00:00,DG-001,78.25,0.221,294.0,58.5,68.3,74.71,27.09,NORMAL,0
2027-01-23T01:00:00,DG-001,80.4,0.236,361.8,73.6,55.5,76.37,27.72,NORMAL,0
2027-01-23T02:00:00,DG-001,82.47,0.07,253.7,51.7,37.3,74.7,25.75,NORMAL,0
2027-01-23T03:00:00,DG-001,81.03,0.239,412.8,83.1,99.3,75.6,25.88,NORMAL,0
2027-01-23T04:00:00,DG-001,98.47,0.408,435.0,89.1,65.1,86.48,25.13,WARNING,0
2027-01-23T05:00:00,DG-001,78.49,0.287,341.5,66.3,44.6,75.35,25.96,NORMAL,0
2027-01-23T06:00:00,DG-001,81.51,0.374,403.4,79.6,49.6,76.92,27.36,NORMAL,0
2027-01-23T07:00:00,DG-001,110.45,1.357,381.1,85.4,48.5,101.91,22.33,FAILURE_PRECURSOR,1
2027-01-23T08:00:00,DG-001,81.87,0.144,300.9,61.5,52.0,73.6,26.52,NORMAL,0
2027-01-23T09:00:00,DG-001,81.79,0.299,294.2,58.5,88.3,75.56,27.87,NORMAL,0
2027-01-23T10:00:00,DG-001,109.34,1.303,408.8,85.4,7.1,102.32,23.28,FAILURE_PRECURSOR,1
2027-01-23T11:00:00,DG-001,80.62,0.352,399.8,79.8,67.8,76.04,25.22,NORMAL,0
2027-01-23T12:00:00,DG-001,111.38,0.808,448.2,95.5,21.7,105.89,22.75,FAILURE_PRECURSOR,1
2027-01-23T13:00:00,DG-001,80.76,0.204,322.1,63.5,24.3,76.31,25.98,NORMAL,0
2027-01-23T14:00:00,DG-001,84.15,0.252,348.2,69.8,59.7,77.25,27.21,NORMAL,0
2027-01-23T15:00:00,DG-001,107.41,1.589,423.2,91.1,16.7,106.5,20.3,FAILURE_PRECURSOR,1
2027-01-23T16:00:00,DG-001,98.23,0.668,436.7,89.6,59.3,88.89,23.24,WARNING,0
2027-01-23T17:00:00,DG-001,78.17,0.239,286.3,58.3,60.9,73.35,26.41,NORMAL,0
2027-01-23T18:00:00,DG-001,79.15,0.291,355.7,70.2,53.5,74.83,25.16,NORMAL,0
2027-01-23T19:00:00,DG-001,82.27,0.311,406.4,81.5,41.5,77.98,27.57,NORMAL,0
2027-01-23T20:00:00,DG-001,78.84,0.136,308.6,61.4,64.3,75.84,27.02,NORMAL,0
2027-01-23T21:00:00,DG-001,82.12,0.231,380.3,76.5,61.2,76.48,26.25,NORMAL,0
2027-01-23T22:00:00,DG-001,97.22,0.529,374.2,81.8,70.9,86.73,24.42,WARNING,0
2027-01-23T23:00:00,DG-001,98.87,0.501,401.2,84.4,28.3,89.54,23.15,WARNING,0
2027-01-24T00:00:00,DG-001,84.25,0.336,404.8,80.4,25.7,76.39,26.68,NORMAL,0
2027-01-24T01:00:00,DG-001,115.5,0.924,432.0,101.9,26.4,102.92,22.73,FAILURE_PRECURSOR,1
2027-01-24T02:00:00,DG-001,97.89,0.526,374.0,76.7,83.9,86.99,25.37,WARNING,0
2027-01-24T03:00:00,DG-001,79.2,0.191,339.2,68.5,44.3,77.63,27.53,NORMAL,0
2027-01-24T04:00:00,DG-001,79.74,0.227,256.5,50.1,43.5,75.46,27.32,NORMAL,0
2027-01-24T05:00:00,DG-001,83.96,0.232,264.0,52.7,38.7,74.57,27.19,NORMAL,0
2027-01-24T06:00:00,DG-001,81.01,0.223,319.2,62.8,45.9,76.97,27.1,NORMAL,0
2027-01-24T07:00:00,DG-001,81.81,0.278,328.4,65.1,86.0,75.38,25.16,NORMAL,0
2027-01-24T08:00:00,DG-001,81.22,0.247,380.0,74.4,30.8,76.93,27.33,NORMAL,0
2027-01-24T09:00:00,DG-001,106.51,1.045,374.6,90.5,44.7,104.98,22.22,FAILURE_PRECURSOR,1
2027-01-24T10:00:00,DG-001,79.04,0.172,271.4,54.6,50.6,73.57,26.98,NORMAL,0
2027-01-24T11:00:00,DG-001,80.8,0.284,307.6,61.2,46.4,74.62,27.29,NORMAL,0
2027-01-24T12:00:00,DG-001,80.07,0.231,274.2,53.3,58.5,74.97,27.24,NORMAL,0
2027-01-24T13:00:00,DG-001,82.72,0.207,353.2,73.0,71.0,76.05,25.79,NORMAL,0
2027-01-24T14:00:00,DG-001,83.6,0.226,388.3,78.4,42.6,76.21,27.03,NORMAL,0
2027-01-24T15:00:00,DG-001,83.03,0.203,396.7,80.0,46.5,76.99,27.69,NORMAL,0
2027-01-24T16:00:00,DG-001,80.35,0.321,269.4,54.6,64.6,74.99,27.14,NORMAL,0
2027-01-24T17:00:00,DG-001,81.17,0.184,388.1,77.4,87.6,77.21,26.26,NORMAL,0
2027-01-24T18:00:00,DG-001,96.25,0.496,371.8,85.2,76.9,89.56,23.75,WARNING,0
2027-01-24T19:00:00,DG-001,80.94,0.208,270.2,54.6,61.5,74.27,26.96,NORMAL,0
2027-01-24T20:00:00,DG-001,108.18,1.364,374.8,87.6,5.3,102.51,20.07,FAILURE_PRECURSOR,1
2027-01-24T21:00:00,DG-001,76.86,0.217,279.2,56.1,99.8,73.77,26.41,NORMAL,0
2027-01-24T22:00:00,DG-001,79.2,0.143,263.2,50.7,60.7,73.56,26.77,NORMAL,0
2027-01-24T23:00:00,DG-001,101.49,0.651,354.1,78.9,55.9,88.01,25.44,WARNING,0
2027-01-25T00:00:00,DG-001,84.32,0.295,420.8,83.5,77.7,77.34,26.47,NORMAL,0
2027-01-25T01:00:00,DG-001,80.63,0.305,279.9,57.7,91.2,74.0,27.32,NORMAL,0
2027-01-25T02:00:00,DG-001,99.55,0.643,422.0,87.4,46.6,90.29,25.43,WARNING,0
2027-01-25T03:00:00,DG-001,78.78,0.146,256.9,51.8,81.8,73.99,25.55,NORMAL,0
2027-01-25T04:00:00,DG-001,82.38,0.294,403.5,81.2,67.2,78.32,25.64,NORMAL,0
2027-01-25T05:00:00,DG-001,98.79,0.581,439.3,93.5,73.7,87.45,25.32,WARNING,0
2027-01-25T06:00:00,DG-001,81.46,0.337,407.1,81.4,24.3,77.66,25.45,NORMAL,0
2027-01-25T07:00:00,DG-001,83.95,0.115,279.9,55.3,72.5,74.1,26.65,NORMAL,0
2027-01-25T08:00:00,DG-001,80.35,0.173,274.9,54.6,91.9,74.56,25.71,NORMAL,0
2027-01-25T09:00:00,DG-001,84.09,0.221,355.7,71.0,76.7,77.25,27.73,NORMAL,0
2027-01-25T10:00:00,DG-001,84.31,0.307,397.4,79.9,67.3,76.72,26.03,NORMAL,0
2027-01-25T11:00:00,DG-001,113.44,1.472,415.2,100.9,27.1,103.15,21.02,FAILURE_PRECURSOR,1
2027-01-25T12:00:00,DG-001,83.2,0.211,402.7,79.9,54.7,76.25,27.37,NORMAL,0
2027-01-25T13:00:00,DG-001,82.92,0.226,379.0,76.1,98.4,75.75,26.38,NORMAL,0
2027-01-25T14:00:00,DG-001,111.11,1.06,530.2,107.6,35.2,104.9,22.6,FAILURE_PRECURSOR,1
2027-01-25T15:00:00,DG-001,83.49,0.248,393.4,80.7,41.8,77.26,26.69,NORMAL,0
2027-01-25T16:00:00,DG-001,84.04,0.292,373.9,75.9,80.4,75.61,27.26,NORMAL,0
2027-01-25T17:00:00,DG-001,79.56,0.358,316.2,63.2,97.2,75.0,27.82,NORMAL,0
2027-01-25T18:00:00,DG-001,79.44,0.23,278.6,56.2,89.6,75.33,27.18,NORMAL,0
2027-01-25T19:00:00,DG-001,108.66,1.355,455.6,95.3,42.4,107.38,21.3,FAILURE_PRECURSOR,1
2027-01-25T20:00:00,DG-001,97.21,0.653,402.3,83.9,65.9,88.02,24.23,WARNING,0
2027-01-25T21:00:00,DG-001,77.92,0.202,282.7,56.3,35.6,72.23,27.39,NORMAL,0
2027-01-25T22:00:00,DG-001,93.89,0.542,365.5,76.9,62.3,89.25,25.89,WARNING,0
2027-01-25T23:00:00,DG-001,96.15,0.436,406.9,85.2,79.3,91.43,25.95,WARNING,0
2027-01-26T00:00:00,DG-001,99.56,0.524,390.3,80.7,48.5,86.73,23.21,WARNING,0
2027-01-26T01:00:00,DG-001,81.85,0.271,287.7,58.0,98.3,74.68,26.05,NORMAL,0
2027-01-26T02:00:00,DG-001,109.34,0.817,430.1,88.8,22.2,102.88,21.58,FAILURE_PRECURSOR,1
2027-01-26T03:00:00,DG-001,84.72,0.187,378.6,75.0,57.9,75.27,27.91,NORMAL,0
2027-01-26T04:00:00,DG-001,82.64,0.215,351.3,70.2,20.7,74.2,26.64,NORMAL,0
2027-01-26T05:00:00,DG-001,79.48,0.177,273.5,53.9,60.7,72.78,26.63,NORMAL,0
2027-01-26T06:00:00,DG-001,81.55,0.279,328.0,65.2,33.4,75.56,27.56,NORMAL,0
2027-01-26T07:00:00,DG-001,104.65,1.093,430.0,103.8,31.4,104.33,21.07,FAILURE_PRECURSOR,1
2027-01-26T08:00:00,DG-001,80.66,0.259,262.4,50.8,80.5,73.67,25.15,NORMAL,0
2027-01-26T09:00:00,DG-001,95.86,0.657,382.3,80.6,47.1,87.58,24.13,WARNING,0
2027-01-26T10:00:00,DG-001,83.47,0.194,331.2,65.0,26.0,73.25,26.14,NORMAL,0
2027-01-26T11:00:00,DG-001,81.48,0.207,335.7,66.2,93.2,75.47,26.13,NORMAL,0
2027-01-26T12:00:00,DG-001,110.17,0.981,504.3,106.8,18.4,104.36,21.78,FAILURE_PRECURSOR,1
2027-01-26T13:00:00,DG-001,82.4,0.282,358.0,70.2,92.8,76.29,27.28,NORMAL,0
2027-01-26T14:00:00,DG-001,81.63,0.222,413.6,84.5,97.3,76.83,25.7,NORMAL,0
2027-01-26T15:00:00,DG-001,84.13,0.275,424.7,84.6,99.4,77.53,26.77,NORMAL,0
2027-01-26T16:00:00,DG-001,81.0,0.189,270.7,56.3,24.2,73.48,26.89,NORMAL,0
2027-01-26T17:00:00,DG-001,83.18,0.234,338.7,67.6,84.6,76.68,26.74,NORMAL,0
2027-01-26T18:00:00,DG-001,82.31,0.405,371.0,73.5,79.8,75.74,27.78,NORMAL,0
2027-01-26T19:00:00,DG-001,82.3,0.165,367.3,74.2,56.5,75.99,27.6,NORMAL,0
2027-01-26T20:00:00,DG-001,94.48,0.593,389.6,82.8,63.6,89.56,24.29,WARNING,0
2027-01-26T21:00:00,DG-001,81.27,0.208,310.5,61.2,34.7,76.2,26.26,NORMAL,0
2027-01-26T22:00:00,DG-001,83.63,0.219,303.8,63.1,29.6,76.22,26.28,NORMAL,0
2027-01-26T23:00:00,DG-001,100.06,0.64,433.3,88.4,36.7,88.43,23.79,WARNING,0
2027-01-27T00:00:00,DG-001,84.21,0.249,430.9,84.9,30.3,75.47,25.34,NORMAL,0
2027-01-27T01:00:00,DG-001,81.95,0.2,364.1,73.2,42.2,74.78,27.14,NORMAL,0
2027-01-27T02:00:00,DG-001,82.15,0.254,293.4,58.7,47.6,73.6,26.15,NORMAL,0
2027-01-27T03:00:00,DG-001,78.44,0.201,278.5,55.7,84.9,74.15,25.19,NORMAL,0
2027-01-27T04:00:00,DG-001,98.55,0.441,412.0,83.6,70.9,90.01,25.69,WARNING,0
2027-01-27T05:00:00,DG-001,79.27,0.208,268.4,53.3,54.1,74.96,25.02,NORMAL,0
2027-01-27T06:00:00,DG-001,80.37,0.251,252.2,50.1,85.4,75.13,27.31,NORMAL,0
2027-01-27T07:00:00,DG-001,81.84,0.151,337.4,66.6,89.9,75.89,25.19,NORMAL,0
2027-01-27T08:00:00,DG-001,82.29,0.209,363.0,72.9,97.2,76.63,26.92,NORMAL,0
2027-01-27T09:00:00,DG-001,83.08,0.132,330.4,65.2,65.5,75.91,27.09,NORMAL,0
2027-01-27T10:00:00,DG-001,80.83,0.146,277.9,53.8,53.0,74.39,27.41,NORMAL,0
2027-01-27T11:00:00,DG-001,79.04,0.236,357.2,70.6,59.1,76.02,26.39,NORMAL,0
2027-01-27T12:00:00,DG-001,82.26,0.265,334.6,67.3,62.6,74.55,27.69,NORMAL,0
2027-01-27T13:00:00,DG-001,79.91,0.187,318.6,62.1,53.9,74.92,25.67,NORMAL,0
2027-01-27T14:00:00,DG-001,77.12,0.32,313.0,62.3,60.9,76.05,26.79,NORMAL,0
2027-01-27T15:00:00,DG-001,84.15,0.236,320.1,63.1,97.2,74.91,26.18,NORMAL,0
2027-01-27T16:00:00,DG-001,82.8,0.2,348.5,68.2,56.9,74.7,27.85,NORMAL,0
2027-01-27T17:00:00,DG-001,83.96,0.274,400.5,79.6,83.3,77.0,26.87,NORMAL,0
2027-01-27T18:00:00,DG-001,82.83,0.214,379.6,75.5,48.8,74.61,27.6,NORMAL,0
2027-01-27T19:00:00,DG-001,85.07,0.285,414.4,84.3,91.7,76.34,25.05,NORMAL,0
2027-01-27T20:00:00,DG-001,82.01,0.259,287.1,58.1,83.2,75.97,26.73,NORMAL,0
2027-01-27T21:00:00,DG-001,99.03,0.67,378.5,82.7,70.0,88.3,23.66,WARNING,0
2027-01-27T22:00:00,DG-001,82.92,0.243,295.3,59.2,92.3,73.77,27.31,NORMAL,0
2027-01-27T23:00:00,DG-001,82.98,0.371,367.3,73.0,38.8,75.14,26.18,NORMAL,0
2027-01-28T00:00:00,DG-001,95.93,0.454,374.6,81.1,27.2,87.18,25.15,WARNING,0
2027-01-28T01:00:00,DG-001,82.01,0.212,306.8,62.0,79.8,73.81,26.31,NORMAL,0
2027-01-28T02:00:00,DG-001,81.43,0.286,361.0,73.5,92.0,77.03,27.59,NORMAL,0
2027-01-28T03:00:00,DG-001,99.52,0.413,408.4,84.6,33.0,89.42,24.6,WARNING,0
2027-01-28T04:00:00,DG-001,85.07,0.24,423.5,84.8,61.0,74.92,25.64,NORMAL,0
2027-01-28T05:00:00,DG-001,79.23,0.195,258.7,51.4,61.3,74.07,25.88,NORMAL,0
2027-01-28T06:00:00,DG-001,80.3,0.1,275.0,55.4,41.7,76.27,25.07,NORMAL,0
2027-01-28T07:00:00,DG-001,84.62,0.193,407.9,82.1,76.0,76.39,27.51,NORMAL,0
2027-01-28T08:00:00,DG-001,82.7,0.159,370.5,73.7,61.1,76.39,27.85,NORMAL,0
2027-01-28T09:00:00,DG-001,79.81,0.243,318.3,62.4,25.0,74.13,26.72,NORMAL,0
2027-01-28T10:00:00,DG-001,83.28,0.228,339.0,68.3,49.0,74.14,27.65,NORMAL,0
2027-01-28T11:00:00,DG-001,79.03,0.185,258.1,53.1,100.0,76.57,25.79,NORMAL,0
2027-01-28T12:00:00,DG-001,84.83,0.253,396.8,78.9,73.2,77.87,26.11,NORMAL,0
2027-01-28T13:00:00,DG-001,95.6,0.669,404.5,85.1,71.3,87.62,23.2,WARNING,0
2027-01-28T14:00:00,DG-001,79.87,0.149,271.6,54.2,22.2,75.63,25.68,NORMAL,0
2027-01-28T15:00:00,DG-001,80.6,0.268,315.4,64.0,64.8,74.45,25.81,NORMAL,0
2027-01-28T16:00:00,DG-001,100.62,0.49,439.9,94.2,16.0,89.36,23.21,WARNING,0
2027-01-28T17:00:00,DG-001,81.2,0.263,371.9,75.7,96.5,75.39,25.67,NORMAL,0
2027-01-28T18:00:00,DG-001,81.83,0.265,344.9,67.0,33.3,75.96,26.06,NORMAL,0
2027-01-28T19:00:00,DG-001,85.88,0.284,409.4,80.8,22.4,75.89,26.05,NORMAL,0
2027-01-28T20:00:00,DG-001,83.88,0.259,392.7,79.8,89.5,76.38,26.51,NORMAL,0
2027-01-28T21:00:00,DG-001,98.33,0.679,380.9,83.7,84.0,88.99,23.44,WARNING,0
2027-01-28T22:00:00,DG-001,79.77,0.056,271.6,53.8,60.2,75.34,27.6,NORMAL,0
2027-01-28T23:00:00,DG-001,83.26,0.224,360.0,71.9,96.8,75.93,25.02,NORMAL,0
2027-01-29T00:00:00,DG-001,112.92,1.511,509.4,108.6,22.1,108.4,23.77,FAILURE_PRECURSOR,1
2027-01-29T01:00:00,DG-001,115.56,1.403,480.7,100.1,46.1,105.74,20.35,FAILURE_PRECURSOR,1
2027-01-29T02:00:00,DG-001,83.12,0.318,407.1,81.8,93.4,77.67,25.98,NORMAL,0
2027-01-29T03:00:00,DG-001,110.71,1.12,395.6,96.9,45.4,105.36,21.98,FAILURE_PRECURSOR,1
2027-01-29T04:00:00,DG-001,80.47,0.288,384.7,75.8,75.7,76.17,26.66,NORMAL,0
2027-01-29T05:00:00,DG-001,97.19,0.531,358.3,76.0,25.5,87.8,25.29,WARNING,0
2027-01-29T06:00:00,DG-001,78.66,0.168,285.9,56.8,92.9,73.88,25.18,NORMAL,0
2027-01-29T07:00:00,DG-001,82.71,0.233,333.3,67.6,73.1,75.97,27.14,NORMAL,0
2027-01-29T08:00:00,DG-001,96.22,0.536,403.1,80.9,46.8,87.3,24.79,WARNING,0
2027-01-29T09:00:00,DG-001,110.09,0.905,431.8,96.1,11.7,103.98,22.29,FAILURE_PRECURSOR,1
2027-01-29T10:00:00,DG-001,78.31,0.228,289.8,57.7,23.9,74.23,26.95,NORMAL,0
2027-01-29T11:00:00,DG-001,94.72,0.468,421.6,85.2,25.7,88.2,23.07,WARNING,0
2027-01-29T12:00:00,DG-001,81.16,0.177,272.5,52.1,42.3,74.78,25.47,NORMAL,0
2027-01-29T13:00:00,DG-001,109.35,1.202,426.4,90.3,12.2,105.06,23.55,FAILURE_PRECURSOR,1
2027-01-29T14:00:00,DG-001,81.13,0.256,392.2,75.9,26.6,75.9,26.12,NORMAL,0
2027-01-29T15:00:00,DG-001,91.43,0.647,390.9,84.4,74.5,89.67,25.69,WARNING,0
2027-01-29T16:00:00,DG-001,81.05,0.259,356.3,70.0,22.2,74.64,26.26,NORMAL,0
2027-01-29T17:00:00,DG-001,107.83,0.855,419.4,88.6,46.3,108.43,20.62,FAILURE_PRECURSOR,1
2027-01-29T18:00:00,DG-001,78.98,0.311,344.6,68.5,21.6,75.01,25.04,NORMAL,0
2027-01-29T19:00:00,DG-001,79.88,0.202,284.5,56.4,27.9,73.22,27.65,NORMAL,0
2027-01-29T20:00:00,DG-001,79.19,0.247,289.2,56.5,26.2,73.7,27.3,NORMAL,0
2027-01-29T21:00:00,DG-001,80.54,0.241,307.7,58.9,65.9,74.18,26.31,NORMAL,0
2027-01-29T22:00:00,DG-001,93.32,0.567,394.5,77.8,29.0,89.29,24.42,WARNING,0
2027-01-29T23:00:00,DG-001,81.71,0.183,259.0,50.8,30.7,72.34,25.78,NORMAL,0
2027-01-30T00:00:00,DG-001,80.36,0.214,260.7,51.3,37.5,74.83,26.58,NORMAL,0
2027-01-30T01:00:00,DG-001,99.65,0.569,398.5,80.4,85.8,86.15,25.28,WARNING,0
2027-01-30T02:00:00,DG-001,81.91,0.132,277.0,54.2,83.0,73.21,26.88,NORMAL,0
2027-01-30T03:00:00,DG-001,98.71,0.464,458.7,94.9,66.3,90.08,25.12,WARNING,0
2027-01-30T04:00:00,DG-001,82.06,0.241,318.6,63.3,28.1,74.74,25.05,NORMAL,0
2027-01-30T05:00:00,DG-001,79.71,0.236,405.9,83.0,84.9,74.99,26.03,NORMAL,0
2027-01-30T06:00:00,DG-001,85.48,0.273,420.4,84.7,32.4,78.26,27.37,NORMAL,0
2027-01-30T07:00:00,DG-001,83.55,0.311,352.6,71.7,68.4,75.76,26.12,NORMAL,0
2027-01-30T08:00:00,DG-001,81.75,0.234,355.7,72.3,58.7,74.88,27.43,NORMAL,0
2027-01-30T09:00:00,DG-001,83.58,0.175,395.1,78.5,31.6,76.32,25.76,NORMAL,0
2027-01-30T10:00:00,DG-001,81.05,0.183,346.9,70.2,62.6,75.94,27.84,NORMAL,0
2027-01-30T11:00:00,DG-001,81.11,0.144,310.1,62.7,85.7,75.0,27.54,NORMAL,0
2027-01-30T12:00:00,DG-001,78.88,0.223,306.8,61.8,62.3,74.32,26.47,NORMAL,0
2027-01-30T13:00:00,DG-001,83.16,0.288,411.0,81.8,87.6,77.13,25.54,NORMAL,0
2027-01-30T14:00:00,DG-001,80.66,0.17,342.8,67.8,23.7,76.53,26.32,NORMAL,0
2027-01-30T15:00:00,DG-001,84.86,0.305,377.3,74.6,33.8,76.24,25.69,NORMAL,0
2027-01-30T16:00:00,DG-001,107.55,1.302,501.1,103.1,31.6,106.66,22.94,FAILURE_PRECURSOR,1
2027-01-30T17:00:00,DG-001,114.19,0.81,406.6,97.3,6.3,104.56,20.62,FAILURE_PRECURSOR,1
2027-01-30T18:00:00,DG-001,81.7,0.229,428.8,84.5,78.4,77.94,27.9,NORMAL,0
2027-01-30T19:00:00,DG-001,82.19,0.312,419.5,84.5,74.4,76.1,26.08,NORMAL,0
2027-01-30T20:00:00,DG-001,80.19,0.203,295.9,60.9,20.6,75.22,25.99,NORMAL,0
2027-01-30T21:00:00,DG-001,82.11,0.282,372.2,74.4,46.0,76.01,27.88,NORMAL,0
2027-01-30T22:00:00,DG-001,84.31,0.257,323.4,65.4,33.4,75.58,26.84,NORMAL,0
2027-01-30T23:00:00,DG-001,84.53,0.32,423.7,84.2,85.1,76.54,25.99,NORMAL,0
2027-01-31T00:00:00,DG-001,82.66,0.321,369.7,73.2,89.2,76.78,26.43,NORMAL,0
2027-01-31T01:00:00,DG-001,79.86,0.236,314.3,64.9,66.1,75.37,25.77,NORMAL,0
2027-01-31T02:00:00,DG-001,80.54,0.175,399.4,79.9,59.6,76.48,27.65,NORMAL,0
2027-01-31T03:00:00,DG-001,81.44,0.292,340.4,69.2,28.6,75.7,27.53,NORMAL,0
2027-01-31T04:00:00,DG-001,83.58,0.316,413.9,82.7,69.0,75.66,27.76,NORMAL,0
2027-01-31T05:00:00,DG-001,83.38,0.318,402.0,81.7,97.7,76.38,27.51,NORMAL,0
2027-01-31T06:00:00,DG-001,112.34,1.377,439.9,97.6,38.1,104.48,20.75,FAILURE_PRECURSOR,1
2027-01-31T07:00:00,DG-001,97.8,0.475,367.8,79.1,55.7,86.82,25.53,WARNING,0
2027-01-31T08:00:00,DG-001,82.99,0.264,376.0,75.0,29.3,75.02,27.03,NORMAL,0
2027-01-31T09:00:00,DG-001,78.59,0.178,248.9,51.1,29.7,74.35,27.37,NORMAL,0
2027-01-31T10:00:00,DG-001,100.16,0.448,361.6,77.0,67.7,89.09,25.0,WARNING,0
2027-01-31T11:00:00,DG-001,98.87,0.437,461.0,93.2,33.7,89.64,25.33,WARNING,0
2027-01-31T12:00:00,DG-001,94.62,0.666,382.9,80.9,51.6,89.91,23.39,WARNING,0
2027-01-31T13:00:00,DG-001,81.6,0.343,401.9,80.7,69.8,75.08,25.21,NORMAL,0
2027-01-31T14:00:00,DG-001,81.8,0.207,333.3,67.2,60.1,78.07,25.01,NORMAL,0
2027-01-31T15:00:00,DG-001,84.05,0.23,380.4,73.7,95.7,75.55,26.83,NORMAL,0
2027-01-31T16:00:00,DG-001,79.94,0.176,267.8,53.5,69.2,74.11,25.33,NORMAL,0
2027-01-31T17:00:00,DG-001,109.59,1.455,371.9,88.2,27.0,103.21,21.84,FAILURE_PRECURSOR,1
2027-01-31T18:00:00,DG-001,83.52,0.268,335.4,66.6,90.4,74.33,26.66,NORMAL,0
2027-01-31T19:00:00,DG-001,80.13,0.174,280.2,56.7,29.3,74.28,26.54,NORMAL,0
2027-01-31T20:00:00,DG-001,79.87,0.237,255.1,51.2,52.5,72.27,25.47,NORMAL,0
2027-01-31T21:00:00,DG-001,84.2,0.204,306.9,60.7,35.9,74.55,25.28,NORMAL,0
2027-01-31T22:00:00,DG-001,80.0,0.187,304.2,60.5,85.1,74.78,26.34,NORMAL,0
2027-01-31T23:00:00,DG-001,80.96,0.207,259.3,50.5,89.7,76.62,27.01,NORMAL,0
2027-02-01T00:00:00,DG-001,83.26,0.305,325.1,64.2,44.4,74.19,25.84,NORMAL,0
2027-02-01T01:00:00,DG-001,83.21,0.21,344.7,69.3,45.7,75.81,25.48,NORMAL,0
2027-02-01T02:00:00,DG-001,79.82,0.205,308.1,62.0,87.0,72.9,27.95,NORMAL,0
2027-02-01T03:00:00,DG-001,99.85,0.504,408.1,86.2,53.6,86.35,25.33,WARNING,0
2027-02-01T04:00:00,DG-001,99.11,0.449,414.6,86.4,39.7,89.0,23.75,WARNING,0
2027-02-01T05:00:00,DG-001,81.18,0.202,265.8,52.6,67.3,74.76,27.13,NORMAL,0
2027-02-01T06:00:00,DG-001,80.85,0.226,351.8,70.1,58.4,76.99,27.23,NORMAL,0
2027-02-01T07:00:00,DG-001,83.44,0.227,383.1,74.9,76.2,75.36,25.98,NORMAL,0
2027-02-01T08:00:00,DG-001,84.21,0.321,417.2,82.5,56.2,76.13,27.3,NORMAL,0
2027-02-01T09:00:00,DG-001,82.87,0.209,280.4,56.1,39.1,76.33,25.61,NORMAL,0
2027-02-01T10:00:00,DG-001,80.89,0.214,277.0,56.2,21.0,75.3,27.12,NORMAL,0
2027-02-01T11:00:00,DG-001,110.04,1.552,420.2,100.4,43.4,104.11,21.58,FAILURE_PRECURSOR,1
2027-02-01T12:00:00,DG-001,113.59,1.558,519.6,107.9,42.7,105.79,21.39,FAILURE_PRECURSOR,1
2027-02-01T13:00:00,DG-001,83.59,0.239,349.5,71.3,73.3,72.88,27.48,NORMAL,0
2027-02-01T14:00:00,DG-001,111.14,1.541,445.7,98.7,47.3,103.54,22.5,FAILURE_PRECURSOR,1
2027-02-01T15:00:00,DG-001,81.07,0.254,373.7,75.6,33.3,75.6,25.5,NORMAL,0
2027-02-01T16:00:00,DG-001,106.88,1.252,383.3,92.5,17.4,105.7,20.14,FAILURE_PRECURSOR,1
2027-02-01T17:00:00,DG-001,79.82,0.164,254.9,50.5,99.5,72.94,25.52,NORMAL,0
2027-02-01T18:00:00,DG-001,80.31,0.173,274.6,55.2,59.1,75.75,25.42,NORMAL,0
2027-02-01T19:00:00,DG-001,84.17,0.176,338.9,67.6,48.4,75.57,27.22,NORMAL,0
2027-02-01T20:00:00,DG-001,83.31,0.196,368.9,72.5,68.1,77.06,26.0,NORMAL,0
2027-02-01T21:00:00,DG-001,79.77,0.28,274.1,56.6,82.4,74.92,25.71,NORMAL,0
2027-02-01T22:00:00,DG-001,98.22,0.643,456.6,91.7,29.9,88.51,25.07,WARNING,0
2027-02-01T23:00:00,DG-001,80.34,0.257,277.4,55.7,87.8,73.41,27.18,NORMAL,0
2027-02-02T00:00:00,DG-001,83.11,0.362,385.4,76.0,91.7,75.41,27.37,NORMAL,0
2027-02-02T01:00:00,DG-001,80.43,0.224,254.5,50.9,79.0,74.67,25.4,NORMAL,0
2027-02-02T02:00:00,DG-001,84.3,0.27,397.3,79.9,59.6,77.69,26.81,NORMAL,0
2027-02-02T03:00:00,DG-001,81.26,0.153,352.0,71.3,69.6,76.79,25.68,NORMAL,0
2027-02-02T04:00:00,DG-001,96.86,0.471,366.7,77.5,48.7,91.75,24.02,WARNING,0
2027-02-02T05:00:00,DG-001,98.37,0.457,438.7,93.3,80.7,91.12,25.16,WARNING,0
2027-02-02T06:00:00,DG-001,77.93,0.282,336.5,67.1,93.9,76.54,27.16,NORMAL,0
2027-02-02T07:00:00,DG-001,98.49,0.656,410.7,81.8,66.4,88.01,25.72,WARNING,0
2027-02-02T08:00:00,DG-001,81.42,0.115,281.7,54.9,63.8,73.58,27.31,NORMAL,0
2027-02-02T09:00:00,DG-001,100.52,0.591,418.1,88.6,36.3,89.56,25.03,WARNING,0
2027-02-02T10:00:00,DG-001,96.22,0.566,415.0,82.5,50.3,86.91,24.74,WARNING,0
2027-02-02T11:00:00,DG-001,80.4,0.265,360.2,71.3,54.8,75.35,26.65,NORMAL,0
2027-02-02T12:00:00,DG-001,109.93,0.86,464.5,105.3,6.2,109.93,23.01,FAILURE_PRECURSOR,1
2027-02-02T13:00:00,DG-001,81.75,0.211,358.9,71.7,56.4,76.29,26.12,NORMAL,0
2027-02-02T14:00:00,DG-001,78.17,0.195,331.0,63.9,21.1,73.87,25.51,NORMAL,0
2027-02-02T15:00:00,DG-001,84.67,0.199,419.7,84.3,98.7,76.75,27.98,NORMAL,0
2027-02-02T16:00:00,DG-001,82.37,0.279,390.5,78.6,64.7,75.82,26.88,NORMAL,0
2027-02-02T17:00:00,DG-001,81.61,0.274,337.4,66.2,72.1,74.07,25.65,NORMAL,0
2027-02-02T18:00:00,DG-001,115.31,1.185,436.1,109.4,16.5,104.1,23.24,FAILURE_PRECURSOR,1
2027-02-02T19:00:00,DG-001,80.64,0.257,314.4,62.1,40.4,76.66,25.99,NORMAL,0
2027-02-02T20:00:00,DG-001,98.66,0.519,410.6,85.2,19.1,89.26,24.78,WARNING,0
2027-02-02T21:00:00,DG-001,111.97,1.179,412.6,90.7,47.7,107.36,20.02,FAILURE_PRECURSOR,1
2027-02-02T22:00:00,DG-001,81.06,0.137,272.1,53.1,75.0,75.05,27.14,NORMAL,0
2027-02-02T23:00:00,DG-001,95.98,0.415,374.9,81.8,72.6,87.14,25.98,WARNING,0
2027-02-03T00:00:00,DG-001,79.51,0.219,284.8,57.2,48.6,74.27,25.01,NORMAL,0
2027-02-03T01:00:00,DG-001,83.57,0.283,415.3,82.3,29.9,76.08,25.74,NORMAL,0
2027-02-03T02:00:00,DG-001,85.03,0.155,415.8,83.7,84.7,75.37,25.84,NORMAL,0
2027-02-03T03:00:00,DG-001,112.02,0.988,455.7,90.1,26.1,102.69,20.67,FAILURE_PRECURSOR,1
2027-02-03T04:00:00,DG-001,98.31,0.426,397.2,79.7,51.6,87.52,23.63,WARNING,0
2027-02-03T05:00:00,DG-001,113.33,1.291,492.6,109.9,17.4,107.17,20.12,FAILURE_PRECURSOR,1
2027-02-03T06:00:00,DG-001,82.58,0.249,382.1,77.4,22.8,76.49,26.49,NORMAL,0
2027-02-03T07:00:00,DG-001,81.85,0.274,409.7,81.8,27.5,75.98,26.72,NORMAL,0
2027-02-03T08:00:00,DG-001,79.18,0.162,303.0,61.1,22.4,75.95,25.99,NORMAL,0
2027-02-03T09:00:00,DG-001,97.01,0.638,393.2,88.2,83.9,88.28,23.06,WARNING,0
2027-02-03T10:00:00,DG-001,77.86,0.25,313.7,60.4,99.9,75.56,26.09,NORMAL,0
2027-02-03T11:00:00,DG-001,98.62,0.485,444.7,93.1,19.6,88.23,23.94,WARNING,0
2027-02-03T12:00:00,DG-001,81.53,0.204,275.1,56.1,65.5,76.15,27.4,NORMAL,0
2027-02-03T13:00:00,DG-001,80.79,0.243,265.8,55.1,34.4,72.55,27.3,NORMAL,0
2027-02-03T14:00:00,DG-001,80.3,0.163,268.3,52.2,88.8,73.38,27.96,NORMAL,0
2027-02-03T15:00:00,DG-001,80.07,0.235,317.3,63.2,76.5,75.64,26.51,NORMAL,0
2027-02-03T16:00:00,DG-001,83.42,0.242,398.4,79.8,91.3,76.55,26.44,NORMAL,0
2027-02-03T17:00:00,DG-001,110.62,1.03,483.2,105.3,31.1,103.23,22.23,FAILURE_PRECURSOR,1
2027-02-03T18:00:00,DG-001,98.32,0.581,392.2,82.2,74.1,89.53,24.72,WARNING,0
2027-02-03T19:00:00,DG-001,78.8,0.28,271.3,53.6,96.3,74.11,26.22,NORMAL,0
2027-02-03T20:00:00,DG-001,80.09,0.243,315.3,62.0,42.6,74.62,27.29,NORMAL,0
2027-02-03T21:00:00,DG-001,80.71,0.259,334.4,67.7,35.3,75.47,26.19,NORMAL,0
2027-02-03T22:00:00,DG-001,80.02,0.267,310.1,61.6,45.7,76.98,27.41,NORMAL,0
2027-02-03T23:00:00,DG-001,114.43,1.231,449.3,92.4,20.6,104.57,21.67,FAILURE_PRECURSOR,1
2027-02-04T00:00:00,DG-001,86.1,0.353,358.4,72.7,44.9,76.56,26.46,NORMAL,0
2027-02-04T01:00:00,DG-001,95.42,0.478,380.2,78.8,34.9,85.61,25.75,WARNING,0
2027-02-04T02:00:00,DG-001,82.32,0.27,421.9,84.1,75.4,74.97,25.22,NORMAL,0
2027-02-04T03:00:00,DG-001,81.11,0.159,374.0,74.8,28.4,77.29,27.12,NORMAL,0
2027-02-04T04:00:00,DG-001,98.59,0.684,425.4,90.7,69.5,87.71,24.24,WARNING,0
2027-02-04T05:00:00,DG-001,83.43,0.276,394.5,78.4,46.8,77.51,25.22,NORMAL,0
2027-02-04T06:00:00,DG-001,97.01,0.496,448.5,90.9,45.9,89.61,24.65,WARNING,0
2027-02-04T07:00:00,DG-001,80.39,0.154,290.5,56.9,80.4,74.72,25.65,NORMAL,0
2027-02-04T08:00:00,DG-001,80.31,0.188,357.0,72.2,97.2,76.7,25.99,NORMAL,0
2027-02-04T09:00:00,DG-001,108.86,1.168,440.7,85.0,23.1,103.62,21.83,FAILURE_PRECURSOR,1
2027-02-04T10:00:00,DG-001,93.48,0.579,393.2,80.4,29.1,91.72,25.52,WARNING,0
2027-02-04T11:00:00,DG-001,81.89,0.234,260.7,52.2,30.0,74.06,27.51,NORMAL,0
2027-02-04T12:00:00,DG-001,82.16,0.158,302.5,60.3,88.1,73.9,27.77,NORMAL,0
2027-02-04T13:00:00,DG-001,99.14,0.67,399.7,81.1,17.1,89.43,23.7,WARNING,0
2027-02-04T14:00:00,DG-001,81.49,0.193,381.4,76.8,49.8,76.85,27.23,NORMAL,0
2027-02-04T15:00:00,DG-001,82.93,0.277,415.7,82.2,65.2,77.76,26.99,NORMAL,0
2027-02-04T16:00:00,DG-001,79.61,0.233,272.8,54.7,51.8,73.5,25.28,NORMAL,0
2027-02-04T17:00:00,DG-001,79.88,0.198,309.3,62.0,94.1,74.38,27.67,NORMAL,0
2027-02-04T18:00:00,DG-001,81.08,0.25,377.4,74.3,93.3,76.08,25.89,NORMAL,0
2027-02-04T19:00:00,DG-001,101.54,0.632,377.7,80.3,78.8,89.47,23.3,WARNING,0
2027-02-04T20:00:00,DG-001,80.24,0.266,333.1,66.8,37.8,75.19,26.79,NORMAL,0
2027-02-04T21:00:00,DG-001,83.59,0.239,401.7,79.7,57.8,76.87,26.04,NORMAL,0
2027-02-04T22:00:00,DG-001,78.93,0.22,261.0,51.3,69.7,73.5,26.91,NORMAL,0
2027-02-04T23:00:00,DG-001,83.4,0.22,363.9,73.4,84.8,76.32,27.49,NORMAL,0
2027-02-05T00:00:00,DG-001,81.14,0.37,413.7,83.1,20.4,75.94,27.19,NORMAL,0
2027-02-05T01:00:00,DG-001,80.61,0.205,285.3,55.6,55.4,75.1,26.85,NORMAL,0
2027-02-05T02:00:00,DG-001,79.68,0.234,291.7,57.7,83.3,74.2,27.88,NORMAL,0
2027-02-05T03:00:00,DG-001,85.23,0.307,399.7,80.4,36.6,77.49,27.35,NORMAL,0
2027-02-05T04:00:00,DG-001,79.85,0.331,394.1,78.4,60.6,76.29,27.68,NORMAL,0
2027-02-05T05:00:00,DG-001,82.7,0.257,359.3,71.5,69.7,74.72,25.68,NORMAL,0
2027-02-05T06:00:00,DG-001,84.13,0.276,389.6,78.3,83.1,75.25,26.45,NORMAL,0
2027-02-05T07:00:00,DG-001,85.85,0.203,410.7,82.4,79.5,74.34,27.31,NORMAL,0
2027-02-05T08:00:00,DG-001,79.13,0.168,249.9,50.4,47.3,73.79,27.42,NORMAL,0
2027-02-05T09:00:00,DG-001,98.11,0.426,421.0,93.6,55.3,89.98,23.54,WARNING,0
2027-02-05T10:00:00,DG-001,80.74,0.249,422.7,84.7,49.6,74.71,26.11,NORMAL,0
2027-02-05T11:00:00,DG-001,97.07,0.476,403.7,85.0,89.9,90.62,23.44,WARNING,0
2027-02-05T12:00:00,DG-001,81.86,0.299,373.0,74.8,100.0,74.8,26.45,NORMAL,0
2027-02-05T13:00:00,DG-001,83.0,0.307,369.3,73.0,90.5,76.15,26.7,NORMAL,0
2027-02-05T14:00:00,DG-001,82.12,0.312,332.1,68.1,54.2,74.13,25.6,NORMAL,0
2027-02-05T15:00:00,DG-001,83.04,0.291,354.4,70.2,71.2,75.64,25.59,NORMAL,0
2027-02-05T16:00:00,DG-001,83.69,0.283,363.7,73.6,77.1,76.24,25.13,NORMAL,0
2027-02-05T17:00:00,DG-001,97.13,0.69,356.0,75.7,73.6,85.76,23.96,WARNING,0
2027-02-05T18:00:00,DG-001,80.31,0.258,256.0,52.0,98.8,73.44,27.72,NORMAL,0
2027-02-05T19:00:00,DG-001,93.27,0.473,370.2,79.8,34.2,87.24,23.54,WARNING,0
2027-02-05T20:00:00,DG-001,80.51,0.214,352.4,71.4,50.7,76.03,25.44,NORMAL,0
2027-02-05T21:00:00,DG-001,81.08,0.326,371.7,75.5,69.2,76.65,26.48,NORMAL,0
2027-02-05T22:00:00,DG-001,83.62,0.279,261.7,52.8,88.0,74.53,26.01,NORMAL,0
2027-02-05T23:00:00,DG-001,81.83,0.237,308.8,60.7,24.7,73.71,25.28,NORMAL,0
2027-02-06T00:00:00,DG-001,82.57,0.266,336.7,67.2,41.7,73.54,27.27,NORMAL,0
2027-02-06T01:00:00,DG-001,80.65,0.155,254.1,52.1,33.5,74.16,25.02,NORMAL,0
2027-02-06T02:00:00,DG-001,78.18,0.18,269.8,53.3,81.8,77.21,27.95,NORMAL,0
2027-02-06T03:00:00,DG-001,111.38,0.833,456.3,99.4,47.9,106.92,20.44,FAILURE_PRECURSOR,1
2027-02-06T04:00:00,DG-001,112.43,0.924,398.6,101.4,23.3,106.76,23.72,FAILURE_PRECURSOR,1
2027-02-06T05:00:00,DG-001,82.63,0.158,352.7,72.3,31.2,74.52,27.59,NORMAL,0
2027-02-06T06:00:00,DG-001,81.1,0.13,250.0,50.2,75.3,73.6,27.64,NORMAL,0
2027-02-06T07:00:00,DG-001,83.62,0.31,418.2,84.7,65.9,77.8,27.77,NORMAL,0
2027-02-06T08:00:00,DG-001,82.61,0.225,336.5,66.1,62.8,75.71,26.54,NORMAL,0
2027-02-06T09:00:00,DG-001,80.3,0.185,327.8,66.1,93.1,75.16,27.86,NORMAL,0
2027-02-06T10:00:00,DG-001,96.21,0.619,393.7,86.4,38.3,90.25,24.04,WARNING,0
2027-02-06T11:00:00,DG-001,81.22,0.222,283.0,55.1,24.8,73.46,25.77,NORMAL,0
2027-02-06T12:00:00,DG-001,109.57,0.872,347.0,87.6,42.4,105.89,23.55,FAILURE_PRECURSOR,1
2027-02-06T13:00:00,DG-001,95.88,0.427,441.6,89.7,22.2,87.2,24.89,WARNING,0
2027-02-06T14:00:00,DG-001,97.28,0.621,428.2,88.9,21.4,89.31,25.37,WARNING,0
2027-02-06T15:00:00,DG-001,110.37,0.943,406.8,90.5,7.8,104.96,21.11,FAILURE_PRECURSOR,1
2027-02-06T16:00:00,DG-001,94.54,0.481,370.7,76.0,16.7,86.96,23.11,WARNING,0
2027-02-06T17:00:00,DG-001,78.19,0.153,265.5,53.1,94.9,76.69,27.04,NORMAL,0
2027-02-06T18:00:00,DG-001,96.71,0.521,435.6,93.7,45.4,87.6,23.64,WARNING,0
2027-02-06T19:00:00,DG-001,81.11,0.194,295.4,58.3,70.3,74.11,27.77,NORMAL,0
2027-02-06T20:00:00,DG-001,86.01,0.214,360.4,72.4,63.5,76.93,27.73,NORMAL,0
2027-02-06T21:00:00,DG-001,82.07,0.169,353.9,71.4,77.7,75.31,27.6,NORMAL,0
2027-02-06T22:00:00,DG-001,79.85,0.187,304.4,60.9,27.6,73.96,26.44,NORMAL,0
2027-02-06T23:00:00,DG-001,84.32,0.221,406.3,81.4,35.1,76.43,25.24,NORMAL,0
2027-02-07T00:00:00,DG-001,81.68,0.2,277.5,56.9,97.3,75.45,27.87,NORMAL,0
2027-02-07T01:00:00,DG-001,84.39,0.192,371.9,76.3,26.4,76.41,25.81,NORMAL,0
2027-02-07T02:00:00,DG-001,81.48,0.287,372.8,75.3,54.3,75.75,27.38,NORMAL,0
2027-02-07T03:00:00,DG-001,98.55,0.679,398.7,81.1,89.4,86.61,24.75,WARNING,0
2027-02-07T04:00:00,DG-001,97.03,0.681,459.8,91.7,37.8,85.64,23.58,WARNING,0
2027-02-07T05:00:00,DG-001,81.1,0.171,373.7,73.1,63.6,75.21,26.55,NORMAL,0
2027-02-07T06:00:00,DG-001,78.84,0.152,286.3,58.7,73.3,73.92,26.93,NORMAL,0
2027-02-07T07:00:00,DG-001,81.43,0.276,282.6,56.6,60.9,75.14,27.55,NORMAL,0
2027-02-07T08:00:00,DG-001,83.79,0.226,417.7,82.2,49.0,75.31,26.49,NORMAL,0
2027-02-07T09:00:00,DG-001,79.94,0.241,359.6,70.8,76.0,76.28,27.27,NORMAL,0
2027-02-07T10:00:00,DG-001,81.9,0.179,394.7,77.4,89.5,76.44,25.42,NORMAL,0
2027-02-07T11:00:00,DG-001,82.37,0.12,408.9,80.7,60.7,75.9,25.03,NORMAL,0
2027-02-07T12:00:00,DG-001,109.43,1.49,420.4,99.7,15.8,108.55,20.84,FAILURE_PRECURSOR,1
2027-02-07T13:00:00,DG-001,80.61,0.213,381.8,75.5,60.2,78.18,25.18,NORMAL,0
2027-02-07T14:00:00,DG-001,82.06,0.275,391.9,77.2,58.5,76.25,26.87,NORMAL,0
2027-02-07T15:00:00,DG-001,97.81,0.659,444.4,94.3,16.4,90.35,23.9,WARNING,0
2027-02-07T16:00:00,DG-001,79.46,0.198,249.8,51.4,27.5,73.98,27.92,NORMAL,0
2027-02-07T17:00:00,DG-001,79.94,0.27,331.7,67.4,40.6,75.46,25.14,NORMAL,0
2027-02-07T18:00:00,DG-001,109.38,1.282,364.3,85.3,27.2,104.57,20.26,FAILURE_PRECURSOR,1
2027-02-07T19:00:00,DG-001,81.42,0.3,321.4,64.1,83.2,75.33,26.67,NORMAL,0
2027-02-07T20:00:00,DG-001,81.36,0.221,283.3,57.0,69.9,75.01,26.21,NORMAL,0
2027-02-07T21:00:00,DG-001,79.98,0.283,304.0,61.0,36.8,75.6,25.66,NORMAL,0
2027-02-07T22:00:00,DG-001,82.45,0.173,320.1,62.9,97.8,74.77,26.65,NORMAL,0
2027-02-07T23:00:00,DG-001,83.02,0.267,294.3,59.9,90.4,75.0,25.16,NORMAL,0
2027-02-08T00:00:00,DG-001,97.14,0.628,390.2,83.7,39.8,89.67,25.25,WARNING,0
2027-02-08T01:00:00,DG-001,82.84,0.284,361.4,72.7,29.4,75.68,25.13,NORMAL,0
2027-02-08T02:00:00,DG-001,78.12,0.218,305.2,62.0,88.3,74.04,26.34,NORMAL,0
2027-02-08T03:00:00,DG-001,97.03,0.697,434.9,92.7,80.0,87.46,25.94,WARNING,0
2027-02-08T04:00:00,DG-001,82.76,0.216,246.3,51.6,38.9,73.7,25.62,NORMAL,0
2027-02-08T05:00:00,DG-001,83.95,0.253,404.0,80.0,76.0,76.02,27.76,NORMAL,0
2027-02-08T06:00:00,DG-001,79.06,0.348,333.2,66.0,32.1,75.98,25.04,NORMAL,0
2027-02-08T07:00:00,DG-001,81.27,0.192,379.5,73.5,84.4,74.88,27.71,NORMAL,0
2027-02-08T08:00:00,DG-001,82.82,0.317,385.8,76.9,38.0,76.02,27.89,NORMAL,0
2027-02-08T09:00:00,DG-001,100.91,0.513,336.5,75.8,40.2,87.04,25.47,WARNING,0
2027-02-08T10:00:00,DG-001,81.09,0.243,377.9,73.8,81.1,75.08,27.32,NORMAL,0
2027-02-08T11:00:00,DG-001,93.89,0.662,365.1,75.7,55.9,89.75,23.48,WARNING,0
2027-02-08T12:00:00,DG-001,84.48,0.348,419.6,83.8,40.7,78.05,25.18,NORMAL,0
2027-02-08T13:00:00,DG-001,109.68,1.128,490.6,106.3,41.0,106.17,22.43,FAILURE_PRECURSOR,1
2027-02-08T14:00:00,DG-001,81.93,0.175,354.1,71.4,53.8,74.4,27.07,NORMAL,0
2027-02-08T15:00:00,DG-001,81.24,0.228,376.9,77.0,25.1,75.49,25.46,NORMAL,0
2027-02-08T16:00:00,DG-001,97.21,0.527,390.9,81.0,19.3,88.18,25.43,WARNING,0
2027-02-08T17:00:00,DG-001,78.52,0.167,263.9,51.7,48.1,73.65,27.39,NORMAL,0
2027-02-08T18:00:00,DG-001,83.65,0.175,319.8,63.0,63.1,72.88,25.35,NORMAL,0
2027-02-08T19:00:00,DG-001,82.69,0.208,410.1,81.1,33.3,76.46,25.77,NORMAL,0
2027-02-08T20:00:00,DG-001,81.01,0.259,282.3,55.4,94.2,74.21,25.89,NORMAL,0
2027-02-08T21:00:00,DG-001,98.74,0.519,360.0,75.4,63.1,86.69,23.32,WARNING,0
2027-02-08T22:00:00,DG-001,81.11,0.3,268.8,55.2,82.4,73.87,25.27,NORMAL,0
2027-02-08T23:00:00,DG-001,82.16,0.166,364.1,71.4,21.4,74.58,25.06,NORMAL,0
2027-02-09T00:00:00,DG-001,80.39,0.173,273.1,55.4,85.9,73.12,27.02,NORMAL,0
2027-02-09T01:00:00,DG-001,83.52,0.235,372.2,75.1,49.1,76.48,26.85,NORMAL,0
2027-02-09T02:00:00,DG-001,81.67,0.162,324.3,63.7,77.3,76.7,25.71,NORMAL,0
2027-02-09T03:00:00,DG-001,98.47,0.407,442.4,92.3,75.9,87.61,23.5,WARNING,0
2027-02-09T04:00:00,DG-001,77.89,0.207,271.3,53.0,86.8,75.35,26.76,NORMAL,0
2027-02-09T05:00:00,DG-001,80.88,0.2,286.1,56.6,37.9,74.98,25.61,NORMAL,0
2027-02-09T06:00:00,DG-001,81.91,0.181,271.9,55.4,21.3,74.94,25.59,NORMAL,0
2027-02-09T07:00:00,DG-001,84.24,0.237,343.8,69.7,46.8,76.18,25.1,NORMAL,0
2027-02-09T08:00:00,DG-001,83.06,0.237,355.3,71.0,72.5,74.14,27.08,NORMAL,0
2027-02-09T09:00:00,DG-001,82.15,0.198,290.2,56.9,84.9,73.77,25.21,NORMAL,0
2027-02-09T10:00:00,DG-001,96.4,0.66,379.7,80.3,65.3,86.59,25.94,WARNING,0
2027-02-09T11:00:00,DG-001,96.96,0.512,435.5,89.9,39.5,90.57,24.97,WARNING,0
2027-02-09T12:00:00,DG-001,109.84,1.399,465.4,106.4,45.0,102.77,23.49,FAILURE_PRECURSOR,1
2027-02-09T13:00:00,DG-001,108.77,0.863,441.4,88.7,15.8,104.41,21.16,FAILURE_PRECURSOR,1
2027-02-09T14:00:00,DG-001,77.93,0.207,338.1,66.9,77.7,76.82,26.46,NORMAL,0
2027-02-09T15:00:00,DG-001,80.79,0.21,397.5,81.2,26.2,76.81,25.81,NORMAL,0
2027-02-09T16:00:00,DG-001,84.19,0.354,405.8,81.9,21.3,74.68,25.86,NORMAL,0
2027-02-09T17:00:00,DG-001,80.9,0.241,257.2,52.5,83.8,72.99,26.71,NORMAL,0
2027-02-09T18:00:00,DG-001,80.63,0.215,255.8,51.0,33.9,73.86,25.76,NORMAL,0
2027-02-09T19:00:00,DG-001,83.33,0.235,349.5,69.3,89.9,74.12,26.23,NORMAL,0
2027-02-09T20:00:00,DG-001,80.31,0.211,263.6,52.9,75.5,75.04,26.81,NORMAL,0
2027-02-09T21:00:00,DG-001,108.37,0.845,363.2,87.8,33.3,102.58,23.2,FAILURE_PRECURSOR,1
2027-02-09T22:00:00,DG-001,83.18,0.224,351.9,69.8,36.5,75.26,27.5,NORMAL,0
2027-02-09T23:00:00,DG-001,82.0,0.155,343.3,68.3,70.7,77.55,26.28,NORMAL,0
2027-02-10T00:00:00,DG-001,83.59,0.193,346.7,67.9,29.9,74.27,26.85,NORMAL,0
2027-02-10T01:00:00,DG-001,80.27,0.26,285.1,57.4,45.1,75.94,25.34,NORMAL,0
2027-02-10T02:00:00,DG-001,83.77,0.254,411.0,80.1,62.9,77.44,27.66,NORMAL,0
2027-02-10T03:00:00,DG-001,79.76,0.186,304.7,59.5,44.6,75.21,27.72,NORMAL,0
2027-02-10T04:00:00,DG-001,83.66,0.175,266.5,52.3,98.0,72.54,26.85,NORMAL,0
2027-02-10T05:00:00,DG-001,76.02,0.108,270.8,52.6,84.0,73.42,27.77,NORMAL,0
2027-02-10T06:00:00,DG-001,82.79,0.178,311.8,62.3,71.0,75.89,25.96,NORMAL,0
2027-02-10T07:00:00,DG-001,85.69,0.257,414.1,83.3,32.1,76.58,27.66,NORMAL,0
2027-02-10T08:00:00,DG-001,80.95,0.169,278.8,53.8,79.9,73.88,25.09,NORMAL,0
2027-02-10T09:00:00,DG-001,82.64,0.264,324.6,65.2,82.4,75.57,25.31,NORMAL,0
2027-02-10T10:00:00,DG-001,82.0,0.237,314.0,63.6,86.1,74.81,26.27,NORMAL,0
2027-02-10T11:00:00,DG-001,82.36,0.264,286.7,56.0,54.3,74.23,25.61,NORMAL,0
2027-02-10T12:00:00,DG-001,84.24,0.259,418.2,82.8,64.0,75.29,27.19,NORMAL,0
2027-02-10T13:00:00,DG-001,79.5,0.268,387.1,76.9,74.8,76.72,27.97,NORMAL,0
2027-02-10T14:00:00,DG-001,79.13,0.17,239.4,50.2,75.3,74.24,25.84,NORMAL,0
2027-02-10T15:00:00,DG-001,81.89,0.172,292.5,57.5,83.1,74.59,26.97,NORMAL,0
2027-02-10T16:00:00,DG-001,80.73,0.191,324.8,64.9,57.3,74.68,25.8,NORMAL,0
2027-02-10T17:00:00,DG-001,80.11,0.268,350.9,68.9,37.0,74.85,26.92,NORMAL,0
2027-02-10T18:00:00,DG-001,82.24,0.266,381.7,77.8,96.4,76.05,27.94,NORMAL,0
2027-02-10T19:00:00,DG-001,107.42,1.036,414.5,99.9,12.6,103.84,20.39,FAILURE_PRECURSOR,1
2027-02-10T20:00:00,DG-001,80.24,0.236,253.2,50.9,86.8,72.86,26.13,NORMAL,0
2027-02-10T21:00:00,DG-001,80.21,0.302,318.4,65.0,29.5,73.98,27.29,NORMAL,0
2027-02-10T22:00:00,DG-001,94.53,0.518,343.1,76.4,57.6,88.25,24.36,WARNING,0
2027-02-10T23:00:00,DG-001,78.83,0.22,289.9,56.7,80.2,74.99,26.35,NORMAL,0
2027-02-11T00:00:00,DG-001,81.71,0.105,257.6,50.1,83.3,74.94,26.45,NORMAL,0
2027-02-11T01:00:00,DG-001,98.3,0.401,388.1,81.7,61.4,88.65,25.61,WARNING,0
2027-02-11T02:00:00,DG-001,78.4,0.175,296.3,58.7,61.0,73.85,25.29,NORMAL,0
2027-02-11T03:00:00,DG-001,83.31,0.322,419.3,83.4,93.8,77.17,25.08,NORMAL,0
2027-02-11T04:00:00,DG-001,80.93,0.284,369.8,73.5,39.3,77.19,26.08,NORMAL,0
2027-02-11T05:00:00,DG-001,97.05,0.636,403.3,84.2,16.4,87.39,25.78,WARNING,0
2027-02-11T06:00:00,DG-001,80.07,0.245,296.4,58.4,92.1,74.04,27.27,NORMAL,0
2027-02-11T07:00:00,DG-001,109.14,1.435,506.1,104.3,19.8,107.12,20.46,FAILURE_PRECURSOR,1
2027-02-11T08:00:00,DG-001,79.57,0.186,356.1,73.3,97.6,77.08,25.22,NORMAL,0
2027-02-11T09:00:00,DG-001,113.36,1.288,394.4,86.0,15.8,105.86,22.46,FAILURE_PRECURSOR,1
2027-02-11T10:00:00,DG-001,80.14,0.291,300.7,59.6,60.7,73.69,27.18,NORMAL,0
2027-02-11T11:00:00,DG-001,80.44,0.233,356.1,69.1,39.2,74.05,27.63,NORMAL,0
2027-02-11T12:00:00,DG-001,84.74,0.313,387.9,77.1,66.1,77.55,26.3,NORMAL,0
2027-02-11T13:00:00,DG-001,83.76,0.21,414.4,81.6,58.2,75.43,26.88,NORMAL,0
2027-02-11T14:00:00,DG-001,84.33,0.297,415.9,82.5,69.2,78.26,25.65,NORMAL,0
2027-02-11T15:00:00,DG-001,110.67,1.238,497.7,103.8,33.7,102.55,22.86,FAILURE_PRECURSOR,1
2027-02-11T16:00:00,DG-001,103.1,0.427,394.0,80.6,32.5,87.24,23.14,WARNING,0
2027-02-11T17:00:00,DG-001,80.53,0.347,342.2,69.0,45.0,75.43,26.63,NORMAL,0
2027-02-11T18:00:00,DG-001,80.12,0.175,284.9,57.0,29.4,75.34,25.64,NORMAL,0
2027-02-11T19:00:00,DG-001,82.05,0.263,418.9,84.6,39.0,77.31,27.67,NORMAL,0
2027-02-11T20:00:00,DG-001,81.55,0.245,327.3,65.3,32.9,73.29,26.5,NORMAL,0
2027-02-11T21:00:00,DG-001,84.99,0.25,425.6,85.0,82.9,76.29,26.17,NORMAL,0
2027-02-11T22:00:00,DG-001,81.46,0.236,299.9,60.2,60.6,74.94,25.83,NORMAL,0
2027-02-11T23:00:00,DG-001,80.9,0.233,383.2,76.5,69.5,75.06,26.5,NORMAL,0
2027-02-12T00:00:00,DG-001,81.24,0.247,385.5,77.8,39.6,77.61,27.62,NORMAL,0
2027-02-12T01:00:00,DG-001,81.68,0.283,313.3,62.9,63.0,75.4,25.95,NORMAL,0
2027-02-12T02:00:00,DG-001,81.08,0.313,325.2,64.9,67.1,74.86,26.92,NORMAL,0
2027-02-12T03:00:00,DG-001,97.23,0.428,430.3,92.8,62.1,90.77,24.44,WARNING,0
2027-02-12T04:00:00,DG-001,83.97,0.188,305.8,62.1,35.6,74.35,25.64,NORMAL,0
2027-02-12T05:00:00,DG-001,80.99,0.283,283.8,57.7,34.7,73.32,27.87,NORMAL,0
2027-02-12T06:00:00,DG-001,101.54,0.527,451.9,89.7,57.8,91.06,25.43,WARNING,0
2027-02-12T07:00:00,DG-001,98.11,0.5,422.1,91.2,63.6,92.13,23.29,WARNING,0
2027-02-12T08:00:00,DG-001,80.24,0.2,261.4,53.6,81.6,74.13,25.76,NORMAL,0
2027-02-12T09:00:00,DG-001,99.25,0.633,397.6,86.6,36.3,90.68,24.89,WARNING,0
2027-02-12T10:00:00,DG-001,82.46,0.202,354.1,70.6,37.2,75.84,26.29,NORMAL,0
2027-02-12T11:00:00,DG-001,80.58,0.239,303.9,59.2,78.5,75.48,25.09,NORMAL,0
2027-02-12T12:00:00,DG-001,97.25,0.632,447.2,92.7,17.0,89.79,25.06,WARNING,0
2027-02-12T13:00:00,DG-001,80.84,0.271,387.5,77.4,88.9,76.64,26.47,NORMAL,0
2027-02-12T14:00:00,DG-001,106.08,1.568,425.5,94.3,22.7,108.88,20.14,FAILURE_PRECURSOR,1
2027-02-12T15:00:00,DG-001,78.3,0.249,253.9,50.3,89.9,74.02,25.1,NORMAL,0
2027-02-12T16:00:00,DG-001,79.53,0.195,265.9,52.0,65.5,74.43,27.12,NORMAL,0
2027-02-12T17:00:00,DG-001,80.4,0.232,327.3,64.9,43.2,76.76,25.23,NORMAL,0
2027-02-12T18:00:00,DG-001,81.22,0.318,371.9,73.8,91.4,74.67,25.55,NORMAL,0
2027-02-12T19:00:00,DG-001,81.66,0.206,350.6,70.8,39.3,74.96,27.85,NORMAL,0
2027-02-12T20:00:00,DG-001,79.1,0.159,365.5,73.0,31.0,75.51,26.04,NORMAL,0
2027-02-12T21:00:00,DG-001,108.37,1.231,396.0,96.1,7.8,105.55,21.93,FAILURE_PRECURSOR,1
2027-02-12T22:00:00,DG-001,109.77,0.88,424.0,96.8,12.0,104.4,22.85,FAILURE_PRECURSOR,1
2027-02-12T23:00:00,DG-001,84.08,0.286,395.1,78.7,55.4,76.06,25.96,NORMAL,0
2027-02-13T00:00:00,DG-001,81.01,0.181,251.0,50.2,45.1,73.19,26.69,NORMAL,0
2027-02-13T01:00:00,DG-001,83.21,0.33,413.0,83.5,24.5,77.47,26.0,NORMAL,0
2027-02-13T02:00:00,DG-001,110.28,0.955,471.9,94.1,6.3,104.77,22.92,FAILURE_PRECURSOR,1
2027-02-13T03:00:00,DG-001,85.91,0.289,412.9,81.1,38.6,75.9,25.87,NORMAL,0
2027-02-13T04:00:00,DG-001,110.23,0.804,449.7,88.9,12.7,106.42,22.93,FAILURE_PRECURSOR,1
2027-02-13T05:00:00,DG-001,82.87,0.29,348.6,69.3,30.9,74.76,25.06,NORMAL,0
2027-02-13T06:00:00,DG-001,82.18,0.222,322.7,65.3,94.0,77.56,26.52,NORMAL,0
2027-02-13T07:00:00,DG-001,80.02,0.215,287.0,55.9,43.7,74.37,27.06,NORMAL,0
2027-02-13T08:00:00,DG-001,107.88,1.254,481.6,106.2,37.6,104.39,21.66,FAILURE_PRECURSOR,1
2027-02-13T09:00:00,DG-001,84.05,0.373,355.9,71.2,94.2,74.67,26.65,NORMAL,0
2027-02-13T10:00:00,DG-001,80.23,0.26,364.9,72.4,91.7,75.02,26.57,NORMAL,0
2027-02-13T11:00:00,DG-001,108.0,0.854,393.9,92.4,23.7,103.25,23.47,FAILURE_PRECURSOR,1
2027-02-13T12:00:00,DG-001,82.35,0.314,341.9,67.6,82.2,76.6,25.1,NORMAL,0
2027-02-13T13:00:00,DG-001,81.82,0.283,351.1,72.4,77.6,75.62,25.32,NORMAL,0
2027-02-13T14:00:00,DG-001,82.46,0.246,331.7,64.9,41.0,75.84,25.18,NORMAL,0
2027-02-13T15:00:00,DG-001,99.03,0.457,441.9,90.9,79.5,88.5,24.66,WARNING,0
2027-02-13T16:00:00,DG-001,109.26,1.044,422.5,86.7,30.0,104.47,23.73,FAILURE_PRECURSOR,1
2027-02-13T17:00:00,DG-001,86.15,0.274,370.0,74.0,71.3,75.95,25.68,NORMAL,0
2027-02-13T18:00:00,DG-001,81.31,0.216,348.3,69.8,23.9,76.59,25.37,NORMAL,0
2027-02-13T19:00:00,DG-001,82.96,0.187,341.3,68.3,84.8,75.88,27.03,NORMAL,0
2027-02-13T20:00:00,DG-001,76.93,0.162,256.1,51.1,58.5,72.08,25.86,NORMAL,0
2027-02-13T21:00:00,DG-001,84.48,0.234,393.4,79.1,51.0,75.83,25.1,NORMAL,0
2027-02-13T22:00:00,DG-001,98.84,0.541,401.8,83.6,69.6,88.28,24.03,WARNING,0
2027-02-13T23:00:00,DG-001,79.9,0.256,345.7,68.4,96.9,73.82,27.47,NORMAL,0
2027-02-14T00:00:00,DG-001,80.12,0.233,267.5,52.6,77.6,72.93,25.43,NORMAL,0
2027-02-14T01:00:00,DG-001,112.45,1.331,479.3,109.6,20.4,104.78,21.61,FAILURE_PRECURSOR,1
2027-02-14T02:00:00,DG-001,100.81,0.475,422.3,91.2,60.8,89.42,23.04,WARNING,0
2027-02-14T03:00:00,DG-001,101.36,0.521,454.0,93.1,59.8,89.79,23.93,WARNING,0
2027-02-14T04:00:00,DG-001,81.16,0.19,274.0,55.1,94.4,73.78,25.06,NORMAL,0
2027-02-14T05:00:00,DG-001,97.96,0.43,405.6,82.2,24.8,88.74,25.92,WARNING,0
2027-02-14T06:00:00,DG-001,82.08,0.209,324.6,65.1,51.6,74.96,27.48,NORMAL,0
2027-02-14T07:00:00,DG-001,81.45,0.238,350.1,71.4,75.2,76.24,27.91,NORMAL,0
2027-02-14T08:00:00,DG-001,99.49,0.401,453.9,94.1,80.9,89.31,24.39,WARNING,0
2027-02-14T09:00:00,DG-001,83.04,0.203,350.5,70.4,62.4,74.56,26.56,NORMAL,0
2027-02-14T10:00:00,DG-001,79.91,0.195,277.2,56.1,48.3,73.15,25.79,NORMAL,0
2027-02-14T11:00:00,DG-001,80.58,0.182,294.3,57.7,31.9,74.1,27.95,NORMAL,0
2027-02-14T12:00:00,DG-001,106.45,1.5,465.5,87.0,45.4,104.01,20.98,FAILURE_PRECURSOR,1
2027-02-14T13:00:00,DG-001,80.8,0.255,366.3,73.6,73.6,76.3,25.88,NORMAL,0
2027-02-14T14:00:00,DG-001,83.81,0.225,420.4,82.7,50.6,77.58,26.3,NORMAL,0
2027-02-14T15:00:00,DG-001,106.78,1.512,472.6,105.4,29.3,103.73,20.73,FAILURE_PRECURSOR,1
2027-02-14T16:00:00,DG-001,81.99,0.167,320.3,64.3,48.2,75.1,25.19,NORMAL,0
2027-02-14T17:00:00,DG-001,78.08,0.192,275.2,56.1,89.4,78.41,25.63,NORMAL,0
2027-02-14T18:00:00,DG-001,92.94,0.62,366.8,75.7,85.1,85.6,25.61,WARNING,0
2027-02-14T19:00:00,DG-001,83.53,0.271,417.2,82.9,46.3,76.46,27.46,NORMAL,0
2027-02-14T20:00:00,DG-001,79.39,0.242,308.9,62.5,73.3,74.89,26.07,NORMAL,0
2027-02-14T21:00:00,DG-001,79.86,0.164,304.9,61.1,34.3,74.7,27.12,NORMAL,0
2027-02-14T22:00:00,DG-001,81.79,0.218,388.7,79.6,64.5,73.91,25.56,NORMAL,0
2027-02-14T23:00:00,DG-001,82.39,0.235,336.9,67.0,97.3,77.51,27.61,NORMAL,0
2027-02-15T00:00:00,DG-001,104.94,1.246,463.8,104.0,32.6,103.75,23.12,FAILURE_PRECURSOR,1
2027-02-15T01:00:00,DG-001,81.25,0.352,412.4,82.2,99.1,77.48,27.44,NORMAL,0
2027-02-15T02:00:00,DG-001,81.17,0.236,280.6,55.8,74.7,74.31,27.42,NORMAL,0
2027-02-15T03:00:00,DG-001,97.05,0.515,415.7,85.9,70.1,90.59,24.55,WARNING,0
2027-02-15T04:00:00,DG-001,81.8,0.324,352.6,70.5,52.7,76.57,25.03,NORMAL,0
2027-02-15T05:00:00,DG-001,84.09,0.119,413.0,82.2,56.7,74.33,25.25,NORMAL,0
2027-02-15T06:00:00,DG-001,82.98,0.208,327.0,63.0,58.6,76.04,25.89,NORMAL,0
2027-02-15T07:00:00,DG-001,80.81,0.251,322.2,65.1,96.3,76.53,25.08,NORMAL,0
2027-02-15T08:00:00,DG-001,82.15,0.222,312.9,61.7,36.4,75.11,26.69,NORMAL,0
2027-02-15T09:00:00,DG-001,79.45,0.197,267.8,53.5,59.0,75.02,26.31,NORMAL,0
2027-02-15T10:00:00,DG-001,82.15,0.223,273.8,53.8,86.1,74.46,25.41,NORMAL,0
2027-02-15T11:00:00,DG-001,80.67,0.253,349.7,71.1,36.4,77.36,25.19,NORMAL,0
2027-02-15T12:00:00,DG-001,81.77,0.258,423.4,84.8,65.7,75.71,25.28,NORMAL,0
2027-02-15T13:00:00,DG-001,82.51,0.236,365.4,72.8,64.4,75.99,25.21,NORMAL,0
2027-02-15T14:00:00,DG-001,84.12,0.262,407.1,81.6,32.4,75.51,25.76,NORMAL,0
2027-02-15T15:00:00,DG-001,80.32,0.243,362.5,73.3,40.3,75.48,25.44,NORMAL,0
2027-02-15T16:00:00,DG-001,80.42,0.146,301.9,59.8,79.3,73.9,25.45,NORMAL,0
2027-02-15T17:00:00,DG-001,81.47,0.387,402.2,80.9,31.9,75.91,27.36,NORMAL,0
2027-02-15T18:00:00,DG-001,78.2,0.211,292.0,57.3,93.9,74.03,25.11,NORMAL,0
2027-02-15T19:00:00,DG-001,81.15,0.181,363.8,70.9,89.3,75.26,27.62,NORMAL,0
2027-02-15T20:00:00,DG-001,80.32,0.188,259.6,53.1,87.7,75.6,26.82,NORMAL,0
2027-02-15T21:00:00,DG-001,97.99,0.576,436.4,92.7,84.2,88.44,23.53,WARNING,0
2027-02-15T22:00:00,DG-001,81.88,0.261,316.9,64.1,87.5,74.73,26.77,NORMAL,0
2027-02-15T23:00:00,DG-001,82.96,0.331,350.1,71.0,29.8,75.59,26.28,NORMAL,0
2027-02-16T00:00:00,DG-001,81.8,0.179,330.2,66.0,87.3,76.98,26.5,NORMAL,0
2027-02-16T01:00:00,DG-001,106.88,0.838,524.6,105.4,17.0,104.55,20.13,FAILURE_PRECURSOR,1
2027-02-16T02:00:00,DG-001,81.21,0.266,315.2,64.4,79.4,76.72,27.19,NORMAL,0
2027-02-16T03:00:00,DG-001,83.8,0.23,355.9,72.9,20.4,75.91,26.0,NORMAL,0
2027-02-16T04:00:00,DG-001,105.12,1.141,389.7,90.6,47.5,110.03,21.63,FAILURE_PRECURSOR,1
2027-02-16T05:00:00,DG-001,106.6,1.56,413.9,92.2,44.1,105.5,21.66,FAILURE_PRECURSOR,1
2027-02-16T06:00:00,DG-001,102.96,0.967,424.8,95.1,19.6,103.86,20.33,FAILURE_PRECURSOR,1
2027-02-16T07:00:00,DG-001,85.35,0.314,417.6,84.4,27.5,78.55,25.77,NORMAL,0
2027-02-16T08:00:00,DG-001,96.91,0.433,438.5,89.3,76.9,91.23,23.51,WARNING,0
2027-02-16T09:00:00,DG-001,82.02,0.17,336.8,67.7,72.4,75.01,25.72,NORMAL,0
2027-02-16T10:00:00,DG-001,79.83,0.21,263.5,52.5,39.1,74.42,27.17,NORMAL,0
2027-02-16T11:00:00,DG-001,109.61,1.209,486.1,108.1,39.1,106.41,23.95,FAILURE_PRECURSOR,1
2027-02-16T12:00:00,DG-001,79.71,0.304,316.3,63.8,68.4,76.42,26.47,NORMAL,0
2027-02-16T13:00:00,DG-001,79.11,0.232,347.9,70.2,55.0,74.7,26.71,NORMAL,0
2027-02-16T14:00:00,DG-001,96.9,0.696,399.6,83.5,80.0,90.63,24.66,WARNING,0
2027-02-16T15:00:00,DG-001,97.03,0.636,399.8,88.2,47.0,89.48,25.62,WARNING,0
2027-02-16T16:00:00,DG-001,80.62,0.138,269.3,54.3,55.3,75.31,25.96,NORMAL,0
2027-02-16T17:00:00,DG-001,81.12,0.228,323.6,62.9,86.6,75.65,25.83,NORMAL,0
2027-02-16T18:00:00,DG-001,81.35,0.276,321.5,65.5,47.2,75.34,26.92,NORMAL,0
2027-02-16T19:00:00,DG-001,83.89,0.349,360.7,73.0,55.6,76.67,27.02,NORMAL,0
2027-02-16T20:00:00,DG-001,80.94,0.211,390.5,78.1,57.5,75.48,25.53,NORMAL,0
2027-02-16T21:00:00,DG-001,78.87,0.207,319.2,65.3,91.0,75.88,26.5,NORMAL,0
2027-02-16T22:00:00,DG-001,110.27,0.918,418.0,99.0,30.4,102.45,22.75,FAILURE_PRECURSOR,1
2027-02-16T23:00:00,DG-001,97.98,0.465,387.0,80.1,28.3,86.81,23.26,WARNING,0
2027-02-17T00:00:00,DG-001,77.77,0.14,259.5,52.6,36.2,74.51,27.7,NORMAL,0
2027-02-17T01:00:00,DG-001,82.74,0.208,310.5,62.4,60.8,75.68,25.17,NORMAL,0
2027-02-17T02:00:00,DG-001,82.75,0.242,315.8,63.5,45.5,74.83,27.64,NORMAL,0
2027-02-17T03:00:00,DG-001,80.74,0.172,386.9,81.1,38.5,75.19,27.14,NORMAL,0
2027-02-17T04:00:00,DG-001,82.52,0.286,365.0,72.1,68.4,75.93,26.99,NORMAL,0
2027-02-17T05:00:00,DG-001,108.27,1.346,363.9,93.7,23.1,106.88,23.15,FAILURE_PRECURSOR,1
2027-02-17T06:00:00,DG-001,77.44,0.279,345.6,69.6,77.9,74.92,25.37,NORMAL,0
2027-02-17T07:00:00,DG-001,81.93,0.263,359.5,72.3,20.0,76.26,25.2,NORMAL,0
2027-02-17T08:00:00,DG-001,82.55,0.32,384.2,77.3,52.5,75.8,25.83,NORMAL,0
2027-02-17T09:00:00,DG-001,82.12,0.271,421.4,84.1,56.0,75.76,25.95,NORMAL,0
2027-02-17T10:00:00,DG-001,80.93,0.247,345.9,70.1,28.2,76.63,25.34,NORMAL,0
2027-02-17T11:00:00,DG-001,80.74,0.241,366.9,72.0,84.8,75.38,26.72,NORMAL,0
2027-02-17T12:00:00,DG-001,81.44,0.252,279.2,54.9,62.1,74.61,26.89,NORMAL,0
2027-02-17T13:00:00,DG-001,79.51,0.25,358.6,71.6,24.4,74.47,27.37,NORMAL,0
2027-02-17T14:00:00,DG-001,82.47,0.268,348.0,69.1,22.4,76.51,25.43,NORMAL,0
2027-02-17T15:00:00,DG-001,100.96,0.416,421.3,89.1,70.6,87.22,23.31,WARNING,0
2027-02-17T16:00:00,DG-001,95.42,0.525,428.7,86.7,40.1,89.01,24.07,WARNING,0
2027-02-17T17:00:00,DG-001,84.09,0.241,376.2,73.9,43.6,74.54,27.0,NORMAL,0
2027-02-17T18:00:00,DG-001,81.52,0.256,385.8,78.9,32.1,73.47,26.11,NORMAL,0
2027-02-17T19:00:00,DG-001,82.2,0.244,278.4,56.8,53.7,75.07,26.86,NORMAL,0
2027-02-17T20:00:00,DG-001,81.91,0.245,345.2,68.3,32.5,73.58,27.21,NORMAL,0
2027-02-17T21:00:00,DG-001,83.84,0.201,347.6,67.7,82.5,76.0,26.79,NORMAL,0
2027-02-17T22:00:00,DG-001,83.2,0.226,366.4,73.7,28.7,74.95,27.67,NORMAL,0
2027-02-17T23:00:00,DG-001,98.84,0.485,394.0,84.5,73.9,90.03,24.71,WARNING,0
2027-02-18T00:00:00,DG-001,111.75,0.922,423.5,98.8,33.2,108.13,22.13,FAILURE_PRECURSOR,1
2027-02-18T01:00:00,DG-001,83.39,0.204,359.7,72.4,47.1,75.34,26.77,NORMAL,0
2027-02-18T02:00:00,DG-001,79.83,0.207,298.8,59.2,92.7,76.26,26.33,NORMAL,0
2027-02-18T03:00:00,DG-001,82.67,0.23,331.1,67.1,83.8,76.15,26.39,NORMAL,0
2027-02-18T04:00:00,DG-001,81.32,0.155,286.0,57.1,82.6,74.16,27.48,NORMAL,0
2027-02-18T05:00:00,DG-001,81.45,0.206,286.3,57.7,54.2,74.19,25.32,NORMAL,0
2027-02-18T06:00:00,DG-001,80.31,0.237,313.9,63.3,50.0,75.95,25.14,NORMAL,0
2027-02-18T07:00:00,DG-001,81.61,0.239,379.0,77.8,46.2,74.26,25.83,NORMAL,0
2027-02-18T08:00:00,DG-001,98.82,0.571,392.9,87.8,34.2,87.74,24.44,WARNING,0
2027-02-18T09:00:00,DG-001,80.72,0.284,360.5,71.5,66.5,76.07,27.81,NORMAL,0
2027-02-18T10:00:00,DG-001,82.49,0.275,422.5,83.4,77.2,76.01,26.24,NORMAL,0
2027-02-18T11:00:00,DG-001,82.42,0.229,334.2,65.9,38.3,75.86,25.64,NORMAL,0
2027-02-18T12:00:00,DG-001,105.11,1.103,365.0,87.5,29.4,104.02,20.16,FAILURE_PRECURSOR,1
2027-02-18T13:00:00,DG-001,77.61,0.216,286.2,58.8,90.8,73.82,25.64,NORMAL,0
2027-02-18T14:00:00,DG-001,81.87,0.258,374.2,74.9,98.3,77.04,25.67,NORMAL,0
2027-02-18T15:00:00,DG-001,94.87,0.645,431.0,87.3,21.6,88.94,23.48,WARNING,0
2027-02-18T16:00:00,DG-001,80.64,0.29,322.4,62.5,88.7,74.07,27.61,NORMAL,0
2027-02-18T17:00:00,DG-001,82.46,0.274,332.8,66.6,70.1,73.45,26.17,NORMAL,0
2027-02-18T18:00:00,DG-001,81.33,0.267,276.4,55.9,73.9,74.84,26.12,NORMAL,0
2027-02-18T19:00:00,DG-001,98.87,0.604,405.6,86.6,67.7,88.77,23.82,WARNING,0
2027-02-18T20:00:00,DG-001,84.61,0.252,332.7,65.9,87.6,73.77,26.79,NORMAL,0
2027-02-18T21:00:00,DG-001,79.57,0.223,305.4,60.3,43.4,75.02,26.59,NORMAL,0
2027-02-18T22:00:00,DG-001,83.93,0.29,397.7,81.6,98.0,77.78,25.4,NORMAL,0
2027-02-18T23:00:00,DG-001,79.84,0.279,301.5,58.8,59.3,75.18,26.67,NORMAL,0
2027-02-19T00:00:00,DG-001,83.24,0.228,345.8,67.1,57.4,74.52,27.32,NORMAL,0
2027-02-19T01:00:00,DG-001,81.74,0.206,400.0,81.3,86.7,77.47,27.16,NORMAL,0
2027-02-19T02:00:00,DG-001,81.02,0.274,278.3,55.3,37.3,74.56,25.19,NORMAL,0
2027-02-19T03:00:00,DG-001,80.51,0.148,291.8,59.2,61.5,75.42,26.29,NORMAL,0
2027-02-19T04:00:00,DG-001,82.26,0.263,328.1,66.7,25.4,75.34,25.07,NORMAL,0
2027-02-19T05:00:00,DG-001,96.67,0.427,443.8,89.1,72.3,89.53,24.36,WARNING,0
2027-02-19T06:00:00,DG-001,83.3,0.28,396.3,79.9,83.7,76.31,26.31,NORMAL,0
2027-02-19T07:00:00,DG-001,79.99,0.199,250.4,50.1,95.8,75.85,26.76,NORMAL,0
2027-02-19T08:00:00,DG-001,98.85,0.608,406.6,82.3,58.7,88.13,24.85,WARNING,0
2027-02-19T09:00:00,DG-001,80.64,0.191,311.5,63.2,20.2,74.61,27.44,NORMAL,0
2027-02-19T10:00:00,DG-001,107.36,1.209,386.4,88.2,45.1,101.52,23.24,FAILURE_PRECURSOR,1
2027-02-19T11:00:00,DG-001,105.91,0.997,472.2,97.9,46.0,105.1,20.12,FAILURE_PRECURSOR,1
2027-02-19T12:00:00,DG-001,82.15,0.21,301.7,60.9,94.8,74.26,27.19,NORMAL,0
2027-02-19T13:00:00,DG-001,80.29,0.204,342.8,68.3,77.0,76.01,26.14,NORMAL,0
2027-02-19T14:00:00,DG-001,82.56,0.165,345.6,70.3,76.8,76.38,25.19,NORMAL,0
2027-02-19T15:00:00,DG-001,80.87,0.251,278.5,57.4,91.3,75.22,27.64,NORMAL,0
2027-02-19T16:00:00,DG-001,80.25,0.164,265.3,53.5,44.8,73.4,25.51,NORMAL,0
2027-02-19T17:00:00,DG-001,111.78,0.824,441.5,103.8,15.8,105.43,22.02,FAILURE_PRECURSOR,1
2027-02-19T18:00:00,DG-001,82.37,0.218,342.7,68.4,39.2,74.34,25.45,NORMAL,0
2027-02-19T19:00:00,DG-001,80.46,0.282,392.9,78.4,55.8,76.98,27.59,NORMAL,0
2027-02-19T20:00:00,DG-001,81.56,0.187,350.2,70.9,47.1,76.01,26.6,NORMAL,0
2027-02-19T21:00:00,DG-001,79.79,0.219,262.1,52.8,49.9,73.93,26.23,NORMAL,0
2027-02-19T22:00:00,DG-001,82.43,0.308,316.8,64.5,37.2,75.28,25.93,NORMAL,0
2027-02-19T23:00:00,DG-001,108.43,1.229,391.3,90.7,21.8,103.62,23.81,FAILURE_PRECURSOR,1
2027-02-20T00:00:00,DG-001,85.66,0.282,398.2,80.2,36.5,77.7,26.89,NORMAL,0
2027-02-20T01:00:00,DG-001,83.23,0.226,423.7,84.5,23.6,76.48,27.15,NORMAL,0
2027-02-20T02:00:00,DG-001,80.62,0.277,414.5,83.9,49.2,76.84,27.87,NORMAL,0
2027-02-20T03:00:00,DG-001,81.57,0.372,320.9,64.0,95.7,74.68,25.3,NORMAL,0
2027-02-20T04:00:00,DG-001,83.5,0.26,397.8,78.5,53.5,76.94,25.73,NORMAL,0
2027-02-20T05:00:00,DG-001,80.43,0.212,276.8,55.1,20.3,73.59,26.36,NORMAL,0
2027-02-20T06:00:00,DG-001,81.46,0.252,289.7,58.8,29.0,75.2,27.81,NORMAL,0
2027-02-20T07:00:00,DG-001,83.86,0.199,292.5,60.0,51.1,74.36,27.65,NORMAL,0
2027-02-20T08:00:00,DG-001,98.91,0.409,368.4,78.6,67.6,87.59,25.93,WARNING,0
2027-02-20T09:00:00,DG-001,110.21,1.378,390.7,86.7,32.6,103.12,22.12,FAILURE_PRECURSOR,1
2027-02-20T10:00:00,DG-001,83.23,0.194,331.7,67.6,72.9,74.05,26.96,NORMAL,0
2027-02-20T11:00:00,DG-001,81.37,0.346,359.1,71.9,22.7,76.1,26.79,NORMAL,0
2027-02-20T12:00:00,DG-001,81.77,0.264,343.4,69.0,95.9,75.71,25.19,NORMAL,0
2027-02-20T13:00:00,DG-001,83.55,0.228,412.2,81.9,23.9,76.61,26.21,NORMAL,0
2027-02-20T14:00:00,DG-001,83.53,0.279,397.1,78.8,81.2,75.2,25.19,NORMAL,0
2027-02-20T15:00:00,DG-001,81.72,0.229,291.4,58.1,92.6,74.52,27.63,NORMAL,0
2027-02-20T16:00:00,DG-001,81.13,0.208,291.4,58.1,59.9,73.09,26.0,NORMAL,0
2027-02-20T17:00:00,DG-001,78.26,0.18,302.7,60.3,38.9,75.99,25.53,NORMAL,0
2027-02-20T18:00:00,DG-001,79.53,0.248,301.0,60.5,57.8,74.18,26.84,NORMAL,0
2027-02-20T19:00:00,DG-001,79.44,0.177,404.9,80.9,31.6,76.18,26.38,NORMAL,0
2027-02-20T20:00:00,DG-001,80.45,0.163,278.5,57.1,54.9,73.21,25.75,NORMAL,0
2027-02-20T21:00:00,DG-001,83.22,0.199,352.8,71.4,68.8,74.3,26.74,NORMAL,0
2027-02-20T22:00:00,DG-001,82.7,0.291,422.1,82.8,21.5,77.27,25.65,NORMAL,0
2027-02-20T23:00:00,DG-001,108.01,0.924,467.3,109.0,15.9,108.08,21.68,FAILURE_PRECURSOR,1
2027-02-21T00:00:00,DG-001,83.01,0.125,348.9,68.1,64.5,75.44,26.04,NORMAL,0
2027-02-21T01:00:00,DG-001,82.85,0.27,409.0,80.8,69.4,76.03,26.77,NORMAL,0
2027-02-21T02:00:00,DG-001,85.81,0.244,417.8,83.6,69.2,77.7,27.73,NORMAL,0
2027-02-21T03:00:00,DG-001,78.29,0.247,266.8,52.8,31.4,73.74,26.44,NORMAL,0
2027-02-21T04:00:00,DG-001,81.98,0.228,421.8,83.8,83.5,76.58,27.96,NORMAL,0
2027-02-21T05:00:00,DG-001,78.73,0.144,253.1,50.9,22.9,73.68,27.16,NORMAL,0
2027-02-21T06:00:00,DG-001,82.08,0.264,379.0,76.3,67.1,76.56,26.71,NORMAL,0
2027-02-21T07:00:00,DG-001,80.27,0.3,298.4,59.9,56.2,75.2,26.44,NORMAL,0
2027-02-21T08:00:00,DG-001,79.79,0.225,271.5,54.3,48.3,74.04,26.01,NORMAL,0
2027-02-21T09:00:00,DG-001,82.67,0.157,386.9,77.3,65.2,77.16,26.14,NORMAL,0
2027-02-21T10:00:00,DG-001,98.62,0.406,408.5,78.8,59.7,88.61,24.72,WARNING,0
2027-02-21T11:00:00,DG-001,83.28,0.241,357.3,72.8,87.7,77.16,26.37,NORMAL,0
2027-02-21T12:00:00,DG-001,77.45,0.136,256.9,51.7,48.4,74.75,25.19,NORMAL,0
2027-02-21T13:00:00,DG-001,81.67,0.38,390.3,79.1,34.4,74.5,27.36,NORMAL,0
2027-02-21T14:00:00,DG-001,82.25,0.295,349.3,69.7,67.1,75.73,25.23,NORMAL,0
2027-02-21T15:00:00,DG-001,100.89,0.612,428.2,87.9,31.0,87.88,24.84,WARNING,0
